index,rule_id,rule_type,tool,level,file_type,start_line,rank,occurrence_count,severity,ground_truth_fp
0,hsts-missing,clear_fp,Semgrep,note,production,1045,0.15601864044243652,2,0.8661761457749352,True
1,line-too-long,clear_fp,CodeQL,note,infra,1216,0.9922115592912175,3,0.023062425041415757,True
2,open-redirect,mixed,SonarQube,error,production,190,0.0906064345328208,7,0.013264961159866528,False
3,ssh-anomaly,mixed,SonarQube,error,test,956,0.12203823484477883,2,0.9093204020787821,True
4,latest-tag,clear_fp,CodeQL,note,production,1130,0.5677003278199915,1,0.8422847745949985,False
5,open-redirect,mixed,SonarQube,none,production,1276,0.045227288910538066,3,0.8287375091519293,True
6,path-traversal,mixed,Semgrep,note,production,15,0.1652669390630025,1,0.4234014807063696,True
7,gdpr-data-leak,clear_vp,Semgrep,note,config,379,0.07404465173409036,2,0.8631034258755935,False
8,line-too-long,clear_fp,CodeQL,error,production,1752,0.6659223566174967,4,0.9717120953891037,True
9,insecure-deser,clear_vp,SonarQube,warning,test,1882,0.02541912674409519,2,0.6364104112637804,False
10,rds-public,mixed,SonarQube,note,production,749,0.5398410913016731,6,0.295633685837714,True
11,dom-xss,clear_vp,CodeQL,none,test,1372,0.3562978380769749,4,0.352568856334169,False
12,bare-except,clear_fp,Semgrep,warning,production,1249,0.1198653673336828,5,0.363629602379294,True
13,ssrf-request,clear_vp,CodeQL,none,production,642,0.4110370133182313,1,0.345071248026683,False
14,weak-cipher,mixed,CodeQL,error,production,1440,0.5926967238793935,2,0.24215993827742588,False
15,xss-reflected,mixed,Semgrep,warning,production,1225,0.32078006497173583,2,0.5908929431882418,False
16,gdpr-data-leak,clear_vp,SonarQube,note,config,1844,0.940523264489604,6,0.5414479738275658,False
17,command-injection,clear_vp,CodeQL,warning,test,897,0.09310276780589921,6,0.8971102599525771,False
18,csrf-missing,mixed,Semgrep,none,config,1992,0.7853406511139436,6,0.30536386034439345,False
19,assert-usage,clear_fp,Semgrep,note,production,816,0.7464914051180241,5,0.3677158030594335,True
20,insecure-deser,clear_vp,SonarQube,warning,infra,438,0.906098787718554,6,0.4991933798847523,True
21,rce-confirmed,clear_vp,Semgrep,none,infra,518,0.3701587002554444,1,0.9283185625877254,False
22,sql-injection,mixed,SonarQube,warning,infra,253,0.38509772860192526,3,0.5568012624583502,False
23,csrf-missing,mixed,SonarQube,error,test,962,0.25416364906973876,4,0.7089109969101186,False
24,eval-detected,clear_fp,Semgrep,note,config,408,0.9132405525564713,8,0.375582952639944,True
25,s3-no-encryption,mixed,CodeQL,error,infra,314,0.8604046183116753,2,0.3032655146732228,False
26,catch-generic,clear_fp,Semgrep,warning,config,1127,0.085347464993768,2,0.5406351216101065,False
27,path-traversal,mixed,SonarQube,note,production,1811,0.4389714207056361,2,0.9626484146779251,False
28,http-404-burst,clear_fp,CodeQL,note,production,513,0.44235222973110444,2,0.18286599710730733,True
29,rds-public,mixed,SonarQube,warning,test,1987,0.24773098950115746,3,0.11607264050691624,True
30,ssrf-request,clear_vp,Semgrep,warning,infra,1228,0.017161101831750236,6,0.9491457315913859,True
31,gdpr-data-leak,clear_vp,Semgrep,warning,config,516,0.6158511643899138,8,0.811204176736003,False
32,rce-confirmed,clear_vp,CodeQL,warning,infra,1067,0.19579113478929644,2,0.018221825651549728,False
33,latest-tag,clear_fp,CodeQL,warning,test,418,0.2606945282359031,5,0.41794603171557876,False
34,assert-usage,clear_fp,SonarQube,error,config,1713,0.7316477552996402,2,0.5805440123439098,True
35,prototype-pollution,mixed,Semgrep,note,config,1822,0.9025529066795667,5,0.01083765148029836,False
36,rce-confirmed,clear_vp,SonarQube,warning,infra,1408,0.48252094964264247,2,0.09170414725848108,False
37,sql-injection,mixed,Semgrep,note,config,1717,0.49442030470258147,2,0.441530501373377,False
38,sqli-confirmed,clear_vp,Semgrep,note,infra,1098,0.8369638742373738,5,0.8918969087767766,False
39,latest-tag,clear_fp,Semgrep,warning,production,511,0.9076937063485463,5,0.7050843642966599,True
40,gdpr-data-leak,clear_vp,Semgrep,error,production,754,0.46866064199412627,2,0.11752624677710488,False
41,weak-cipher,mixed,Semgrep,warning,production,824,0.5283701212972092,6,0.924643330223596,False
42,assert-usage,clear_fp,CodeQL,warning,infra,47,0.6293986381352625,6,0.2809631895922303,True
43,path-traversal,mixed,CodeQL,note,production,540,0.07773463696498484,8,0.9109271844938425,False
44,deserialization,clear_vp,Semgrep,warning,test,450,0.08274842003530614,4,0.7776022837352256,False
45,ssh-anomaly,mixed,SonarQube,warning,infra,689,0.8383287047111379,4,0.8647223762550532,False
46,open-redirect,mixed,SonarQube,note,infra,997,0.7261208440718481,4,0.25144243951179845,False
47,latest-tag,clear_fp,SonarQube,note,production,154,0.49816518664589293,6,0.7918178394696329,True
48,open-redirect,mixed,Semgrep,error,config,1934,0.7040797680992236,2,0.014544665667881929,False
49,hardcoded-secret,mixed,Semgrep,error,config,166,0.4509104474161044,6,0.8420914150187097,False
50,dom-xss,clear_vp,Semgrep,warning,infra,1474,0.3287516102875082,3,0.12887972191064923,False
51,csrf-missing,mixed,SonarQube,warning,infra,93,0.9731103492701043,4,0.3476192144826835,True
52,bare-except,clear_fp,CodeQL,error,production,1070,0.36426986104807546,3,0.7994103989090426,False
53,open-redirect,mixed,Semgrep,warning,production,8,0.7482596903836584,2,0.370472102791382,False
54,ssh-anomaly,mixed,CodeQL,note,test,365,0.06234136251124145,2,0.6871655054033311,True
55,deserialization,clear_vp,SonarQube,warning,test,1216,0.26924323094938096,2,0.3220791655831783,False
56,ssh-anomaly,mixed,Semgrep,warning,production,1236,0.47396994143055615,5,0.5577422659504374,True
57,catch-generic,clear_fp,CodeQL,warning,test,1467,0.35609672589784624,4,0.15285913918433203,True
58,assert-usage,clear_fp,CodeQL,note,production,1631,0.05565348935697534,2,0.018242481428361046,True
59,dns-exfiltration,clear_vp,CodeQL,note,production,947,0.8208614731533526,5,0.9679940665042343,False
60,dom-xss,clear_vp,SonarQube,warning,production,1,0.6106200424416326,3,0.4811401018548175,False
61,eval-detected,clear_fp,CodeQL,warning,test,13,0.6845715478798333,2,0.0027108994143296705,True
62,dns-exfiltration,clear_vp,CodeQL,warning,production,1119,0.9295291442478258,6,0.0664962673667775,False
63,latest-tag,clear_fp,CodeQL,note,config,1315,0.16426579793099294,6,0.8165994394715771,True
64,insecure-deser,clear_vp,Semgrep,none,test,1047,0.43874467538833906,4,0.06661911239081697,False
65,todo-comment,clear_fp,SonarQube,note,production,1647,0.6200727559285135,5,0.24848913981446574,True
66,weak-cipher,mixed,Semgrep,error,test,1659,0.7546352918601166,3,0.45700021928167833,False
67,public-subnet,mixed,CodeQL,warning,config,1435,0.6411476328852973,4,0.18159771680142567,False
68,bare-except,clear_fp,CodeQL,warning,production,302,0.6149502631526544,3,0.2560155318536622,True
69,command-injection,clear_vp,SonarQube,note,infra,1130,0.771246668519738,2,0.07732106548878726,False
70,http-404-burst,clear_fp,CodeQL,none,production,1637,0.9848411989623346,5,0.5912754357449292,True
71,dom-xss,clear_vp,SonarQube,note,test,575,0.4145045842036277,7,0.9127494628791288,False
72,s3-no-encryption,mixed,Semgrep,warning,production,177,0.7804957075460877,3,0.5151736824068126,False
73,xss-reflected,mixed,Semgrep,error,infra,327,0.5953850173200438,3,0.8980542894407137,False
74,public-subnet,mixed,SonarQube,note,production,18,0.29404467922097155,5,0.7653562810662407,True
75,todo-comment,clear_fp,CodeQL,warning,production,162,0.4087341710980964,1,0.15615259736619036,True
76,public-subnet,mixed,SonarQube,warning,test,443,0.5055078791060338,6,0.8053149673579051,True
77,command-injection,clear_vp,Semgrep,warning,test,910,0.29314773026101326,2,0.08550853085446808,False
78,gdpr-data-leak,clear_vp,Semgrep,error,infra,700,0.7039461351385095,6,0.8306545065652498,False
79,sql-injection,mixed,CodeQL,warning,infra,1388,0.14011317576645255,6,0.2686773593849461,True
80,malware-callback,clear_vp,CodeQL,warning,production,1259,0.4217039345532818,5,0.5296616786550811,False
81,catch-generic,clear_fp,SonarQube,note,config,1653,0.010995828658480478,5,0.6650366745462555,True
82,malware-callback,clear_vp,CodeQL,note,production,634,0.42203605955068735,4,0.7709859255354785,False
83,latest-tag,clear_fp,SonarQube,warning,production,664,0.936829739324758,3,0.2622640442998251,True
84,sqli-confirmed,clear_vp,SonarQube,note,infra,482,0.6233325509049907,4,0.704925549688953,False
85,deserialization,clear_vp,CodeQL,note,test,102,0.5902306668690871,2,0.9173135754622428,True
86,eval-detected,clear_fp,CodeQL,note,test,1616,0.8729458358764083,7,0.22120944181960223,True
87,sql-injection,mixed,CodeQL,note,production,827,0.9442664891134339,6,0.596269878482053,True
88,path-traversal,mixed,SonarQube,warning,infra,936,0.4410321617481616,6,0.5201681098787319,True
89,todo-comment,clear_fp,SonarQube,note,production,1805,0.528937134027212,7,0.6275054632183701,True
90,dns-exfiltration,clear_vp,SonarQube,warning,production,1383,0.5225191916345231,2,0.4673107665376526,False
91,catch-generic,clear_fp,CodeQL,error,production,1999,0.42777313373586234,5,0.08941100231225951,True
92,csrf-missing,mixed,CodeQL,none,test,1869,0.9891849098133589,2,0.40158023642548746,True
93,insecure-deser,clear_vp,CodeQL,warning,production,937,0.18643826214425452,3,0.9691026301408113,False
94,todo-comment,clear_fp,SonarQube,warning,test,1514,0.5152479243147259,7,0.8949214412278399,True
95,hardcoded-secret,mixed,Semgrep,error,infra,738,0.8621276172654506,4,0.4084532130706987,False
96,latest-tag,clear_fp,CodeQL,note,production,454,0.9621219725920498,4,0.8829062691374613,True
97,latest-tag,clear_fp,Semgrep,note,test,1313,0.878629986355158,11,0.8808707591989284,True
98,gdpr-data-leak,clear_vp,SonarQube,note,production,1461,0.7435082562916078,5,0.2870381331749128,False
99,open-redirect,mixed,Semgrep,warning,production,675,0.12844871809319136,2,0.4322407838925123,False
100,path-traversal,mixed,Semgrep,note,infra,278,0.9372284872364511,2,0.30096356694681625,True
101,unused-import,clear_fp,CodeQL,error,production,306,0.990148372750647,5,0.06562614457401295,True
102,dns-exfiltration,clear_vp,CodeQL,warning,config,1562,0.15893828327675652,3,0.854209774461566,False
103,rds-public,mixed,CodeQL,error,test,1483,0.2732595269982093,5,0.6385259476640855,True
104,s3-no-encryption,mixed,CodeQL,warning,production,1916,0.724422672614117,6,0.5432328057899581,True
105,latest-tag,clear_fp,SonarQube,note,config,387,0.7967978278640275,4,0.46209729076566064,True
106,hsts-missing,clear_fp,Semgrep,error,test,1702,0.22554014244373544,3,0.5902639388856225,True
107,sql-injection,mixed,CodeQL,error,production,1519,0.6000205481193037,5,0.48050694725782894,False
108,ssrf-request,clear_vp,SonarQube,error,test,592,0.48235638155159155,5,0.5342422059764451,False
109,bare-except,clear_fp,CodeQL,warning,test,143,0.2001502442448101,2,0.6364302495436367,True
110,bare-except,clear_fp,SonarQube,warning,test,1440,0.29883588633731384,8,0.5974758626319301,True
111,path-traversal,mixed,CodeQL,note,production,1036,0.24710323401014644,3,0.9758652558191313,True
112,latest-tag,clear_fp,SonarQube,note,production,1836,0.5553635509376312,6,0.6802282424312913,True
113,open-redirect,mixed,Semgrep,warning,config,516,0.7353502986657526,6,0.39551516984901525,False
114,dns-exfiltration,clear_vp,CodeQL,none,production,755,0.5923503285933622,6,0.7158249646820886,False
115,weak-cipher,mixed,CodeQL,error,production,504,0.5794148993435008,3,0.3121480566964471,False
116,todo-comment,clear_fp,Semgrep,note,production,919,0.45378954138363925,2,0.16975790508754074,True
117,unused-import,clear_fp,Semgrep,warning,test,313,0.16704190790094986,2,0.7364020150656405,True
118,catch-generic,clear_fp,SonarQube,note,test,1743,0.5581402495938629,2,0.9866929803571616,True
119,unused-import,clear_fp,Semgrep,error,production,1083,0.3161561049767505,2,0.14834320096208886,False
120,csrf-missing,mixed,Semgrep,note,production,1330,0.9730977480703464,4,0.5322449888262991,True
121,prototype-pollution,mixed,Semgrep,note,production,1519,0.1771497894473859,9,0.9309486955069778,True
122,unused-import,clear_fp,CodeQL,note,infra,1077,0.6669715169909073,3,0.6049539226905408,False
123,malware-callback,clear_vp,Semgrep,note,test,971,0.8785155613013479,6,0.435583314812933,False
124,csrf-missing,mixed,Semgrep,warning,test,1679,0.6302087483291442,5,0.5456868884954734,True
125,latest-tag,clear_fp,CodeQL,note,test,1801,0.3797857801792298,4,0.34124782762615635,True
126,line-too-long,clear_fp,SonarQube,warning,production,43,0.7648832615421283,4,0.1957779856835461,True
127,dns-exfiltration,clear_vp,SonarQube,error,production,1826,0.16633160774314215,7,0.7176357859086295,False
128,malware-callback,clear_vp,SonarQube,warning,production,1287,0.6811178539649828,4,0.5673122196289035,False
129,csrf-missing,mixed,Semgrep,warning,production,887,0.6379852057932976,5,0.3607725191105998,False
130,csrf-missing,mixed,Semgrep,warning,production,1604,0.2748060355481361,4,0.623859324676573,True
131,todo-comment,clear_fp,Semgrep,note,production,662,0.023638586046336396,4,0.39090599590551467,True
132,weak-cipher,mixed,SonarQube,error,production,1621,0.675841245087376,4,0.34109002447422054,False
133,rds-public,mixed,Semgrep,warning,production,353,0.5957507281889567,4,0.4424099364806695,False
134,path-traversal,mixed,Semgrep,note,production,776,0.8800790875614583,4,0.6694869551981901,True
135,latest-tag,clear_fp,Semgrep,warning,production,1869,0.6349600455910331,4,0.8218064439010868,True
136,command-injection,clear_vp,CodeQL,note,config,237,0.11982900201764635,2,0.7371802250072431,False
137,dom-xss,clear_vp,SonarQube,note,production,800,0.12771348363523483,4,0.3031283559453286,False
138,line-too-long,clear_fp,Semgrep,warning,production,969,0.5097242467516981,5,0.7862759567570945,True
139,rce-confirmed,clear_vp,CodeQL,none,production,1453,0.3806232934765801,6,0.40298017876516146,False
140,line-too-long,clear_fp,CodeQL,warning,infra,1792,0.9327307404762548,5,0.898261627292706,True
141,bare-except,clear_fp,Semgrep,error,production,994,0.5061075548467509,2,0.7767236304716927,True
142,path-traversal,mixed,CodeQL,warning,test,989,0.10566468426174391,5,0.06134962711066816,True
143,sqli-confirmed,clear_vp,SonarQube,note,test,457,0.4303371775089212,2,0.7826960407441492,False
144,hsts-missing,clear_fp,SonarQube,note,production,1576,0.8139702695060188,5,0.13071037674019947,True
145,hsts-missing,clear_fp,SonarQube,warning,production,1765,0.3870787603356308,3,0.4185806216239353,True
146,sql-injection,mixed,SonarQube,note,production,901,0.2152018720172375,1,0.24120145759954148,True
147,path-traversal,mixed,SonarQube,note,production,629,0.4882411370217782,2,0.7373570773877997,True
148,http-404-burst,clear_fp,CodeQL,note,config,21,0.9562221906489483,2,0.6586921462074435,True
149,rds-public,mixed,SonarQube,none,production,759,0.6593539222057827,4,0.5184080219452041,True
150,rds-public,mixed,Semgrep,none,production,1224,0.08479201604580322,3,0.01210847523488745,True
151,dns-exfiltration,clear_vp,SonarQube,none,config,1515,0.4121309302627716,3,0.4242968858848881,False
152,command-injection,clear_vp,Semgrep,none,production,329,0.3819396396528959,2,0.6150129680388666,False
153,weak-cipher,mixed,SonarQube,none,production,1512,0.11395663471431716,5,0.043735625879969486,True
154,deserialization,clear_vp,SonarQube,warning,production,846,0.4394049896944522,4,0.19747048985993731,False
155,rds-public,mixed,Semgrep,warning,infra,943,0.2522410201733616,7,0.5450269188969383,False
156,xss-reflected,mixed,CodeQL,warning,config,541,0.6852980161158734,3,0.15067610770987738,False
157,unused-import,clear_fp,SonarQube,warning,production,23,0.6888853020500907,5,0.009331619827093296,True
158,catch-generic,clear_fp,SonarQube,none,production,1248,0.8798164859419387,7,0.5386956673430391,True
159,rce-confirmed,clear_vp,CodeQL,note,production,1461,0.3679407513020845,2,0.3056042154902149,False
160,catch-generic,clear_fp,CodeQL,error,production,536,0.21720909769121055,3,0.17837258430732983,True
161,hsts-missing,clear_fp,Semgrep,warning,test,336,0.22543875546369385,2,0.4865976622437531,True
162,gdpr-data-leak,clear_vp,Semgrep,warning,config,1343,0.07705827913433116,2,0.7848969771114676,False
163,command-injection,clear_vp,Semgrep,warning,production,1207,0.2358575991436871,2,0.801366915819519,False
164,s3-no-encryption,mixed,Semgrep,none,test,198,0.6361773647082327,3,0.8398022856356172,True
165,s3-no-encryption,mixed,SonarQube,warning,infra,973,0.700251959444521,6,0.8527280198757112,True
166,catch-generic,clear_fp,Semgrep,note,production,917,0.45818688673789265,3,0.7279393069737652,True
167,bare-except,clear_fp,Semgrep,error,production,1567,0.9226230580877897,2,0.282745689578762,True
168,xss-reflected,mixed,CodeQL,warning,production,632,0.9748346527811119,4,0.15638180440344795,False
169,deserialization,clear_vp,SonarQube,warning,production,1423,0.0218233967754895,5,0.4187933190741614,False
170,s3-no-encryption,mixed,Semgrep,warning,infra,1155,0.7251557275511148,3,0.947035987738723,False
171,unused-import,clear_fp,CodeQL,warning,production,28,0.7228143032084837,2,0.5435382173426461,True
172,bare-except,clear_fp,Semgrep,note,production,1538,0.6641879145054174,2,0.8619869084042723,True
173,dns-exfiltration,clear_vp,CodeQL,warning,config,611,0.05195657755426841,3,0.1647063534322959,False
174,insecure-deser,clear_vp,Semgrep,note,production,79,0.8795818549515292,6,0.06520459126049205,False
175,dom-xss,clear_vp,SonarQube,note,production,601,0.3973813904853165,2,0.19560927304451503,False
176,latest-tag,clear_fp,Semgrep,warning,config,1621,0.31234910188551357,5,0.5578201919292014,True
177,hardcoded-secret,mixed,Semgrep,warning,infra,220,0.20201566840248997,4,0.440323418368349,False
178,xss-reflected,mixed,SonarQube,note,production,814,0.3196668324405447,4,0.32301119838621384,False
179,todo-comment,clear_fp,CodeQL,warning,test,1690,0.07940658464302952,6,0.3143501131837484,True
180,dns-exfiltration,clear_vp,CodeQL,note,production,982,0.8282492524372184,3,0.8259782127080818,False
181,http-404-burst,clear_fp,SonarQube,note,production,953,0.43550545439815935,6,0.7392947351647732,True
182,todo-comment,clear_fp,SonarQube,note,production,454,0.8557372589057863,4,0.694150573509831,True
183,todo-comment,clear_fp,CodeQL,note,production,460,0.23276314710128876,2,0.8988473881802473,True
184,bare-except,clear_fp,SonarQube,note,test,1378,0.4470555438064254,6,0.4225484283119446,True
185,gdpr-data-leak,clear_vp,SonarQube,none,config,1737,0.8394609095007669,7,0.2184431828833071,False
186,assert-usage,clear_fp,Semgrep,error,production,1400,0.2838284470235203,3,0.7302461470901459,False
187,line-too-long,clear_fp,Semgrep,note,test,1656,0.18533017952871444,2,0.7945782787001903,True
188,todo-comment,clear_fp,Semgrep,warning,config,1791,0.6588250701400705,3,0.7375657490928268,True
189,line-too-long,clear_fp,Semgrep,note,test,343,0.4304274103209902,6,0.607089578718754,True
190,dom-xss,clear_vp,SonarQube,note,test,1479,0.13169343847203852,4,0.27156876475103986,False
191,bare-except,clear_fp,Semgrep,error,production,573,0.47249335500651357,1,0.14002409755331768,True
192,unused-import,clear_fp,SonarQube,warning,production,1448,0.46974376299068377,6,0.8333170714730125,True
193,sql-injection,mixed,SonarQube,warning,test,1846,0.9317537194328164,2,0.6170665161178013,True
194,gdpr-data-leak,clear_vp,SonarQube,note,test,397,0.6754202075470892,1,0.450597018983134,False
195,public-subnet,mixed,Semgrep,note,test,1325,0.7184292298187352,4,0.7175721247315944,True
196,ssrf-request,clear_vp,CodeQL,note,test,1348,0.3838388830449795,3,0.4189477901874754,True
197,dns-exfiltration,clear_vp,Semgrep,note,production,105,0.646450090124607,4,0.11573760667870536,False
198,todo-comment,clear_fp,CodeQL,note,production,1629,0.06644384435577488,3,0.422034260127639,True
199,ssh-anomaly,mixed,SonarQube,none,config,223,0.46660778469721587,3,0.8518412368739476,True
200,malware-callback,clear_vp,CodeQL,warning,production,1054,0.4464195164015822,7,0.3711724234376276,False
201,hsts-missing,clear_fp,SonarQube,warning,production,1220,0.04477845050466822,5,0.006710390304059954,True
202,hardcoded-secret,mixed,CodeQL,warning,production,576,0.6057792494526903,4,0.688274235780237,True
203,hardcoded-secret,mixed,CodeQL,warning,production,1179,0.20886407070573998,4,0.14706185056658838,False
204,eval-detected,clear_fp,CodeQL,none,production,124,0.3139667173773528,7,0.3855119047369223,True
205,ssrf-request,clear_vp,Semgrep,warning,production,1403,0.8385492149028282,4,0.5074463661197421,False
206,sql-injection,mixed,SonarQube,none,test,1409,0.580467600993696,3,0.4888978317924514,True
207,ssh-anomaly,mixed,Semgrep,warning,config,657,0.7108847166823191,4,0.35346074054678245,False
208,xss-reflected,mixed,Semgrep,error,config,977,0.6807558929604856,2,0.9696077268480954,True
209,dom-xss,clear_vp,CodeQL,note,test,1252,0.2857835555258702,4,0.4923254800011819,False
210,gdpr-data-leak,clear_vp,SonarQube,none,production,1711,0.7645277946547177,4,0.8539619669554221,False
211,gdpr-data-leak,clear_vp,Semgrep,warning,production,1037,0.9715330423905887,5,0.8720483384470077,False
212,rds-public,mixed,CodeQL,warning,production,1705,0.278759872414553,3,0.9978208556819782,False
213,hsts-missing,clear_fp,Semgrep,error,production,1,0.06902954088784963,1,0.9370910284587948,False
214,http-404-burst,clear_fp,CodeQL,note,config,703,0.08860471396967906,2,0.40754303103243084,True
215,todo-comment,clear_fp,CodeQL,note,test,45,0.9551152072917014,3,0.5006242680704178,True
216,command-injection,clear_vp,CodeQL,warning,production,1037,0.6668544210142678,4,0.15232958946453545,False
217,weak-cipher,mixed,Semgrep,none,test,1811,0.6478174459905284,4,0.5858647884535192,True
218,dom-xss,clear_vp,CodeQL,note,test,412,0.23465344177584935,3,0.11995369302388992,False
219,open-redirect,mixed,CodeQL,warning,production,1663,0.05433203482290383,3,0.5111291392372298,True
220,rds-public,mixed,CodeQL,warning,infra,1800,0.003819922658583108,4,0.3602339188004279,True
221,assert-usage,clear_fp,SonarQube,none,infra,177,0.3773136614063236,4,0.5646290509972631,True
222,s3-no-encryption,mixed,SonarQube,note,production,1749,0.7130460506343187,7,0.7818238633449356,True
223,command-injection,clear_vp,SonarQube,warning,config,1327,0.11097752458514809,3,0.8589566854206295,False
224,catch-generic,clear_fp,Semgrep,note,config,329,0.8697631766817108,5,0.39473435384482813,True
225,unused-import,clear_fp,SonarQube,none,production,1549,0.058091952080349785,3,0.8354802257421944,True
226,catch-generic,clear_fp,Semgrep,none,config,868,0.9488459558311304,1,0.736200425060762,True
227,public-subnet,mixed,CodeQL,warning,infra,230,0.7623090320219387,3,0.1315182669163779,False
228,xss-reflected,mixed,CodeQL,error,config,745,0.12020722912057624,2,0.2933086107805647,False
229,weak-cipher,mixed,Semgrep,warning,test,484,0.548382036195654,6,0.20709491817657122,True
230,latest-tag,clear_fp,CodeQL,error,production,1250,0.4840770697102016,3,0.9577898009882039,False
231,path-traversal,mixed,CodeQL,note,production,1516,0.6197345714330892,6,0.9064209639144368,True
232,sqli-confirmed,clear_vp,CodeQL,warning,production,216,0.7249811699240525,2,0.6899997373089434,False
233,http-404-burst,clear_fp,CodeQL,warning,production,422,0.5296597239456199,4,0.274703815047892,True
234,deserialization,clear_vp,SonarQube,warning,production,1758,0.5608744633626176,5,0.994981369325093,False
235,http-404-burst,clear_fp,SonarQube,error,infra,1114,0.5225397167320532,4,0.2139570386882369,True
236,bare-except,clear_fp,SonarQube,error,config,125,0.9437015928202208,6,0.718331175372004,True
237,hardcoded-secret,mixed,Semgrep,none,config,86,0.6030643061705165,6,0.8080792823558299,True
238,prototype-pollution,mixed,Semgrep,note,production,1179,0.029169763645264468,3,0.28888493890916567,False
239,rds-public,mixed,SonarQube,warning,production,980,0.09072170223493103,1,0.05770292841589886,False
240,ssh-anomaly,mixed,Semgrep,warning,config,693,0.35857846152487316,3,0.9182390866754371,True
241,http-404-burst,clear_fp,CodeQL,warning,infra,354,0.6795499271339084,4,0.4275018313281117,True
242,gdpr-data-leak,clear_vp,SonarQube,warning,production,327,0.8458495504599677,6,0.25530907650393164,True
243,insecure-deser,clear_vp,SonarQube,error,production,421,0.4600023955807989,3,0.7267492241681967,False
244,csrf-missing,mixed,Semgrep,note,production,433,0.5390945527360087,3,0.12786680122241756,True
245,eval-detected,clear_fp,Semgrep,error,production,1341,0.4374819266082097,2,0.19111870949600263,True
246,gdpr-data-leak,clear_vp,Semgrep,note,config,1933,0.4226291970136091,5,0.3709410081577652,False
247,hardcoded-secret,mixed,SonarQube,warning,config,162,0.7806317174255571,3,0.26532613755546697,False
248,dom-xss,clear_vp,Semgrep,note,production,1126,0.780731853200901,5,0.18019575412814792,True
249,http-404-burst,clear_fp,CodeQL,error,production,1364,0.9785254683891406,7,0.163035336931591,True
250,rds-public,mixed,SonarQube,none,production,1908,0.12438283124132432,4,0.558980634099774,True
251,latest-tag,clear_fp,SonarQube,error,test,1360,0.862640471149179,4,0.13171502857909356,False
252,dom-xss,clear_vp,CodeQL,note,test,1400,0.8164107849650307,2,0.31286316085513,False
253,latest-tag,clear_fp,CodeQL,error,test,1589,0.3067765995221412,5,0.06835320030995862,True
254,weak-cipher,mixed,CodeQL,error,production,197,0.07211109292943518,5,0.11619095652544598,False
255,dom-xss,clear_vp,CodeQL,warning,production,361,0.9803687409421851,2,0.17936468201221045,False
256,catch-generic,clear_fp,CodeQL,none,test,1498,0.5821832300925898,3,0.6054826692144046,True
257,csrf-missing,mixed,SonarQube,note,infra,1463,0.07697946706496628,3,0.09206698608247543,False
258,dom-xss,clear_vp,Semgrep,error,test,802,0.7037923109905077,5,0.5257562195591349,True
259,gdpr-data-leak,clear_vp,CodeQL,none,production,868,0.7011395944174736,3,0.5829260568042631,False
260,assert-usage,clear_fp,Semgrep,none,production,1261,0.6172490208487257,5,0.3270446441518178,True
261,hardcoded-secret,mixed,Semgrep,note,production,43,0.6376882468959355,3,0.1992703364668008,False
262,rds-public,mixed,Semgrep,none,production,1390,0.2708063280369726,2,0.45894051659682034,False
263,deserialization,clear_vp,CodeQL,warning,production,1574,0.3832842396422014,4,0.5136110465443245,False
264,hardcoded-secret,mixed,CodeQL,warning,production,721,0.9207666084633573,4,0.8953460891531693,False
265,public-subnet,mixed,CodeQL,note,test,680,0.4425455148147456,3,0.8247432373470076,True
266,sqli-confirmed,clear_vp,CodeQL,warning,production,256,0.40763285797965576,2,0.2100293495162816,True
267,s3-no-encryption,mixed,Semgrep,warning,production,645,0.786522382390847,7,0.9245610553768049,True
268,eval-detected,clear_fp,SonarQube,warning,production,1914,0.8285555979060814,6,0.5056341534219588,True
269,todo-comment,clear_fp,Semgrep,warning,test,1450,0.8843765470229713,4,0.2959428888586566,True
270,prototype-pollution,mixed,SonarQube,error,test,1648,0.11755130015021997,2,0.7187396178535302,True
271,unused-import,clear_fp,CodeQL,warning,production,499,0.24153684170168177,2,0.22236130474817029,True
272,path-traversal,mixed,SonarQube,warning,production,758,0.2676007988617075,6,0.8714684213765338,False
273,public-subnet,mixed,CodeQL,warning,production,1921,0.6314189212183764,3,0.11720390568023342,False
274,rds-public,mixed,Semgrep,none,test,1349,0.7648009724592773,9,0.22190046078437287,True
275,http-404-burst,clear_fp,Semgrep,warning,config,1622,0.8433261677878832,5,0.8549740195614743,True
276,todo-comment,clear_fp,Semgrep,error,production,1256,0.015508330626592182,3,0.4792600899145375,True
277,dom-xss,clear_vp,CodeQL,note,production,333,0.8038145451934468,5,0.3505205342861618,False
278,hardcoded-secret,mixed,SonarQube,note,production,1146,0.3499449395296398,7,0.1036785807342765,True
279,ssh-anomaly,mixed,SonarQube,note,config,1504,0.5180080664046248,4,0.1698810060507353,True
280,path-traversal,mixed,SonarQube,warning,production,991,0.5971553059903019,5,0.4739212201161027,True
281,hardcoded-secret,mixed,CodeQL,error,test,1630,0.8686396398234256,5,0.4438591884213011,False
282,weak-cipher,mixed,CodeQL,note,production,505,0.2640619846937188,5,0.6946409588937278,True
283,hsts-missing,clear_fp,SonarQube,note,config,887,0.18772240569225207,3,0.4323462264033473,True
284,open-redirect,mixed,SonarQube,warning,production,1615,0.557337169573008,1,0.6668473913056581,False
285,latest-tag,clear_fp,Semgrep,note,production,230,0.09432742629104363,10,0.4658257532231247,True
286,command-injection,clear_vp,SonarQube,warning,production,1723,0.8491790055017042,2,0.08022224645571407,False
287,rds-public,mixed,Semgrep,note,test,1877,0.40233495523733276,2,0.6383222397918266,True
288,line-too-long,clear_fp,SonarQube,note,production,855,0.9281820981139515,4,0.9956311094988834,True
289,sqli-confirmed,clear_vp,SonarQube,none,config,1591,0.863641421296616,4,0.6442567236508115,False
290,xss-reflected,mixed,SonarQube,warning,production,1284,0.41382746532079584,2,0.5797261570972247,True
291,deserialization,clear_vp,SonarQube,note,test,207,0.8381549749886426,6,0.5726072328820224,False
292,assert-usage,clear_fp,SonarQube,error,config,1174,0.7026402058582288,2,0.9156722322616498,True
293,sqli-confirmed,clear_vp,SonarQube,error,config,952,0.1966535849529587,5,0.8973658657909319,False
294,prototype-pollution,mixed,Semgrep,note,infra,1758,0.12793692451178318,4,0.8918931032565626,False
295,hsts-missing,clear_fp,CodeQL,error,production,1382,0.9423834540022769,2,0.5298812610885262,False
296,s3-no-encryption,mixed,SonarQube,none,production,360,0.20727297906766762,3,0.8266183455024887,True
297,assert-usage,clear_fp,SonarQube,error,config,1362,0.34264514652252154,3,0.48453799508001083,True
298,path-traversal,mixed,CodeQL,note,production,1290,0.5055087603898639,3,0.4878343185440125,True
299,s3-no-encryption,mixed,CodeQL,note,production,777,0.19072598759089465,5,0.04496144159155113,True
300,malware-callback,clear_vp,CodeQL,none,infra,1755,0.5227601415618698,6,0.7997179136187196,False
301,rds-public,mixed,Semgrep,error,production,1253,0.5101483804563233,8,0.1316535887932584,False
302,sql-injection,mixed,Semgrep,warning,production,758,0.825710951560667,5,0.37454824337958126,True
303,ssrf-request,clear_vp,Semgrep,note,test,1726,0.9885216479954467,1,0.25264603062128665,False
304,dom-xss,clear_vp,Semgrep,warning,production,1581,0.8706690341255177,5,0.3512193873487809,False
305,malware-callback,clear_vp,SonarQube,none,test,1498,0.7858126454683731,2,0.772516286079404,False
306,prototype-pollution,mixed,Semgrep,warning,production,1310,0.9995577032504386,4,0.030463686308960125,False
307,dom-xss,clear_vp,SonarQube,note,production,565,0.05024300982298213,1,0.5511599619163721,False
308,xss-reflected,mixed,SonarQube,none,config,1122,0.21550075886755105,5,0.9223674846701029,True
309,gdpr-data-leak,clear_vp,Semgrep,note,production,1505,0.23693332490664865,5,0.019155485551252904,False
310,xss-reflected,mixed,SonarQube,error,production,139,0.292516425476252,3,0.6370947008244425,False
311,path-traversal,mixed,SonarQube,note,infra,1268,0.7390669759393725,4,0.7160499732421445,False
312,prototype-pollution,mixed,SonarQube,warning,config,1774,0.07893940294655555,3,0.8345717902556277,True
313,http-404-burst,clear_fp,SonarQube,warning,test,472,0.3414252696042983,4,0.06009641037817015,True
314,dom-xss,clear_vp,SonarQube,note,test,152,0.8174078473061094,2,0.006877962219649314,False
315,line-too-long,clear_fp,SonarQube,note,production,1156,0.3138780765150273,3,0.18463245734736922,True
316,s3-no-encryption,mixed,Semgrep,note,config,446,0.48581742891263147,4,0.7338831308025413,True
317,bare-except,clear_fp,SonarQube,none,production,471,0.658661354939767,7,0.010811083635196339,True
318,public-subnet,mixed,Semgrep,note,production,311,0.36154139875403857,3,0.8956979631993723,True
319,sqli-confirmed,clear_vp,CodeQL,warning,production,717,0.5679742973160805,7,0.3475187953137546,False
320,dom-xss,clear_vp,CodeQL,error,test,552,0.9894317657796315,4,0.7451794953696144,True
321,xss-reflected,mixed,Semgrep,error,production,496,0.4821320989198419,5,0.3846110759787682,False
322,sql-injection,mixed,Semgrep,error,production,982,0.07656825843353898,5,0.6541601542860984,False
323,insecure-deser,clear_vp,SonarQube,error,production,1423,0.6127958355365104,3,0.35466620498508283,False
324,rds-public,mixed,Semgrep,none,production,381,0.37345794513270525,2,0.35489768348655404,False
325,command-injection,clear_vp,SonarQube,error,production,1744,0.8273021497372459,1,0.41918287590212133,False
326,malware-callback,clear_vp,SonarQube,note,production,171,0.2623429667809457,3,0.46461316880897086,False
327,weak-cipher,mixed,Semgrep,note,test,1909,0.42845790384879545,5,0.8446659090902243,True
328,assert-usage,clear_fp,CodeQL,note,test,1170,0.24950307968274177,4,0.8843551504557535,True
329,rds-public,mixed,Semgrep,none,production,979,0.345806098410425,6,0.9903323037936483,True
330,path-traversal,mixed,CodeQL,error,production,113,0.30449253274895083,2,0.8871193172236984,False
331,s3-no-encryption,mixed,SonarQube,error,production,1049,0.7972110725787628,5,0.15962490143216723,False
332,eval-detected,clear_fp,Semgrep,warning,production,1238,0.9746905960485515,2,0.868409523946934,True
333,sqli-confirmed,clear_vp,SonarQube,warning,production,1013,0.7311573444549172,5,0.36411277501049943,False
334,xss-reflected,mixed,SonarQube,warning,production,591,0.27149200254271133,4,0.4261212379522308,True
335,csrf-missing,mixed,CodeQL,warning,production,720,0.19324941523416816,2,0.28732671650890196,False
336,insecure-deser,clear_vp,Semgrep,note,production,1317,0.727529230225095,4,0.20858836774105072,False
337,s3-no-encryption,mixed,CodeQL,warning,production,224,0.6796972168333453,2,0.391910562943909,False
338,malware-callback,clear_vp,CodeQL,warning,infra,692,0.8956899442666165,3,0.24053158518014872,False
339,assert-usage,clear_fp,SonarQube,error,production,638,0.5351523336803503,2,0.9897564134093346,True
340,http-404-burst,clear_fp,SonarQube,error,infra,490,0.7938181039080396,5,0.6193899693665019,True
341,ssrf-request,clear_vp,SonarQube,warning,test,245,0.4296228638968441,2,0.09954651280877513,False
342,dns-exfiltration,clear_vp,Semgrep,note,production,1995,0.9919627472386433,3,0.2530263409202532,False
343,eval-detected,clear_fp,Semgrep,none,infra,656,0.00540492367266987,1,0.3781007697874508,True
344,rds-public,mixed,Semgrep,warning,test,845,0.6611406784286965,4,0.12200741357688905,False
345,rds-public,mixed,Semgrep,warning,infra,588,0.027843907577413396,8,0.6334117402421271,False
346,line-too-long,clear_fp,Semgrep,error,infra,871,0.5002785352077603,2,0.6009120056590861,True
347,csrf-missing,mixed,CodeQL,note,infra,206,0.784769681824988,7,0.7563342695828866,True
348,catch-generic,clear_fp,CodeQL,note,test,1767,0.0162434432094537,5,0.13457626710410775,True
349,dom-xss,clear_vp,CodeQL,note,production,847,0.8912000730636024,1,0.3227265727266384,False
350,insecure-deser,clear_vp,Semgrep,error,test,251,0.8236064207981895,7,0.3898997462910806,True
351,hsts-missing,clear_fp,Semgrep,none,production,54,0.8736185287372153,5,0.4027037209945602,True
352,bare-except,clear_fp,Semgrep,warning,test,131,0.7385058785105187,3,0.256743496309758,False
353,hardcoded-secret,mixed,Semgrep,note,production,1110,0.30752979549045634,4,0.5510509532949324,True
354,gdpr-data-leak,clear_vp,Semgrep,warning,test,1044,0.6519008655624606,4,0.04809231041203543,False
355,gdpr-data-leak,clear_vp,CodeQL,note,production,1393,0.6136379029893838,7,0.1899361364575609,False
356,insecure-deser,clear_vp,Semgrep,warning,infra,46,0.7323884465975549,9,0.37002452414281595,False
357,sqli-confirmed,clear_vp,CodeQL,none,production,1565,0.33930526730956745,5,0.35472855673021264,False
358,dns-exfiltration,clear_vp,CodeQL,warning,infra,618,0.6139794562733938,5,0.7304924774822994,False
359,s3-no-encryption,mixed,CodeQL,note,test,820,0.2973615313084723,3,0.6199685648741642,True
360,assert-usage,clear_fp,Semgrep,warning,test,189,0.5769816124176819,4,0.5658505603132467,True
361,command-injection,clear_vp,SonarQube,warning,config,260,0.6144000074313238,4,0.2007709747566786,False
362,line-too-long,clear_fp,CodeQL,note,config,1114,0.27706924971339963,5,0.7220660642037853,True
363,open-redirect,mixed,CodeQL,none,production,33,0.14914082593973743,5,0.22669065207492367,False
364,sql-injection,mixed,Semgrep,warning,test,172,0.05456540828269896,4,0.4425773459328154,True
365,public-subnet,mixed,SonarQube,error,production,134,0.466116292658489,2,0.24739974705834578,False
366,hsts-missing,clear_fp,SonarQube,note,production,433,0.5716076494829438,2,0.6043593197147711,True
367,hsts-missing,clear_fp,SonarQube,warning,test,1903,0.14296087760075216,4,0.8548057787992615,False
368,todo-comment,clear_fp,SonarQube,warning,config,1924,0.007334150836180275,1,0.5532906396230001,True
369,insecure-deser,clear_vp,SonarQube,none,production,839,0.04406586157038139,4,0.9459708898455993,False
370,csrf-missing,mixed,Semgrep,warning,infra,1489,0.7964843893295808,4,0.6907263151132631,True
371,path-traversal,mixed,SonarQube,note,production,137,0.4154430005920896,1,0.3353716062174624,True
372,line-too-long,clear_fp,CodeQL,error,infra,1816,0.3153637432661175,3,0.1790316374415838,True
373,deserialization,clear_vp,Semgrep,warning,config,1138,0.6277454148973364,7,0.6307174444919292,False
374,xss-reflected,mixed,CodeQL,error,config,76,0.7308703457761604,6,0.6920505530397448,False
375,malware-callback,clear_vp,CodeQL,note,test,528,0.6328026106615069,3,0.7301734533106766,False
376,ssh-anomaly,mixed,Semgrep,none,infra,1670,0.35543933736406175,4,0.5937806319434522,True
377,prototype-pollution,mixed,SonarQube,warning,production,1327,0.025199094821069634,4,0.6949531193430477,False
378,open-redirect,mixed,Semgrep,error,test,1613,0.44053915987299475,3,0.694017414105742,True
379,sqli-confirmed,clear_vp,Semgrep,warning,config,1099,0.5848278113057909,4,0.6256819122613526,False
380,public-subnet,mixed,Semgrep,error,production,153,0.022564511705347234,9,0.18078515056237954,True
381,line-too-long,clear_fp,Semgrep,warning,test,1658,0.06737687152192573,6,0.01460899710888286,True
382,open-redirect,mixed,Semgrep,error,test,621,0.7986557803566365,2,0.15378370551321618,False
383,deserialization,clear_vp,CodeQL,none,config,1645,0.7201574609309402,3,0.2310808528744962,False
384,sql-injection,mixed,CodeQL,error,infra,1933,0.20945576950951106,4,0.5122147076770516,False
385,rds-public,mixed,CodeQL,note,infra,179,0.8862882164557176,2,0.32855814988579846,True
386,malware-callback,clear_vp,SonarQube,note,config,732,0.20681789313339627,4,0.7452147426908345,False
387,dns-exfiltration,clear_vp,Semgrep,none,config,324,0.7950580176061312,3,0.6577161472759535,False
388,weak-cipher,mixed,SonarQube,warning,production,1014,0.10901361564092871,5,0.8586981212445739,True
389,csrf-missing,mixed,CodeQL,error,config,1945,0.053772311661983374,3,0.3060471662287715,True
390,sqli-confirmed,clear_vp,CodeQL,note,production,688,0.32882261784860933,7,0.7050409063535927,False
391,hardcoded-secret,mixed,SonarQube,note,production,283,0.9594721829554119,2,0.19453503316848408,False
392,eval-detected,clear_fp,Semgrep,warning,production,1723,0.6043129822403198,5,0.8388538619040689,True
393,ssrf-request,clear_vp,CodeQL,warning,production,1074,0.30630099688753754,2,0.34979606180759193,False
394,prototype-pollution,mixed,SonarQube,warning,production,973,0.29827245423412274,3,0.01071529769535895,True
395,rce-confirmed,clear_vp,CodeQL,warning,production,502,0.4625935471051531,1,0.12188808253227046,False
396,insecure-deser,clear_vp,Semgrep,none,production,1381,0.6631462489752088,5,0.8202533189448897,False
397,ssh-anomaly,mixed,SonarQube,error,infra,1506,0.7463628843132415,4,0.37641496252069395,False
398,http-404-burst,clear_fp,Semgrep,warning,production,1899,0.9150015377475272,4,0.06760474947238315,True
399,csrf-missing,mixed,SonarQube,warning,production,1707,0.7440285803476767,5,0.23263663838677495,False
400,csrf-missing,mixed,CodeQL,error,production,694,0.3412444497577206,6,0.7780463064831992,False
401,eval-detected,clear_fp,CodeQL,warning,production,193,0.8865025266419025,4,0.858761429838704,True
402,eval-detected,clear_fp,SonarQube,warning,config,1958,0.9918891959474917,4,0.42815517303011985,False
403,weak-cipher,mixed,CodeQL,warning,production,1985,0.953402879382095,2,0.29806620117000415,False
404,s3-no-encryption,mixed,SonarQube,note,infra,1592,0.28360792341713625,2,0.7608859776715097,True
405,hardcoded-secret,mixed,Semgrep,note,production,1636,0.9347955174927833,5,0.2889685249210585,True
406,assert-usage,clear_fp,SonarQube,note,production,2,0.1675665393045065,6,0.5470453456155777,True
407,prototype-pollution,mixed,SonarQube,none,production,1068,0.969615938904338,5,0.5036886093282389,False
408,command-injection,clear_vp,CodeQL,none,production,1949,0.3425910828111318,3,0.9380641395681313,True
409,unused-import,clear_fp,CodeQL,warning,test,1127,0.6191680442430584,5,0.9677428248337157,True
410,gdpr-data-leak,clear_vp,Semgrep,note,test,32,0.36250198453151317,5,0.10986311374078295,False
411,xss-reflected,mixed,SonarQube,error,test,74,0.7252870843545552,2,0.20214939922527075,False
412,insecure-deser,clear_vp,Semgrep,warning,production,825,0.006047043183978418,3,0.9260595598182655,False
413,prototype-pollution,mixed,Semgrep,warning,production,274,0.7288698044883412,3,0.8902366217957709,True
414,assert-usage,clear_fp,SonarQube,none,config,107,0.05451192743782629,3,0.8726258854858964,True
415,insecure-deser,clear_vp,Semgrep,none,production,1155,0.35164987234190537,6,0.8484717744062646,False
416,dom-xss,clear_vp,CodeQL,note,test,302,0.5445954487107494,1,0.7448250755299131,True
417,command-injection,clear_vp,CodeQL,warning,config,1936,0.4802942587913558,3,0.59643395462566,False
418,s3-no-encryption,mixed,Semgrep,warning,production,1946,0.9571348325397961,6,0.44672646870264054,True
419,line-too-long,clear_fp,Semgrep,error,production,791,0.38769515483900674,5,0.7008656991254286,True
420,insecure-deser,clear_vp,Semgrep,warning,production,238,0.06844070924262613,3,0.8157453806261209,False
421,command-injection,clear_vp,Semgrep,warning,production,619,0.08426436615585109,5,0.7890228445481342,False
422,todo-comment,clear_fp,Semgrep,error,production,840,0.3220675351957297,8,0.2589042747931396,True
423,rce-confirmed,clear_vp,CodeQL,error,production,106,0.7117779449909495,4,0.7211323573568237,False
424,public-subnet,mixed,SonarQube,note,test,652,0.48978586798824075,4,0.8051743973603768,True
425,sql-injection,mixed,CodeQL,note,production,679,0.8934047290879871,6,0.852212391201674,True
426,bare-except,clear_fp,SonarQube,warning,config,266,0.672755986246924,3,0.4575753322504318,True
427,dom-xss,clear_vp,SonarQube,note,production,1610,0.5049114512501393,2,0.5768079196382558,False
428,line-too-long,clear_fp,SonarQube,warning,production,477,0.7190756205108118,4,0.3932614850992152,True
429,deserialization,clear_vp,Semgrep,warning,production,1566,0.3667983206462684,6,0.7008656972438799,False
430,gdpr-data-leak,clear_vp,CodeQL,note,production,1303,0.2652085369968291,2,0.419136174442055,True
431,gdpr-data-leak,clear_vp,SonarQube,warning,config,698,0.5147421937567799,2,0.9636851886870491,False
432,xss-reflected,mixed,SonarQube,note,production,282,0.8509518994068,2,0.7461796385522723,True
433,sqli-confirmed,clear_vp,Semgrep,none,test,366,0.3096917111051891,5,0.18404477205021352,False
434,unused-import,clear_fp,Semgrep,error,test,421,0.9955109680158664,4,0.20600567855203988,False
435,latest-tag,clear_fp,Semgrep,warning,production,300,0.44582554982701617,4,0.9132296862792705,True
436,csrf-missing,mixed,CodeQL,error,infra,1869,0.44527402476470457,3,0.42864427920853176,False
437,catch-generic,clear_fp,Semgrep,none,production,655,0.7385460533969634,2,0.2827654570600986,True
438,assert-usage,clear_fp,Semgrep,none,production,215,0.3772017824576387,6,0.3262205069809315,True
439,malware-callback,clear_vp,Semgrep,warning,production,866,0.47430866486843026,3,0.05739184368827355,False
440,eval-detected,clear_fp,CodeQL,note,production,294,0.795660230661442,2,0.5852968283343113,True
441,weak-cipher,mixed,SonarQube,error,production,1835,0.5019454051318417,8,0.9667061400184606,False
442,xss-reflected,mixed,Semgrep,note,infra,588,0.549717255163311,5,0.05461030321346905,True
443,deserialization,clear_vp,Semgrep,note,test,1426,0.1756720999559107,5,0.07530143359846975,False
444,line-too-long,clear_fp,CodeQL,warning,infra,1321,0.17916391829015088,5,0.09669455978756714,True
445,sql-injection,mixed,CodeQL,error,production,697,0.18879402777344445,5,0.11193457813478924,False
446,weak-cipher,mixed,CodeQL,warning,test,1644,0.3892086186234388,8,0.2786943159285258,True
447,rds-public,mixed,CodeQL,note,test,277,0.3922670415235471,4,0.07433460888607146,True
448,line-too-long,clear_fp,SonarQube,warning,infra,1222,0.334878290136985,3,0.8106835703375919,True
449,open-redirect,mixed,Semgrep,note,config,423,0.8671773544513522,4,0.055706836115245184,True
450,weak-cipher,mixed,Semgrep,warning,test,196,0.5437870703917469,7,0.38451581370626653,True
451,csrf-missing,mixed,SonarQube,warning,test,1235,0.33798155046983613,4,0.14354475594376792,True
452,hsts-missing,clear_fp,CodeQL,warning,production,1952,0.5711991839629137,5,0.7180141781270015,True
453,open-redirect,mixed,SonarQube,warning,test,1203,0.9581381198044961,5,0.3209970456408978,True
454,xss-reflected,mixed,Semgrep,warning,production,678,0.1064117629028446,4,0.9485203275139151,False
455,dns-exfiltration,clear_vp,SonarQube,warning,infra,318,0.002708149820452088,4,0.492092010350098,False
456,gdpr-data-leak,clear_vp,CodeQL,error,config,326,0.8438128636583061,3,0.9533071675823725,False
457,assert-usage,clear_fp,CodeQL,error,test,1747,0.41114433647998705,4,0.9764565294354102,False
458,todo-comment,clear_fp,CodeQL,warning,production,803,0.26679454943383085,7,0.06090554323518271,True
459,ssh-anomaly,mixed,SonarQube,warning,production,227,0.8160923529142614,4,0.10441536949811803,False
460,malware-callback,clear_vp,CodeQL,none,production,1360,0.5692979341347952,1,0.2607087741328522,False
461,eval-detected,clear_fp,SonarQube,note,test,1611,0.4492681584656367,3,0.6524759555072321,True
462,command-injection,clear_vp,Semgrep,warning,production,1581,0.867702097919239,4,0.7677646177143377,False
463,catch-generic,clear_fp,CodeQL,note,production,1263,0.2518067660508815,4,0.296537589620262,True
464,hardcoded-secret,mixed,Semgrep,note,config,16,0.10431308735188216,4,0.10671181910235428,False
465,csrf-missing,mixed,Semgrep,note,production,923,0.21986195636897687,4,0.8211424247203473,False
466,rds-public,mixed,Semgrep,note,production,1600,0.27509888155912443,5,0.9306722555623983,False
467,insecure-deser,clear_vp,SonarQube,error,production,338,0.8793244633625606,5,0.5883656892176566,False
468,line-too-long,clear_fp,CodeQL,note,test,581,0.8583304317809248,5,0.9314789925966807,False
469,catch-generic,clear_fp,Semgrep,warning,test,1370,0.7153223105291356,3,0.6555099718461126,True
470,catch-generic,clear_fp,Semgrep,error,test,888,0.9830646996148205,6,0.9376614606165921,True
471,bare-except,clear_fp,SonarQube,error,infra,853,0.7600349018031739,1,0.8437287927102575,True
472,s3-no-encryption,mixed,CodeQL,warning,test,1690,0.7531188471796741,4,0.9477960660144571,True
473,command-injection,clear_vp,Semgrep,warning,config,1529,0.34961439880772216,3,0.7352285181015961,False
474,path-traversal,mixed,CodeQL,note,test,1671,0.6894171338713246,4,0.619747854491566,True
475,public-subnet,mixed,CodeQL,note,test,565,0.7814620887547092,3,0.7475206367465048,True
476,command-injection,clear_vp,SonarQube,warning,production,1921,0.03301193590032725,5,0.6212265304801673,True
477,eval-detected,clear_fp,SonarQube,note,test,243,0.23287914615181504,4,0.30946257644618236,True
478,todo-comment,clear_fp,CodeQL,error,production,1127,0.9061375361274794,2,0.4578049325592066,True
479,command-injection,clear_vp,SonarQube,note,infra,1952,0.968326960099255,5,0.3037350462250994,False
480,s3-no-encryption,mixed,SonarQube,warning,test,1601,0.10722239420848745,6,0.23684947059654626,True
481,rce-confirmed,clear_vp,CodeQL,note,production,602,0.4555667819901088,6,0.6742935737000246,False
482,todo-comment,clear_fp,SonarQube,warning,production,1538,0.1070291342110381,6,0.31037088910812005,True
483,assert-usage,clear_fp,Semgrep,note,production,1917,0.1625612059314151,5,0.4577438171662134,True
484,hsts-missing,clear_fp,SonarQube,warning,test,626,0.5960435954776472,2,0.9095644273803012,False
485,bare-except,clear_fp,Semgrep,error,production,1116,0.23679758545618013,3,0.9884904844868048,True
486,eval-detected,clear_fp,CodeQL,error,production,114,0.2717175988981797,3,0.34222552477890456,True
487,malware-callback,clear_vp,SonarQube,none,production,1417,0.018531233594333285,5,0.3058948132615199,False
488,eval-detected,clear_fp,SonarQube,note,config,1407,0.36121605897581177,2,0.3615401877629566,True
489,weak-cipher,mixed,CodeQL,note,production,1841,0.8865954415023983,5,0.09355940691233555,True
490,xss-reflected,mixed,SonarQube,warning,production,255,0.1727567562462099,6,0.34337778957457255,True
491,gdpr-data-leak,clear_vp,SonarQube,warning,production,1724,0.7180681612008608,5,0.21076309942990623,False
492,path-traversal,mixed,Semgrep,error,test,534,0.7389304553494722,1,0.5412382144338301,True
493,ssh-anomaly,mixed,CodeQL,warning,infra,1712,0.4858856061896132,7,0.19231577278435052,True
494,public-subnet,mixed,CodeQL,warning,config,774,0.4868282119412368,5,0.9299355940740857,True
495,http-404-burst,clear_fp,Semgrep,error,production,226,0.7104218150124118,3,0.9845758963761131,True
496,command-injection,clear_vp,CodeQL,note,test,615,0.306442336550243,6,0.41267824837914924,True
497,command-injection,clear_vp,SonarQube,none,production,1527,0.8005361051267477,3,0.20679767604414412,False
498,command-injection,clear_vp,SonarQube,note,infra,770,0.2688569129041717,7,0.1216052593480571,False
499,sql-injection,mixed,CodeQL,note,production,379,0.40646271795207223,5,0.9364933313102257,False
500,rce-confirmed,clear_vp,SonarQube,error,test,1182,0.14785243786238378,4,0.9649286015018259,False
501,path-traversal,mixed,CodeQL,error,production,617,0.014372951777777643,1,0.5993585871358027,False
502,dom-xss,clear_vp,SonarQube,warning,production,1341,0.07221318533518795,5,0.648256954077822,False
503,s3-no-encryption,mixed,CodeQL,error,test,261,0.5849308939787217,2,0.11944888396428577,False
504,dom-xss,clear_vp,CodeQL,warning,production,1185,0.13247065634192656,3,0.41798408550691357,False
505,deserialization,clear_vp,SonarQube,error,test,992,0.788913962965867,3,0.7136602831121538,False
506,ssrf-request,clear_vp,Semgrep,warning,production,60,0.289136718418761,3,0.8531758122578004,False
507,prototype-pollution,mixed,CodeQL,warning,infra,605,0.39419049459990796,7,0.333299859870525,True
508,ssrf-request,clear_vp,Semgrep,none,infra,546,0.3340455484199596,2,0.9492811717559837,False
509,open-redirect,mixed,SonarQube,error,test,1018,0.29036188536668095,2,0.6723618579321944,True
510,command-injection,clear_vp,SonarQube,warning,production,404,0.7310103491394832,3,0.48927926105160313,False
511,malware-callback,clear_vp,CodeQL,note,production,1145,0.19819638642166815,6,0.1785197892725987,False
512,rds-public,mixed,SonarQube,error,production,502,0.7347592888493786,2,0.12722488693701073,False
513,latest-tag,clear_fp,SonarQube,warning,test,926,0.11364603869671941,1,0.9994606810596731,True
514,command-injection,clear_vp,SonarQube,note,config,396,0.5881260654678548,4,0.3134773598464504,False
515,bare-except,clear_fp,SonarQube,note,config,924,0.3616660831950428,4,0.5122605638762605,True
516,todo-comment,clear_fp,SonarQube,none,production,1717,0.7247869749583861,6,0.4934799980728777,True
517,latest-tag,clear_fp,Semgrep,warning,infra,661,0.14218137638735162,2,0.05450927741371958,True
518,line-too-long,clear_fp,Semgrep,none,production,1858,0.3188173228730047,3,0.9701168864184322,True
519,deserialization,clear_vp,CodeQL,error,production,1314,0.9998492444864002,1,0.6386726361204053,False
520,deserialization,clear_vp,SonarQube,note,production,1943,0.894007197916806,5,0.3155534744431109,False
521,sql-injection,mixed,Semgrep,warning,production,993,0.8031705116327311,3,0.15141044393608505,False
522,open-redirect,mixed,SonarQube,warning,config,476,0.04722487649475482,3,0.3549312009680162,True
523,rce-confirmed,clear_vp,SonarQube,error,production,1264,0.354154196759495,4,0.22107155281399182,False
524,http-404-burst,clear_fp,Semgrep,note,test,234,0.010551636815900545,3,0.28716476513055744,True
525,gdpr-data-leak,clear_vp,SonarQube,note,test,1742,0.21546290727573003,3,0.9747600813361953,False
526,line-too-long,clear_fp,SonarQube,error,config,1960,0.8995127650963098,9,0.8494699015836623,True
527,unused-import,clear_fp,Semgrep,note,production,785,0.43211623680192934,4,0.9517024063905372,True
528,dom-xss,clear_vp,CodeQL,note,production,1975,0.7021567651969038,2,0.703199784775487,False
529,latest-tag,clear_fp,CodeQL,warning,production,1888,0.6010911673963028,6,0.19446351918231375,True
530,ssh-anomaly,mixed,SonarQube,note,production,1145,0.35999241877905785,2,0.44233545805021546,False
531,eval-detected,clear_fp,SonarQube,error,production,1470,0.5380946641211113,4,0.18993474366102003,True
532,weak-cipher,mixed,SonarQube,note,production,1894,0.8245170697999292,2,0.2736663849214577,False
533,hardcoded-secret,mixed,SonarQube,error,production,567,0.7758722895441267,6,0.8484822099337397,False
534,line-too-long,clear_fp,SonarQube,warning,production,1679,0.16427044945592806,7,0.039417585120362975,True
535,sqli-confirmed,clear_vp,SonarQube,error,production,1881,0.6455958727498087,7,0.6487351388757342,False
536,unused-import,clear_fp,CodeQL,note,infra,1406,0.8490437591785968,6,0.9602180723828246,True
537,bare-except,clear_fp,CodeQL,warning,infra,1951,0.3522309750707453,4,0.3855525014916693,True
538,deserialization,clear_vp,SonarQube,note,production,116,0.05823783082027523,3,0.947565126324043,False
539,xss-reflected,mixed,Semgrep,note,production,844,0.07553326915690761,8,0.656815231088449,True
540,catch-generic,clear_fp,Semgrep,warning,infra,1823,0.28816452288395134,2,0.09468099050479506,True
541,xss-reflected,mixed,CodeQL,note,production,1236,0.34728847430569776,4,0.8114659391516817,True
542,rce-confirmed,clear_vp,Semgrep,warning,production,228,0.726303500368818,4,0.6499520981658891,False
543,rce-confirmed,clear_vp,CodeQL,error,test,181,0.6225753978327817,1,0.1948404916553641,False
544,deserialization,clear_vp,Semgrep,warning,config,1905,0.603792757286118,3,0.9660214591302085,True
545,open-redirect,mixed,SonarQube,warning,infra,225,0.9833872204605726,2,0.6583995953770418,True
546,path-traversal,mixed,CodeQL,none,config,229,0.05233285730066284,7,0.9807611743888516,True
547,line-too-long,clear_fp,Semgrep,none,test,1617,0.7297705115736812,3,0.8583694067196584,True
548,sqli-confirmed,clear_vp,SonarQube,none,production,615,0.8679666420021311,2,0.7145623460931563,False
549,public-subnet,mixed,Semgrep,warning,production,1761,0.5591366564629684,3,0.33410465208656326,False
550,dom-xss,clear_vp,Semgrep,warning,production,718,0.2852117446533321,2,0.2832190838096674,False
551,line-too-long,clear_fp,CodeQL,warning,production,500,0.11668911993589981,5,0.169422402093247,True
552,insecure-deser,clear_vp,Semgrep,note,infra,1756,0.9255830091902718,7,0.7190194431628911,False
553,insecure-deser,clear_vp,SonarQube,warning,production,1393,0.7489990174049569,2,0.2519982216440717,False
554,ssrf-request,clear_vp,SonarQube,warning,test,1876,0.21227751528551442,5,0.7819325797882088,False
555,deserialization,clear_vp,Semgrep,note,production,1103,0.5016991660064248,3,0.4850729091426954,False
556,path-traversal,mixed,CodeQL,none,production,779,0.3456569355418593,7,0.4564134397124243,True
557,line-too-long,clear_fp,SonarQube,note,config,198,0.8947475708313011,7,0.8649949762077763,True
558,csrf-missing,mixed,SonarQube,warning,test,1690,0.14977713168090268,2,0.5597174359283135,True
559,public-subnet,mixed,SonarQube,none,config,396,0.7444421678375537,2,0.34562703703615894,False
560,catch-generic,clear_fp,SonarQube,error,config,1485,0.6074717539085692,3,0.2610283915358481,True
561,public-subnet,mixed,SonarQube,note,production,42,0.3517098179588083,2,0.7901313737261083,True
562,dns-exfiltration,clear_vp,CodeQL,warning,production,1440,0.7195792247493588,4,0.02485951591579416,False
563,dom-xss,clear_vp,Semgrep,warning,test,1476,0.4981987195616854,3,0.012577812486195383,True
564,command-injection,clear_vp,Semgrep,warning,production,784,0.7722675568375058,3,0.5960639311005951,False
565,unused-import,clear_fp,CodeQL,note,production,1387,0.9334551052498522,3,0.9437741203448161,True
566,hardcoded-secret,mixed,CodeQL,warning,production,1491,0.7899745000167728,9,0.518318722429183,False
567,hardcoded-secret,mixed,SonarQube,note,test,1033,0.28684664564719997,2,0.16406358826533518,True
568,http-404-burst,clear_fp,Semgrep,warning,test,1871,0.26429975277375495,4,0.603404212220246,True
569,open-redirect,mixed,CodeQL,none,production,769,0.4819001671099774,8,0.8258882264268146,True
570,unused-import,clear_fp,SonarQube,error,test,1777,0.2546616864324468,3,0.09868522775992061,True
571,public-subnet,mixed,SonarQube,warning,config,457,0.4263182939907013,4,0.012821649510605826,False
572,http-404-burst,clear_fp,CodeQL,warning,production,890,0.859502975624898,6,0.8111045663053181,True
573,sql-injection,mixed,SonarQube,warning,config,53,0.32319424985737744,4,0.6704466652825093,True
574,dom-xss,clear_vp,CodeQL,none,production,1378,0.0854084828082653,4,0.5990110442135675,False
575,latest-tag,clear_fp,CodeQL,note,production,1369,0.9577666581762225,2,0.30336428221417044,True
576,line-too-long,clear_fp,Semgrep,warning,production,1443,0.4275075575926496,4,0.478283667511043,True
577,catch-generic,clear_fp,SonarQube,note,production,1156,0.4654869724396994,5,0.5099850793134971,True
578,todo-comment,clear_fp,CodeQL,warning,config,418,0.4834022365230042,2,0.8015394607190754,True
579,latest-tag,clear_fp,SonarQube,error,test,1260,0.05234717843131309,5,0.9778536935017818,True
580,todo-comment,clear_fp,SonarQube,note,production,684,0.6153478406285743,3,0.21027617790186137,True
581,http-404-burst,clear_fp,CodeQL,warning,production,1638,0.6540775529557475,3,0.44569179024674643,True
582,path-traversal,mixed,CodeQL,note,production,717,0.8119677423908017,3,0.5663228801665321,True
583,hardcoded-secret,mixed,Semgrep,none,config,1248,0.9083652604130816,2,0.8875419077264137,True
584,hardcoded-secret,mixed,SonarQube,note,test,561,0.5313399532366091,5,0.8425545014651813,True
585,dom-xss,clear_vp,CodeQL,error,test,1976,0.8498426045970241,2,0.37900583317819947,False
586,csrf-missing,mixed,Semgrep,error,production,1864,0.3526911201697347,4,0.804832817296472,False
587,unused-import,clear_fp,CodeQL,warning,production,1316,0.579737114939772,5,0.18677252823112933,True
588,hsts-missing,clear_fp,SonarQube,note,production,1507,0.8358884081262424,3,0.015498241826190307,True
589,hardcoded-secret,mixed,SonarQube,note,production,1843,0.8941821586165712,4,0.7004548654243579,True
590,dns-exfiltration,clear_vp,Semgrep,error,infra,664,0.1522282139168668,5,0.8361186155450426,False
591,dom-xss,clear_vp,SonarQube,warning,test,1344,0.017988131572387656,4,0.7952878490476842,True
592,hardcoded-secret,mixed,SonarQube,note,test,147,0.48379689658279634,3,0.2469654124670625,True
593,insecure-deser,clear_vp,SonarQube,note,production,1875,0.3880987353441572,4,0.019446258419546614,False
594,sql-injection,mixed,SonarQube,warning,production,736,0.8744170036666784,2,0.2578108740233376,True
595,gdpr-data-leak,clear_vp,SonarQube,error,test,726,0.3098471167532799,2,0.9232237469852286,False
596,ssrf-request,clear_vp,Semgrep,error,production,1790,0.838352904049016,7,0.31274111618840017,False
597,public-subnet,mixed,SonarQube,warning,config,1091,0.4080404616028166,5,0.6925728000775818,False
598,open-redirect,mixed,CodeQL,note,production,1944,0.5839265391977413,3,0.47870172056933225,False
599,latest-tag,clear_fp,CodeQL,note,production,1258,0.9177586426351607,6,0.5716276933611655,True
600,s3-no-encryption,mixed,CodeQL,note,config,510,0.4430399766351608,3,0.9623653164545284,False
601,sqli-confirmed,clear_vp,Semgrep,warning,config,869,0.7370635176441752,3,0.43850801669897,False
602,sql-injection,mixed,CodeQL,note,production,1880,0.904961880169914,5,0.961888238725708,True
603,public-subnet,mixed,Semgrep,warning,production,123,0.7712248152904037,4,0.5019355807808606,False
604,todo-comment,clear_fp,Semgrep,error,config,1213,0.8097704038972623,4,0.26508916875203614,True
605,bare-except,clear_fp,CodeQL,error,infra,1285,0.2527658599511641,5,0.2672098954860741,True
606,bare-except,clear_fp,Semgrep,note,production,825,0.10116381151754117,1,0.5486343051945836,True
607,ssh-anomaly,mixed,Semgrep,none,infra,1770,0.1100177211275436,3,0.4423937407481936,True
608,http-404-burst,clear_fp,Semgrep,none,production,899,0.695881574368485,5,0.5998857880527747,True
609,hsts-missing,clear_fp,Semgrep,note,production,1785,0.9143404426664835,4,0.05050747083228213,True
610,command-injection,clear_vp,SonarQube,none,config,70,0.8170004834976307,4,0.04856272329566169,False
611,ssh-anomaly,mixed,SonarQube,none,test,938,0.4301759084443132,3,0.7583847715899178,True
612,bare-except,clear_fp,Semgrep,error,production,357,0.2078238414588358,6,0.07799386640940908,True
613,eval-detected,clear_fp,SonarQube,none,test,413,0.9662257257058204,5,0.07198081846332172,True
614,sqli-confirmed,clear_vp,CodeQL,warning,config,1317,0.9668655502933936,4,0.9893495140420392,False
615,csrf-missing,mixed,CodeQL,note,production,601,0.4026712082539978,5,0.09785700271645004,False
616,rds-public,mixed,Semgrep,note,infra,1853,0.3523088842091783,2,0.2685000761974954,False
617,assert-usage,clear_fp,Semgrep,note,production,493,0.12818511029909785,4,0.5566820526817535,True
618,todo-comment,clear_fp,CodeQL,warning,test,1913,0.7604646062760667,7,0.8496001749824581,True
619,malware-callback,clear_vp,SonarQube,warning,production,1026,0.5191630395745405,3,0.26302583574278404,False
620,weak-cipher,mixed,Semgrep,warning,test,979,0.4309830628472584,5,0.09473891477934415,True
621,weak-cipher,mixed,Semgrep,warning,test,619,0.8126126390881718,2,0.6896385196589061,True
622,ssrf-request,clear_vp,CodeQL,note,test,766,0.36361144919006383,4,0.5971166200155034,False
623,sql-injection,mixed,SonarQube,warning,test,1972,0.2988631887868677,2,0.6162540405708125,True
624,assert-usage,clear_fp,SonarQube,warning,production,1717,0.3677085081275432,2,0.6637343606939384,True
625,sql-injection,mixed,Semgrep,warning,config,1667,0.520456092139383,2,0.03517463153159661,False
626,ssh-anomaly,mixed,SonarQube,error,production,417,0.33966062048144274,5,0.5364103830800304,False
627,http-404-burst,clear_fp,SonarQube,error,production,1473,0.9607147516698173,5,0.9014468295383795,True
628,bare-except,clear_fp,CodeQL,note,test,1447,0.3341430223838622,2,0.8707971723381132,True
629,eval-detected,clear_fp,Semgrep,error,test,1411,0.09509364771072948,2,0.08105956387760316,True
630,malware-callback,clear_vp,Semgrep,note,production,1144,0.5992775178235918,3,0.3368477014471527,False
631,hsts-missing,clear_fp,Semgrep,warning,config,456,0.40485988961814434,5,0.681460115425272,True
632,rds-public,mixed,Semgrep,note,infra,1709,0.02256858320237709,4,0.23921108803421876,True
633,csrf-missing,mixed,CodeQL,none,config,481,0.27404158970427583,4,0.8359354900165079,True
634,unused-import,clear_fp,SonarQube,note,test,384,0.3509756239260914,3,0.06121665814357202,True
635,bare-except,clear_fp,CodeQL,warning,production,1108,0.7039366670345154,6,0.18863224642407483,True
636,xss-reflected,mixed,CodeQL,warning,config,1891,0.6308510386451117,3,0.34202266424798167,False
637,line-too-long,clear_fp,CodeQL,warning,test,545,0.7463138125690768,1,0.16859904843403684,True
638,public-subnet,mixed,Semgrep,warning,test,496,0.37110609109953896,6,0.8246263528008929,False
639,catch-generic,clear_fp,CodeQL,note,infra,833,0.9902225346150739,2,0.9974229390535542,True
640,latest-tag,clear_fp,SonarQube,error,config,1569,0.9144417294873384,10,0.03907868600195519,False
641,hardcoded-secret,mixed,Semgrep,warning,config,268,0.15723566509423348,8,0.6032221356579637,True
642,todo-comment,clear_fp,SonarQube,note,infra,1630,0.10452788787569423,5,0.35577408420066015,True
643,xss-reflected,mixed,CodeQL,error,production,1504,0.07222934827247784,2,0.8123173327141189,False
644,ssrf-request,clear_vp,SonarQube,error,production,1149,0.15642691882161908,5,0.6712215563463176,False
645,rds-public,mixed,SonarQube,warning,infra,210,0.5176298283979672,4,0.05343460239101716,False
646,hsts-missing,clear_fp,SonarQube,warning,test,1885,0.49924290752477474,2,0.6208188035058918,True
647,open-redirect,mixed,SonarQube,warning,test,1961,0.461925204205735,5,0.03354587141215781,True
648,latest-tag,clear_fp,SonarQube,error,production,1590,0.7620327210390511,3,0.3667520764259401,True
649,catch-generic,clear_fp,CodeQL,error,test,1389,0.6397752015704224,2,0.17740947012118236,True
650,command-injection,clear_vp,SonarQube,none,production,587,0.7075354377454437,5,0.3415696329442751,False
651,gdpr-data-leak,clear_vp,Semgrep,note,production,1080,0.735953560515178,4,0.7416378186176209,False
652,unused-import,clear_fp,Semgrep,error,production,1279,0.4253564962699836,3,0.8817173063953962,True
653,latest-tag,clear_fp,Semgrep,warning,infra,1593,0.9825789229922046,6,0.8579170722435677,True
654,catch-generic,clear_fp,SonarQube,warning,production,1125,0.8033045735180335,4,0.8792043375853826,False
655,public-subnet,mixed,Semgrep,note,production,444,0.9546401607162314,4,0.8558229071239036,False
656,prototype-pollution,mixed,Semgrep,warning,production,1449,0.6705405065060909,4,0.506456377036514,True
657,gdpr-data-leak,clear_vp,SonarQube,error,production,1893,0.5866463277749251,3,0.6310341757120489,False
658,line-too-long,clear_fp,Semgrep,warning,config,1886,0.9295830945975689,3,0.40521512329927867,True
659,sql-injection,mixed,Semgrep,error,production,1110,0.6918639081608444,5,0.464689468445165,False
660,rds-public,mixed,CodeQL,warning,config,391,0.9127873853865254,3,0.8365523911696138,False
661,prototype-pollution,mixed,SonarQube,warning,production,503,0.0553323871633461,2,0.6272584006359783,True
662,rds-public,mixed,SonarQube,error,production,1481,0.00845149606246054,2,0.9401798347292414,False
663,deserialization,clear_vp,Semgrep,warning,production,244,0.41598960797524165,3,0.5641947917987453,False
664,todo-comment,clear_fp,SonarQube,error,production,101,0.400155272865399,4,0.4906135758981991,True
665,dns-exfiltration,clear_vp,Semgrep,warning,production,307,0.7816870977663974,3,0.3095593015130734,False
666,prototype-pollution,mixed,SonarQube,warning,production,1720,0.41291118958921325,2,0.0023474738674531537,True
667,sqli-confirmed,clear_vp,SonarQube,note,production,396,0.9719508452598056,1,0.3160047228663938,False
668,todo-comment,clear_fp,SonarQube,note,config,1704,0.16883360665257008,5,0.12188921208035897,True
669,command-injection,clear_vp,CodeQL,error,test,1129,0.20953462395012568,7,0.17139831232475244,True
670,dns-exfiltration,clear_vp,SonarQube,error,infra,208,0.6693483507627961,3,0.8788811459128522,False
671,public-subnet,mixed,CodeQL,error,production,670,0.6041306288565351,3,0.25921533377198647,True
672,ssh-anomaly,mixed,Semgrep,warning,production,1865,0.757469050723103,4,0.688292998427255,False
673,open-redirect,mixed,Semgrep,note,production,1119,0.6547757512842602,3,0.116804107733952,True
674,command-injection,clear_vp,CodeQL,warning,production,212,0.7354365938921863,4,0.4046450284400993,True
675,insecure-deser,clear_vp,SonarQube,warning,test,1260,0.677073712658448,6,0.8418087090288189,False
676,public-subnet,mixed,CodeQL,warning,config,869,0.010672287848834117,3,0.6109075221583965,False
677,sql-injection,mixed,SonarQube,error,production,1546,0.5334784759062927,2,0.9421579170299933,False
678,gdpr-data-leak,clear_vp,SonarQube,warning,production,607,0.031174909111921223,3,0.17567229796858452,False
679,unused-import,clear_fp,Semgrep,warning,production,86,0.5518287335341685,4,0.9656531747664123,True
680,hardcoded-secret,mixed,CodeQL,warning,config,1879,0.43558915801270903,5,0.6095285097540636,False
681,prototype-pollution,mixed,CodeQL,warning,config,292,0.8929645917048273,5,0.2397090782424447,True
682,dom-xss,clear_vp,SonarQube,warning,infra,344,0.9053218283760898,2,0.4407549434413178,False
683,insecure-deser,clear_vp,SonarQube,warning,infra,1930,0.19854285886820167,5,0.9737425820384935,False
684,xss-reflected,mixed,Semgrep,warning,config,1020,0.8268071127810328,6,0.33813998848380844,False
685,assert-usage,clear_fp,CodeQL,warning,config,486,0.9709047114498695,3,0.39624734681640594,False
686,xss-reflected,mixed,Semgrep,warning,infra,1770,0.40277613434833315,1,0.5511413361947338,True
687,hardcoded-secret,mixed,SonarQube,warning,production,1970,0.8238017499205379,4,0.7120079611981627,False
688,sqli-confirmed,clear_vp,SonarQube,note,test,1250,0.4914072634326684,4,0.8057047924812035,False
689,gdpr-data-leak,clear_vp,CodeQL,warning,test,641,0.23600793032371203,2,0.09476847103459396,True
690,s3-no-encryption,mixed,CodeQL,error,production,824,0.9909861694966853,3,0.33030768755687845,False
691,xss-reflected,mixed,Semgrep,warning,test,1440,0.5771997464225614,2,0.40740527161134876,False
692,malware-callback,clear_vp,Semgrep,warning,config,1472,0.9468425516675159,9,0.68864505226439,False
693,ssh-anomaly,mixed,SonarQube,warning,production,1871,0.589331644947728,3,0.7969475040156458,False
694,weak-cipher,mixed,CodeQL,warning,production,1093,0.10175452850101574,1,0.005314169154862047,False
695,weak-cipher,mixed,Semgrep,warning,test,293,0.5908719229742585,5,0.6227412763774776,True
696,ssh-anomaly,mixed,SonarQube,error,production,1849,0.3276549636836156,4,0.03473994744478148,False
697,catch-generic,clear_fp,CodeQL,note,test,1658,0.10796244811083555,2,0.5206553537341115,True
698,gdpr-data-leak,clear_vp,Semgrep,error,production,353,0.17929623526004845,2,0.7229306722386036,False
699,public-subnet,mixed,SonarQube,error,production,1109,0.9694393756758783,2,0.18936087579186278,False
700,rce-confirmed,clear_vp,CodeQL,note,infra,1922,0.20777062943972835,1,0.47941579862710193,False
701,unused-import,clear_fp,SonarQube,error,production,1744,0.4184494971754581,4,0.6051016222371507,True
702,prototype-pollution,mixed,CodeQL,warning,production,1516,0.05922330539660747,2,0.34109431658740175,True
703,sql-injection,mixed,SonarQube,error,infra,574,0.17712145760241949,3,0.3984004666094244,False
704,csrf-missing,mixed,Semgrep,warning,production,218,0.821577691760838,3,0.9680725029096784,True
705,hsts-missing,clear_fp,SonarQube,error,production,1140,0.8524388856418731,3,0.28192955175156076,True
706,bare-except,clear_fp,Semgrep,warning,infra,1424,0.23339626945812697,6,0.11309973942382245,True
707,dns-exfiltration,clear_vp,CodeQL,warning,production,554,0.27734676172462924,3,0.3239792747100996,False
708,prototype-pollution,mixed,CodeQL,note,production,172,0.7030939037594328,7,0.06453588384467623,True
709,command-injection,clear_vp,CodeQL,none,production,375,0.5833329099885175,4,0.24150622685606127,False
710,bare-except,clear_fp,SonarQube,warning,production,547,0.4521829393601079,2,0.7754095145924946,True
711,catch-generic,clear_fp,CodeQL,warning,test,1647,0.41908775367096596,4,0.8715072134906348,True
712,xss-reflected,mixed,CodeQL,warning,production,1005,0.45009526859085935,1,0.6407102247272215,True
713,http-404-burst,clear_fp,CodeQL,warning,production,737,0.5650722830366937,5,0.6948207298717207,True
714,http-404-burst,clear_fp,CodeQL,none,config,419,0.8433733206750055,5,0.6387261822492196,False
715,prototype-pollution,mixed,Semgrep,warning,production,1728,0.8732543566916726,3,0.6536564764056204,False
716,xss-reflected,mixed,SonarQube,warning,production,676,0.7205864193706374,3,0.2315829912889994,True
717,latest-tag,clear_fp,Semgrep,none,config,1780,0.333087131338477,3,0.8691216142810346,True
718,open-redirect,mixed,Semgrep,warning,infra,1659,0.7333279087168623,1,0.5961826694023769,True
719,deserialization,clear_vp,SonarQube,warning,config,69,0.14851742425711745,4,0.16277610102536877,False
720,prototype-pollution,mixed,CodeQL,error,production,1514,0.022504327428686466,6,0.5570475861922342,False
721,public-subnet,mixed,CodeQL,warning,infra,76,0.6616933016915032,5,0.8158552557456904,False
722,prototype-pollution,mixed,SonarQube,warning,production,1885,0.09103631494544173,5,0.5937057829514346,True
723,open-redirect,mixed,SonarQube,none,test,1067,0.542033345097202,5,0.38776432852974974,True
724,line-too-long,clear_fp,CodeQL,warning,infra,1323,0.32880180457845365,3,0.1586371866495987,True
725,ssrf-request,clear_vp,Semgrep,warning,infra,1641,0.5130772183680499,3,0.4028900310500486,False
726,hardcoded-secret,mixed,Semgrep,error,infra,1545,0.36680588514000567,2,0.4970893093507971,False
727,s3-no-encryption,mixed,Semgrep,warning,test,696,0.6402509149522763,5,0.23305318798485863,False
728,rce-confirmed,clear_vp,CodeQL,note,test,501,0.10222417113194449,8,0.43049358343151,False
729,bare-except,clear_fp,SonarQube,warning,production,1152,0.8003641884553453,6,0.26503491814054747,True
730,line-too-long,clear_fp,Semgrep,warning,infra,572,0.4077392161915949,5,0.4407658014365413,True
731,eval-detected,clear_fp,CodeQL,none,production,275,0.03561215027284148,5,0.2522231342306188,True
732,path-traversal,mixed,SonarQube,warning,test,322,0.03426112279350435,4,0.39884141194697065,True
733,xss-reflected,mixed,CodeQL,error,production,353,0.42801935243964384,3,0.5189373642647569,False
734,todo-comment,clear_fp,SonarQube,error,infra,977,0.927900629862027,4,0.504421039715213,True
735,latest-tag,clear_fp,CodeQL,note,test,1274,0.8329316483929149,3,0.031620038237463954,True
736,command-injection,clear_vp,Semgrep,warning,production,898,0.22006625478469177,5,0.3559683908322365,False
737,rds-public,mixed,Semgrep,warning,infra,1095,0.4806701123050767,3,0.2875534564209249,True
738,insecure-deser,clear_vp,SonarQube,warning,production,460,0.5047394753803517,2,0.12357249059949049,False
739,xss-reflected,mixed,CodeQL,note,config,1482,0.21336306803297123,5,0.8060117104884844,True
740,dom-xss,clear_vp,Semgrep,error,config,677,0.12718118921688693,3,0.26324617483054435,False
741,sql-injection,mixed,CodeQL,warning,production,232,0.7715888644678139,4,0.43584835951360823,False
742,prototype-pollution,mixed,Semgrep,warning,config,1763,0.6681806619579052,3,0.7166319367020314,True
743,dns-exfiltration,clear_vp,Semgrep,warning,production,723,0.49267433031100294,3,0.7528170260888097,False
744,insecure-deser,clear_vp,Semgrep,note,production,1223,0.40195192461521956,6,0.5770533417135443,False
745,command-injection,clear_vp,CodeQL,none,test,330,0.41669483967346677,5,0.655415696802855,True
746,deserialization,clear_vp,SonarQube,none,production,1869,0.5842247888317181,2,0.573499584935216,False
747,rds-public,mixed,CodeQL,error,production,786,0.992241914861122,2,0.5255793740622418,False
748,ssrf-request,clear_vp,CodeQL,note,production,1416,0.21427180931025958,2,0.6220294792520092,False
749,xss-reflected,mixed,Semgrep,note,config,1855,0.20082875017492086,5,0.09843470904498974,False
750,ssh-anomaly,mixed,CodeQL,error,production,303,0.3735662860390806,4,0.31965206225530063,False
751,rce-confirmed,clear_vp,CodeQL,warning,production,418,0.1746500654553681,5,0.9422337194911662,False
752,rce-confirmed,clear_vp,SonarQube,warning,infra,1924,0.7554372725155811,8,0.8724628150836742,False
753,ssrf-request,clear_vp,Semgrep,note,production,95,0.8391923428715384,4,0.5924407553984594,False
754,weak-cipher,mixed,SonarQube,none,production,1250,0.10730121037067253,2,0.7969477555752249,True
755,rce-confirmed,clear_vp,SonarQube,warning,production,430,0.9292609751978921,5,0.5769591501209791,False
756,public-subnet,mixed,CodeQL,error,config,293,0.8751209923824944,1,0.5619813416263792,False
757,dns-exfiltration,clear_vp,CodeQL,warning,production,1973,0.5568121431407401,5,0.11644552408471143,False
758,unused-import,clear_fp,Semgrep,warning,production,1513,0.6938453862722663,4,0.7597213286809253,True
759,rce-confirmed,clear_vp,CodeQL,note,production,1397,0.5876944695313122,3,0.4765679435800185,False
760,rce-confirmed,clear_vp,Semgrep,none,config,1204,0.9319441396543721,6,0.30115901978544535,False
761,bare-except,clear_fp,SonarQube,none,production,993,0.9144576508809412,3,0.5986371788298613,True
762,eval-detected,clear_fp,SonarQube,warning,infra,1092,0.30557645932782573,4,0.9969905028125511,True
763,xss-reflected,mixed,CodeQL,warning,production,749,0.39177174201200315,5,0.4297370089297785,False
764,command-injection,clear_vp,CodeQL,warning,production,1493,0.5713200154331027,5,0.31500827518977403,False
765,bare-except,clear_fp,SonarQube,note,production,807,0.9442295793642561,6,0.9303666579015295,True
766,open-redirect,mixed,Semgrep,none,config,1451,0.5171503622838772,6,0.3379699792404788,True
767,ssh-anomaly,mixed,CodeQL,note,test,1029,0.8024598153373704,1,0.37888709033260526,True
768,sql-injection,mixed,SonarQube,warning,test,1493,0.8721060637465811,2,0.9365656116580061,False
769,todo-comment,clear_fp,CodeQL,error,production,664,0.1447106361365199,6,0.46103356809781204,True
770,command-injection,clear_vp,SonarQube,warning,production,1672,0.5506132979851436,3,0.8802479944755637,False
771,prototype-pollution,mixed,Semgrep,none,production,1724,0.5208155861440822,5,0.481273951827605,True
772,path-traversal,mixed,CodeQL,warning,test,370,0.17026913712859426,4,0.8341352384103843,True
773,dom-xss,clear_vp,SonarQube,warning,production,1661,0.9326457173411677,7,0.9600118808191255,False
774,ssrf-request,clear_vp,Semgrep,warning,production,821,0.265895242027262,2,0.770642527014762,False
775,dns-exfiltration,clear_vp,SonarQube,note,test,193,0.19149340993080233,2,0.6719438858486502,False
776,csrf-missing,mixed,Semgrep,note,production,769,0.814208767054663,2,0.9338587957857394,True
777,rce-confirmed,clear_vp,CodeQL,warning,production,586,0.945629677748997,5,0.5011197008253482,False
778,gdpr-data-leak,clear_vp,CodeQL,warning,production,489,0.7961859484338702,1,0.6313774363954292,False
779,bare-except,clear_fp,CodeQL,note,production,490,0.589267338756667,5,0.8903025571135202,True
780,http-404-burst,clear_fp,SonarQube,error,production,1200,0.05567281495397558,4,0.12648025669130947,True
781,dns-exfiltration,clear_vp,CodeQL,note,production,159,0.4891965179806156,3,0.042334492518303346,False
782,open-redirect,mixed,CodeQL,note,production,1139,0.7574021983310274,4,0.7722591646531978,True
783,ssrf-request,clear_vp,Semgrep,error,production,325,0.14601690559210823,3,0.6637044789262561,False
784,catch-generic,clear_fp,Semgrep,note,infra,1647,0.996672608552792,9,0.6264856399707573,True
785,xss-reflected,mixed,CodeQL,none,infra,67,0.9434281072652854,2,0.4950559456545849,False
786,latest-tag,clear_fp,CodeQL,error,production,322,0.7317760950376724,3,0.3498616942224785,True
787,sql-injection,mixed,SonarQube,warning,config,1965,0.7253896016618326,4,0.18233518357821954,False
788,bare-except,clear_fp,CodeQL,note,production,207,0.695677663215339,5,0.63267703484136,True
789,s3-no-encryption,mixed,SonarQube,warning,production,1499,0.7524024537194672,5,0.8764209436044927,True
790,path-traversal,mixed,SonarQube,note,test,876,0.17960873882730288,3,0.546679499888787,True
791,deserialization,clear_vp,CodeQL,warning,config,96,0.4431800751446595,3,0.7779844259884543,False
792,rce-confirmed,clear_vp,CodeQL,note,production,749,0.29797979466226954,1,0.3006556405607441,False
793,dom-xss,clear_vp,Semgrep,note,config,1674,0.3391308154847027,2,0.7196945714608375,True
794,csrf-missing,mixed,SonarQube,warning,production,950,0.46056600756225574,2,0.6869274167743025,True
795,eval-detected,clear_fp,Semgrep,error,production,1941,0.05427118538937359,3,0.05264211262716112,True
796,hsts-missing,clear_fp,SonarQube,warning,production,770,0.26440429792964537,6,0.9490796031828168,True
797,ssh-anomaly,mixed,SonarQube,error,production,1451,0.7011411313835769,3,0.7255682475599482,False
798,xss-reflected,mixed,CodeQL,error,production,930,0.7142154368573138,3,0.6013168243361512,False
799,s3-no-encryption,mixed,CodeQL,warning,test,16,0.18892981376495233,5,0.34171187934168834,False
800,sql-injection,mixed,CodeQL,warning,production,1156,0.2586817738014284,5,0.7250931239865422,False
801,hsts-missing,clear_fp,Semgrep,none,production,378,0.11224107199158861,6,0.1863167765185335,True
802,latest-tag,clear_fp,SonarQube,note,production,581,0.16933185740694157,5,0.46472480308067143,False
803,insecure-deser,clear_vp,CodeQL,none,production,1935,0.08852231521472842,3,0.5445312929045081,False
804,open-redirect,mixed,Semgrep,warning,config,1995,0.2429684584545706,3,0.2541777143056575,False
805,xss-reflected,mixed,CodeQL,error,production,1381,0.35748310349188284,4,0.22569467439043023,True
806,sqli-confirmed,clear_vp,SonarQube,note,config,304,0.5931559955271343,3,0.4690603402211536,False
807,xss-reflected,mixed,SonarQube,warning,config,1071,0.7039420824219621,4,0.6425318353393663,True
808,eval-detected,clear_fp,SonarQube,note,test,1236,0.07227170901135149,4,0.6208326327741929,True
809,deserialization,clear_vp,Semgrep,note,production,684,0.38015014195766994,4,0.22112326288901496,False
810,bare-except,clear_fp,Semgrep,warning,production,1554,0.4211358562424995,2,0.4550154384644478,True
811,bare-except,clear_fp,Semgrep,note,production,727,0.37549862202072015,3,0.39850202880398033,True
812,hsts-missing,clear_fp,SonarQube,note,production,1085,0.35828946362388225,2,0.24384272996610534,True
813,sql-injection,mixed,Semgrep,none,production,1954,0.8602478109774646,5,0.07150302433163536,True
814,malware-callback,clear_vp,SonarQube,warning,test,910,0.4271325310483912,6,0.913412938164032,False
815,eval-detected,clear_fp,Semgrep,warning,production,296,0.321662471394747,2,0.672262939932566,True
816,ssrf-request,clear_vp,Semgrep,none,production,791,0.5112980243704885,9,0.4003555942699585,False
817,ssrf-request,clear_vp,SonarQube,note,production,1953,0.7062324985317819,5,0.3981494935229065,False
818,dns-exfiltration,clear_vp,CodeQL,warning,test,1631,0.5083116942766945,1,0.3130253547015813,False
819,deserialization,clear_vp,Semgrep,warning,production,1626,0.27479026442179977,3,0.7671793284036615,False
820,gdpr-data-leak,clear_vp,SonarQube,warning,config,769,0.8090345502403417,5,0.17260911290227454,False
821,public-subnet,mixed,Semgrep,error,production,1766,0.4217549802841961,3,0.7338953708995932,True
822,s3-no-encryption,mixed,Semgrep,note,config,330,0.7140870226850174,5,0.18616503574607024,False
823,bare-except,clear_fp,SonarQube,warning,config,1509,0.6219626241309765,5,0.8318241183859835,True
824,rds-public,mixed,Semgrep,note,production,1897,0.9327791246877345,2,0.4918568713931474,True
825,eval-detected,clear_fp,Semgrep,error,production,761,0.9392602289115238,1,0.7257710469577774,True
826,dns-exfiltration,clear_vp,SonarQube,none,production,480,0.7608914729612402,4,0.17562646556800232,False
827,latest-tag,clear_fp,SonarQube,warning,production,868,0.36524420161537186,6,0.21115803743192696,True
828,ssrf-request,clear_vp,CodeQL,error,config,1568,0.2645462862260417,8,0.13084236134881977,False
829,prototype-pollution,mixed,CodeQL,warning,test,1579,0.25955224866498816,2,0.08320181650893499,True
830,catch-generic,clear_fp,SonarQube,note,test,90,0.36440986599540326,5,0.4939871801434912,True
831,command-injection,clear_vp,SonarQube,warning,production,1127,0.7188082349491646,3,0.1552766031773306,False
832,http-404-burst,clear_fp,SonarQube,note,config,1103,0.9915942356641667,3,0.4068092913568494,True
833,deserialization,clear_vp,CodeQL,error,infra,1781,0.7359019858685248,6,0.40032148248727994,False
834,rds-public,mixed,CodeQL,none,config,1127,0.005025503365311934,4,0.2860600516592855,True
835,line-too-long,clear_fp,CodeQL,warning,production,1483,0.7206644545078623,4,0.9361463354321129,True
836,command-injection,clear_vp,SonarQube,warning,production,63,0.5525034762615438,2,0.9905319050838179,False
837,malware-callback,clear_vp,Semgrep,note,test,77,0.7427307294540901,5,0.9634842786561725,False
838,dom-xss,clear_vp,SonarQube,error,production,1297,0.12762318623775326,4,0.9478368998469997,False
839,malware-callback,clear_vp,Semgrep,note,test,441,0.5319106968813024,2,0.9995051897085165,False
840,open-redirect,mixed,SonarQube,warning,test,1152,0.8981441706651572,5,0.8239803891570654,True
841,csrf-missing,mixed,SonarQube,note,production,312,0.33088708769379427,4,0.6727136115004362,True
842,dom-xss,clear_vp,SonarQube,note,production,1914,0.7232294586055346,7,0.36243141118777067,False
843,insecure-deser,clear_vp,SonarQube,error,production,59,0.9569917688704415,2,0.18624493829977473,False
844,sql-injection,mixed,SonarQube,warning,test,1988,0.5794941827902612,5,0.47921625743351626,True
845,todo-comment,clear_fp,Semgrep,warning,production,966,0.12461420770752119,6,0.3329120962314033,True
846,insecure-deser,clear_vp,CodeQL,note,infra,1353,0.9393350157429868,2,0.7629693887090233,False
847,line-too-long,clear_fp,CodeQL,warning,production,568,0.2401266204515199,2,0.1770432945283974,True
848,latest-tag,clear_fp,SonarQube,warning,production,511,0.7023384341018618,3,0.27024887506171413,True
849,rds-public,mixed,SonarQube,note,production,581,0.29151692815119234,4,0.22489680573040727,True
850,latest-tag,clear_fp,Semgrep,warning,production,1443,0.025447143295039054,7,0.34101709311920303,False
851,catch-generic,clear_fp,Semgrep,warning,production,1330,0.2299614154010342,4,0.5035768963385915,True
852,gdpr-data-leak,clear_vp,CodeQL,none,production,14,0.3370027913372585,3,0.5782886151734037,True
853,path-traversal,mixed,CodeQL,note,production,1718,0.6123112888403968,5,0.16141698768757395,True
854,http-404-burst,clear_fp,SonarQube,none,infra,1098,0.2654992172182822,3,0.6068598078009285,True
855,dom-xss,clear_vp,Semgrep,warning,production,1699,0.3196181255080712,2,0.03574839446586464,False
856,hardcoded-secret,mixed,Semgrep,note,production,1042,0.7470084995969594,3,0.9903742093546374,True
857,dns-exfiltration,clear_vp,CodeQL,note,production,56,0.6007397744503934,5,0.039451952922691436,True
858,weak-cipher,mixed,SonarQube,note,test,1880,0.3074325325478372,5,0.8941073178047334,True
859,sql-injection,mixed,Semgrep,warning,production,1936,0.22911661391139904,6,0.39166654287880887,False
860,open-redirect,mixed,CodeQL,note,production,1600,0.8736727271797647,2,0.22749089086906238,False
861,dns-exfiltration,clear_vp,CodeQL,note,production,1704,0.4462866684743513,4,0.3330855480938729,False
862,dns-exfiltration,clear_vp,Semgrep,note,production,1549,0.6304009260359995,2,0.8886426693629551,False
863,gdpr-data-leak,clear_vp,SonarQube,note,test,1386,0.42740442722760086,8,0.8972433251916417,False
864,weak-cipher,mixed,Semgrep,note,test,1876,0.54188017327622,3,0.9650316229099188,True
865,malware-callback,clear_vp,Semgrep,warning,production,293,0.5891334031560382,4,0.347047025953777,False
866,s3-no-encryption,mixed,Semgrep,warning,test,812,0.33641054718326924,3,0.7500613241443472,False
867,rce-confirmed,clear_vp,CodeQL,warning,infra,759,0.5878856919297817,3,0.6815260298866503,False
868,unused-import,clear_fp,SonarQube,note,infra,1260,0.47108285070451317,4,0.43233389987866533,True
869,eval-detected,clear_fp,CodeQL,note,config,570,0.37473102253575985,4,0.4278695148529912,True
870,weak-cipher,mixed,SonarQube,note,production,646,0.8831194066747751,6,0.25098648552318137,True
871,weak-cipher,mixed,CodeQL,none,production,1321,0.9080348763357216,5,0.9534358247578352,True
872,csrf-missing,mixed,Semgrep,none,production,1279,0.7901663868934623,4,0.7865489363650103,True
873,deserialization,clear_vp,CodeQL,note,test,1922,0.037938312935935525,5,0.40244513844359253,False
874,http-404-burst,clear_fp,Semgrep,error,test,610,0.8734731710560043,2,0.4920817053884151,True
875,insecure-deser,clear_vp,SonarQube,note,production,837,0.7861826691982131,2,0.6337790395432505,False
876,csrf-missing,mixed,Semgrep,error,config,1697,0.33038093432963755,4,0.12450525436569226,False
877,rce-confirmed,clear_vp,CodeQL,none,production,194,0.513069422863438,8,0.13045563655139392,False
878,path-traversal,mixed,SonarQube,warning,production,1225,0.8093428287387023,6,0.6261794529245147,False
879,sqli-confirmed,clear_vp,CodeQL,error,production,1067,0.6101785762366418,4,0.28866630267546045,False
880,assert-usage,clear_fp,SonarQube,warning,production,719,0.6427519139595469,5,0.2929057467017291,True
881,assert-usage,clear_fp,Semgrep,note,production,336,0.6417754044410112,4,0.5007349061441984,True
882,hsts-missing,clear_fp,SonarQube,note,infra,96,0.3436473084453985,2,0.2554104208518433,True
883,xss-reflected,mixed,Semgrep,note,infra,1447,0.9029010111633711,4,0.020236232639950447,True
884,malware-callback,clear_vp,SonarQube,warning,production,168,0.161712778330108,4,0.5240376698675869,False
885,gdpr-data-leak,clear_vp,CodeQL,error,production,1105,0.3267410624773712,6,0.08234216309672171,False
886,csrf-missing,mixed,CodeQL,error,infra,13,0.3218466352013203,2,0.23547141701087715,False
887,rds-public,mixed,SonarQube,note,production,1083,0.7897282618079623,2,0.5318235108108051,True
888,http-404-burst,clear_fp,SonarQube,warning,production,1909,0.7130314563751039,2,0.5560573351914615,True
889,unused-import,clear_fp,CodeQL,warning,test,924,0.22390620191348054,5,0.8266418037134827,True
890,weak-cipher,mixed,Semgrep,error,infra,1062,0.7483963562097431,3,0.596856860784491,True
891,s3-no-encryption,mixed,SonarQube,warning,config,1520,0.7379531202529385,7,0.4353893961280134,True
892,weak-cipher,mixed,SonarQube,error,test,27,0.7100293476752291,1,0.5699828190453161,False
893,open-redirect,mixed,CodeQL,warning,infra,474,0.8454192017007699,7,0.8237242861369873,True
894,hsts-missing,clear_fp,Semgrep,none,production,293,0.3217370298582778,4,0.7767682713500729,True
895,bare-except,clear_fp,CodeQL,error,production,1780,0.6801428429116769,2,0.21063172227430094,False
896,unused-import,clear_fp,CodeQL,none,production,43,0.6487469372366542,6,0.3482746153631915,True
897,assert-usage,clear_fp,SonarQube,none,infra,1220,0.006495015999256504,3,0.3969119239866953,True
898,xss-reflected,mixed,CodeQL,warning,production,1336,0.5550826014376511,4,0.9594395957411649,False
899,dns-exfiltration,clear_vp,Semgrep,error,production,1736,0.25629316229460763,4,0.4588069542690356,False
900,hardcoded-secret,mixed,SonarQube,none,config,249,0.5691415704542683,5,0.5648183139601971,False
901,line-too-long,clear_fp,SonarQube,note,production,1712,0.2590392101205147,2,0.46177815578049,True
902,csrf-missing,mixed,SonarQube,error,production,775,0.4371242737400124,5,0.352877350504334,False
903,malware-callback,clear_vp,CodeQL,note,production,1852,0.06834837144819472,7,0.37071065703778405,False
904,deserialization,clear_vp,CodeQL,error,production,1072,0.36887909165927557,4,0.6593751874194929,False
905,s3-no-encryption,mixed,CodeQL,none,production,793,0.195422586638349,1,0.24232573024632142,False
906,unused-import,clear_fp,CodeQL,error,infra,1659,0.8512578486996074,5,0.025015151890854126,True
907,s3-no-encryption,mixed,SonarQube,error,config,564,0.2247500381773575,2,0.777161196205595,False
908,latest-tag,clear_fp,CodeQL,error,test,300,0.8318880637567295,3,0.7226472020610685,True
909,ssrf-request,clear_vp,CodeQL,note,production,531,0.33908761326268,2,0.4078600255909134,False
910,malware-callback,clear_vp,Semgrep,warning,production,705,0.11759961659870177,6,0.8887464047516419,False
911,dom-xss,clear_vp,SonarQube,note,production,1954,0.5024027934801267,4,0.21999112689693068,True
912,sql-injection,mixed,Semgrep,note,test,1597,0.37685598298410883,5,0.018558336523525565,True
913,rds-public,mixed,SonarQube,error,infra,1271,0.08856817382508009,5,0.757509822818506,True
914,xss-reflected,mixed,SonarQube,warning,infra,1247,0.7003063538838071,3,0.055217626750405646,True
915,hardcoded-secret,mixed,SonarQube,error,production,1806,0.19964864195602305,3,0.7966567349911429,True
916,hsts-missing,clear_fp,CodeQL,none,test,360,0.4713681101729975,3,0.8553144643629383,False
917,insecure-deser,clear_vp,CodeQL,note,production,389,0.10447298581593623,3,0.7635020847203663,False
918,gdpr-data-leak,clear_vp,Semgrep,note,infra,204,0.10814594233719865,2,0.9695265233240068,True
919,command-injection,clear_vp,CodeQL,none,infra,522,0.7395864896782488,5,0.43584036887272604,False
920,bare-except,clear_fp,SonarQube,note,test,531,0.6448385960201964,3,0.17520236292404,True
921,rce-confirmed,clear_vp,CodeQL,error,production,1811,0.95583082968299,6,0.16037423516667204,False
922,sql-injection,mixed,SonarQube,note,production,1549,0.6513198972262393,4,0.10638840541407735,True
923,command-injection,clear_vp,SonarQube,none,test,1772,0.4810187798004618,2,0.92320883587219,False
924,todo-comment,clear_fp,SonarQube,note,config,1219,0.20888889271484312,5,0.025807168191231078,True
925,sqli-confirmed,clear_vp,CodeQL,none,infra,1731,0.8257584576169683,5,0.5469162927822213,False
926,s3-no-encryption,mixed,SonarQube,note,config,1733,0.7023961425404268,5,0.35390582625685874,True
927,eval-detected,clear_fp,SonarQube,error,production,467,0.15875791511208337,2,0.8938085432166306,False
928,assert-usage,clear_fp,CodeQL,warning,test,1022,0.5921901804292182,4,0.037782968064595135,True
929,http-404-burst,clear_fp,SonarQube,error,test,1760,0.7550806621216796,8,0.544786654030205,True
930,prototype-pollution,mixed,Semgrep,note,test,619,0.5126880723288114,8,0.9530161760404428,True
931,line-too-long,clear_fp,Semgrep,note,production,198,0.7068194450101439,3,0.41799825972553717,True
932,malware-callback,clear_vp,SonarQube,none,test,1190,0.5744284830031445,6,0.38641556183058123,True
933,public-subnet,mixed,SonarQube,warning,config,1866,0.4493430525018216,3,0.10815075602366575,True
934,path-traversal,mixed,Semgrep,note,config,527,0.09108441488005148,1,0.3347435317993622,True
935,assert-usage,clear_fp,CodeQL,none,infra,1806,0.7950874606602596,1,0.5478115847248026,True
936,malware-callback,clear_vp,Semgrep,note,infra,1231,0.3816210441766039,6,0.6466727531599051,False
937,gdpr-data-leak,clear_vp,Semgrep,none,test,1726,0.059710904876390636,3,0.3530242693586554,False
938,todo-comment,clear_fp,SonarQube,error,config,412,0.29229017270925317,4,0.4336225869016739,False
939,rds-public,mixed,Semgrep,none,infra,1903,0.36827032544512095,2,0.8888842740838326,False
940,http-404-burst,clear_fp,CodeQL,warning,production,1601,0.7756546353260334,4,0.16222957109649694,True
941,eval-detected,clear_fp,Semgrep,note,production,30,0.7714848748169257,1,0.6707600217115339,True
942,rce-confirmed,clear_vp,Semgrep,error,config,149,0.1620224163644397,4,0.1784840743470848,True
943,eval-detected,clear_fp,SonarQube,warning,test,849,0.20874588239862923,2,0.8433323548919375,True
944,prototype-pollution,mixed,CodeQL,warning,test,244,0.3723148077742652,3,0.32540496232958716,True
945,ssh-anomaly,mixed,SonarQube,note,infra,944,0.6672448286332395,4,0.20674664574023915,True
946,unused-import,clear_fp,Semgrep,error,test,1227,0.7836383021478366,7,0.437489440863133,False
947,xss-reflected,mixed,CodeQL,error,test,437,0.8348619180663956,2,0.0524921839530299,True
948,weak-cipher,mixed,CodeQL,warning,production,1402,0.7648478932199835,6,0.44014420653793684,True
949,hardcoded-secret,mixed,Semgrep,warning,production,1920,0.8762033622249848,3,0.8742518766843361,True
950,gdpr-data-leak,clear_vp,CodeQL,note,production,1067,0.962755347424326,6,0.001087019804932532,False
951,hardcoded-secret,mixed,SonarQube,none,production,520,0.3026222850818887,6,0.9326819023605022,True
952,dns-exfiltration,clear_vp,SonarQube,note,config,368,0.24583833768051766,3,0.24461267006952514,False
953,public-subnet,mixed,SonarQube,note,production,1940,0.3423072848275197,5,0.7307068843628862,True
954,rds-public,mixed,SonarQube,warning,config,1961,0.41016376923063735,2,0.038895812246826145,True
955,s3-no-encryption,mixed,SonarQube,none,production,1966,0.06792620422282625,3,0.9515803094398696,False
956,deserialization,clear_vp,SonarQube,note,test,1077,0.6399306874505247,3,0.6844751018784777,False
957,insecure-deser,clear_vp,CodeQL,error,config,112,0.8865641126311521,4,0.17823309891158345,False
958,hardcoded-secret,mixed,CodeQL,none,config,528,0.8716168463288502,4,0.17731125352264487,True
959,rds-public,mixed,SonarQube,warning,test,79,0.782034269884919,3,0.36086660198013754,True
960,sqli-confirmed,clear_vp,SonarQube,warning,production,38,0.4196722921572683,7,0.9175247272303481,False
961,dom-xss,clear_vp,SonarQube,note,production,273,0.38058719489776704,1,0.7247042751485582,False
962,public-subnet,mixed,SonarQube,error,config,1311,0.4068790626246709,1,0.16979263955094737,False
963,dom-xss,clear_vp,SonarQube,error,config,148,0.4486132528296719,5,0.8475740297902625,False
964,hsts-missing,clear_fp,CodeQL,warning,test,446,0.7914883823447575,4,0.6830801734741354,True
965,todo-comment,clear_fp,CodeQL,note,production,1595,0.530088496914424,3,0.6737116477208488,True
966,catch-generic,clear_fp,Semgrep,warning,production,727,0.13061076003613248,7,0.1171072315052778,True
967,hsts-missing,clear_fp,Semgrep,warning,production,434,0.1742786785013607,2,0.39950647526056426,False
968,assert-usage,clear_fp,CodeQL,warning,production,77,0.8693401079073552,2,0.6271383940611175,True
969,prototype-pollution,mixed,CodeQL,warning,test,1456,0.40163020833276863,5,0.4071413845559114,False
970,path-traversal,mixed,SonarQube,warning,config,804,0.3891230096150302,4,0.3434305880194931,False
971,sql-injection,mixed,Semgrep,note,infra,112,0.13662354309875213,4,0.45860487967234187,False
972,ssrf-request,clear_vp,SonarQube,none,test,438,0.3552672180573335,4,0.6212001446041822,False
973,todo-comment,clear_fp,SonarQube,warning,production,421,0.8545651689412405,2,0.21623289439099125,True
974,unused-import,clear_fp,SonarQube,warning,production,1720,0.5765157904886378,3,0.11940064207631362,True
975,eval-detected,clear_fp,SonarQube,none,test,1050,0.4520285734646854,2,0.46225524284410047,True
976,s3-no-encryption,mixed,CodeQL,warning,infra,1306,0.9531775382631392,5,0.5648127810861823,True
977,dns-exfiltration,clear_vp,Semgrep,warning,production,1850,0.08464260721225136,1,0.11095626103433676,False
978,unused-import,clear_fp,Semgrep,warning,production,1710,0.27607513606941037,2,0.28665924844725266,True
979,deserialization,clear_vp,SonarQube,warning,production,156,0.5016298089230942,1,0.35545985188413864,False
980,deserialization,clear_vp,SonarQube,note,production,509,0.784441542070729,5,0.8727963250794428,False
981,dns-exfiltration,clear_vp,SonarQube,warning,infra,872,0.31831520013477654,2,0.8912626489153983,False
982,gdpr-data-leak,clear_vp,Semgrep,error,production,1891,0.9035593036972819,2,0.9698207852410403,False
983,open-redirect,mixed,Semgrep,warning,config,420,0.7911826673889345,4,0.46407028543123663,False
984,command-injection,clear_vp,SonarQube,none,infra,1272,0.8846823774216878,4,0.48169983801234095,False
985,csrf-missing,mixed,CodeQL,none,infra,623,0.3828652154835389,4,0.3812657190890473,True
986,command-injection,clear_vp,CodeQL,error,infra,285,0.9502840501704856,7,0.7817458588152745,False
987,gdpr-data-leak,clear_vp,Semgrep,error,production,1001,0.7481452691031412,4,0.11584715259733847,False
988,latest-tag,clear_fp,CodeQL,error,production,1375,0.5025296267016556,4,0.7292664058366334,True
989,command-injection,clear_vp,Semgrep,warning,config,983,0.33485695099898116,4,0.13192982575381085,False
990,xss-reflected,mixed,CodeQL,warning,test,610,0.3821148645095186,2,0.25588288604477516,True
991,malware-callback,clear_vp,CodeQL,warning,production,1141,0.2527426687484531,2,0.8646591138898917,False
992,eval-detected,clear_fp,Semgrep,error,infra,1013,0.822139209100103,3,0.4966772735777275,False
993,gdpr-data-leak,clear_vp,Semgrep,note,test,537,0.7140543306554573,3,0.3074621730335261,False
994,unused-import,clear_fp,SonarQube,error,production,50,0.060562843412633516,3,0.4293200428541766,False
995,command-injection,clear_vp,CodeQL,note,config,1090,0.5092452505028752,3,0.24869180947113512,False
996,command-injection,clear_vp,SonarQube,note,test,1935,0.9558616803747381,5,0.868963772848294,False
997,malware-callback,clear_vp,Semgrep,warning,test,1253,0.870810424775618,6,0.9919970090148511,False
998,todo-comment,clear_fp,SonarQube,warning,config,106,0.6731607327802641,5,0.8958542570085304,True
999,csrf-missing,mixed,SonarQube,error,production,1303,0.9408635478946974,2,0.24053508651594702,False
1000,latest-tag,clear_fp,Semgrep,warning,config,1136,0.430185866778513,5,0.2422356600758072,True
1001,weak-cipher,mixed,CodeQL,note,config,842,0.5332006643690402,3,0.0933281202698264,True
1002,latest-tag,clear_fp,SonarQube,note,production,1871,0.5267478524300462,3,0.9698913418817633,False
1003,dom-xss,clear_vp,CodeQL,warning,production,1995,0.7922170331553517,3,0.8091032168230461,False
1004,rds-public,mixed,SonarQube,none,test,1309,0.628745225828071,6,0.9367739495230019,True
1005,ssrf-request,clear_vp,Semgrep,error,test,1988,0.0001577445780567288,3,0.29787633152279336,False
1006,line-too-long,clear_fp,SonarQube,warning,production,704,0.06432369723328568,4,0.5607117391513182,True
1007,catch-generic,clear_fp,SonarQube,note,production,1939,0.7563317864801591,4,0.926557115141838,True
1008,path-traversal,mixed,CodeQL,none,test,1132,0.11479596699816408,1,0.567079970573531,True
1009,sql-injection,mixed,CodeQL,error,infra,397,0.8708917904678061,1,0.021024807219602204,False
1010,csrf-missing,mixed,SonarQube,warning,config,269,0.3880492700584143,4,0.48434290227212484,False
1011,hsts-missing,clear_fp,CodeQL,error,production,1964,0.1361364403505113,3,0.117553261625438,False
1012,todo-comment,clear_fp,Semgrep,note,test,1376,0.3601316877738744,1,0.15782698129979855,True
1013,sql-injection,mixed,Semgrep,warning,infra,1589,0.7517989445187085,2,0.38715539405398314,False
1014,sqli-confirmed,clear_vp,Semgrep,warning,production,1861,0.6952789013674103,4,0.5728587516185395,False
1015,todo-comment,clear_fp,SonarQube,error,config,1669,0.6848036956458562,4,0.9674016302352297,False
1016,deserialization,clear_vp,CodeQL,none,production,852,0.08003256976593665,5,0.8698123658139231,False
1017,xss-reflected,mixed,Semgrep,note,production,1025,0.6242904007832697,3,0.07081470138576451,True
1018,deserialization,clear_vp,SonarQube,note,config,134,0.06044692298527021,5,0.33867960445703094,False
1019,command-injection,clear_vp,CodeQL,warning,config,96,0.20884041642279205,4,0.02413277869255359,False
1020,sqli-confirmed,clear_vp,Semgrep,warning,infra,1098,0.15994080236692865,4,0.7495266088079098,False
1021,ssh-anomaly,mixed,CodeQL,error,test,453,0.20832691772804146,2,0.031789149555137675,False
1022,todo-comment,clear_fp,Semgrep,none,config,1926,0.4637805973609228,4,0.875329082637908,True
1023,latest-tag,clear_fp,Semgrep,error,test,1143,0.34664043196319283,3,0.06967286442358778,True
1024,sql-injection,mixed,CodeQL,warning,production,1843,0.13705968353658127,4,0.8730356015261367,False
1025,path-traversal,mixed,CodeQL,error,production,1843,0.6869560692277907,9,0.2364737173663065,False
1026,latest-tag,clear_fp,SonarQube,note,config,244,0.34899493530191095,6,0.9890744654737046,True
1027,assert-usage,clear_fp,Semgrep,warning,production,1659,0.8357422452246527,2,0.8045325957431239,True
1028,http-404-burst,clear_fp,CodeQL,note,infra,1594,0.175174863704181,3,0.014910264154807895,True
1029,sql-injection,mixed,CodeQL,none,production,283,0.21523273210573268,6,0.9465024214032101,True
1030,insecure-deser,clear_vp,CodeQL,warning,test,133,0.4465993013486268,2,0.07515856533808485,False
1031,hardcoded-secret,mixed,SonarQube,note,production,567,0.484778060090447,2,0.8903144562136512,False
1032,ssh-anomaly,mixed,Semgrep,warning,config,29,0.6391447381231457,2,0.9061117514466576,True
1033,malware-callback,clear_vp,Semgrep,warning,production,927,0.47953055272128886,7,0.8618151761459075,False
1034,open-redirect,mixed,SonarQube,warning,production,7,0.5090021835367382,7,0.3283520738107182,False
1035,open-redirect,mixed,Semgrep,warning,production,1369,0.27126858648317675,4,0.47309453809937474,False
1036,insecure-deser,clear_vp,CodeQL,note,test,968,0.03915054427707798,4,0.8799054333077924,False
1037,gdpr-data-leak,clear_vp,Semgrep,none,test,833,0.7761394036915221,5,0.5335085861345135,False
1038,rce-confirmed,clear_vp,SonarQube,note,production,375,0.7404531223835897,2,0.16860366138254235,False
1039,ssh-anomaly,mixed,SonarQube,error,infra,1131,0.0780318706538553,7,0.6457103447456373,False
1040,rce-confirmed,clear_vp,Semgrep,note,config,158,0.0813903166329829,1,0.4274505332424855,False
1041,todo-comment,clear_fp,SonarQube,none,test,786,0.4309205643509977,4,0.28900633473446347,True
1042,rce-confirmed,clear_vp,Semgrep,warning,test,1888,0.17239614329845265,5,0.6842096705883705,False
1043,catch-generic,clear_fp,SonarQube,none,infra,1429,0.1403235197678261,5,0.9120644528763892,True
1044,prototype-pollution,mixed,CodeQL,error,production,1964,0.17823442326932226,5,0.9732801516334081,False
1045,open-redirect,mixed,SonarQube,warning,config,1244,0.005663000525796713,2,0.9084635142603937,True
1046,s3-no-encryption,mixed,CodeQL,warning,test,1958,0.7736366450057608,4,0.6331068227177317,True
1047,csrf-missing,mixed,SonarQube,note,production,1243,0.050144023071810206,3,0.911754332001477,False
1048,weak-cipher,mixed,Semgrep,note,test,1872,0.014723891861331495,3,0.5514902953513369,True
1049,assert-usage,clear_fp,CodeQL,none,production,563,0.9407170796391084,6,0.5355258826955995,True
1050,public-subnet,mixed,SonarQube,warning,test,754,0.5405292510889357,2,0.5765639634226069,True
1051,gdpr-data-leak,clear_vp,SonarQube,none,production,844,0.14278485013956466,2,0.5731279232725647,False
1052,public-subnet,mixed,Semgrep,warning,test,985,0.6656737362292912,4,0.5176104774128251,True
1053,sql-injection,mixed,SonarQube,none,test,1776,0.36802146943922565,4,0.12938093106754123,True
1054,malware-callback,clear_vp,CodeQL,warning,production,1244,0.5078620376159938,6,0.8168604805410224,False
1055,dns-exfiltration,clear_vp,Semgrep,note,infra,1627,0.7622307896421693,5,0.13669507448903628,False
1056,dom-xss,clear_vp,Semgrep,warning,production,797,0.8591723615699336,5,0.45491014486784276,False
1057,line-too-long,clear_fp,CodeQL,error,config,55,0.5067833815823141,6,0.6210740884704338,False
1058,s3-no-encryption,mixed,SonarQube,note,test,1004,0.7179795340203848,4,0.9370096995121437,True
1059,weak-cipher,mixed,CodeQL,note,production,933,0.1576886720731473,6,0.6040721005990636,True
1060,dns-exfiltration,clear_vp,SonarQube,warning,infra,1005,0.5916688205935039,1,0.0012036139090179088,False
1061,http-404-burst,clear_fp,CodeQL,warning,test,845,0.3962201444817809,4,0.8892265936634216,True
1062,xss-reflected,mixed,CodeQL,none,production,282,0.10088880210585893,6,0.28940513070441265,True
1063,sqli-confirmed,clear_vp,SonarQube,warning,config,862,0.7559273449972372,7,0.9006167321019494,False
1064,insecure-deser,clear_vp,SonarQube,none,config,288,0.594473854912619,2,0.5416415078330531,False
1065,http-404-burst,clear_fp,CodeQL,warning,config,1283,0.07188945460001339,5,0.4896442118190161,True
1066,open-redirect,mixed,Semgrep,warning,production,1543,0.6954756041890774,4,0.4758925108294907,False
1067,latest-tag,clear_fp,CodeQL,warning,test,790,0.8904222037791651,2,0.2610667998953292,True
1068,eval-detected,clear_fp,Semgrep,none,test,1012,0.5764398586427876,7,0.0399861287978408,True
1069,gdpr-data-leak,clear_vp,Semgrep,warning,production,84,0.5379230312678858,5,0.7464192328441049,False
1070,line-too-long,clear_fp,CodeQL,warning,production,625,0.24095966228128052,3,0.855308368184012,True
1071,sql-injection,mixed,SonarQube,warning,production,1420,0.7359844887570796,1,0.5392305273364831,False
1072,gdpr-data-leak,clear_vp,Semgrep,note,infra,736,0.5353809553820612,4,0.4838613502906203,False
1073,s3-no-encryption,mixed,SonarQube,error,production,1734,0.15065973820766854,3,0.12805513849688044,False
1074,dns-exfiltration,clear_vp,CodeQL,error,test,1056,0.6178152797588892,4,0.987313982210661,True
1075,dns-exfiltration,clear_vp,CodeQL,error,config,220,0.13696512380929482,5,0.8770272712616372,False
1076,latest-tag,clear_fp,CodeQL,error,test,1327,0.1676142561466294,3,0.11269786043832519,True
1077,ssh-anomaly,mixed,Semgrep,note,test,516,0.02074134280620077,1,0.5073654720648297,True
1078,ssh-anomaly,mixed,CodeQL,note,test,344,0.21779911511642158,3,0.2586402366373216,True
1079,todo-comment,clear_fp,SonarQube,error,production,1030,0.5633493623729638,5,0.32158826422404896,True
1080,dns-exfiltration,clear_vp,SonarQube,error,production,631,0.7268186409522366,6,0.730195266161555,False
1081,dom-xss,clear_vp,Semgrep,warning,test,1159,0.2990643096088431,4,0.3761473100104902,False
1082,deserialization,clear_vp,CodeQL,error,config,663,0.20633887858208888,2,0.6277986477030377,False
1083,hardcoded-secret,mixed,CodeQL,warning,production,1389,0.17435670765087163,8,0.5587234082125524,True
1084,malware-callback,clear_vp,CodeQL,note,config,215,0.5927722993275321,3,0.7503531224083427,False
1085,public-subnet,mixed,Semgrep,error,production,1966,0.9614313123833371,3,0.551031352680157,True
1086,dom-xss,clear_vp,CodeQL,note,infra,698,0.14885680394994028,3,0.946771481436021,False
1087,dom-xss,clear_vp,CodeQL,note,infra,155,0.19234315647502143,5,0.44972730832378194,False
1088,unused-import,clear_fp,CodeQL,error,production,1121,0.8024182871787032,3,0.33907684838688634,True
1089,ssrf-request,clear_vp,Semgrep,error,production,1333,0.781116846209014,3,0.7299113137923636,False
1090,open-redirect,mixed,Semgrep,note,test,1977,0.37117412068911304,3,0.6232575096731313,True
1091,assert-usage,clear_fp,SonarQube,warning,config,28,0.9627405860568448,2,0.08020770781372599,True
1092,weak-cipher,mixed,CodeQL,note,test,311,0.7151013387624671,5,0.3333971277696335,True
1093,eval-detected,clear_fp,Semgrep,note,config,1561,0.5744337572963584,7,0.8495437595541221,True
1094,path-traversal,mixed,CodeQL,warning,test,1935,0.6812556301868748,6,0.011855293210243922,True
1095,insecure-deser,clear_vp,CodeQL,note,test,1019,0.6579508281194142,3,0.1698828751608249,False
1096,path-traversal,mixed,Semgrep,note,config,1126,0.20658911217259224,4,0.18928286496824598,True
1097,rce-confirmed,clear_vp,CodeQL,warning,production,1615,0.9732607433638993,4,0.02762975580841509,False
1098,deserialization,clear_vp,SonarQube,note,production,1630,0.56776122548108,6,0.632932178543989,False
1099,assert-usage,clear_fp,CodeQL,error,config,723,0.5114867692088335,3,0.9081320565606308,False
1100,s3-no-encryption,mixed,SonarQube,error,production,1738,0.5432109871388043,5,0.033875464406750044,False
1101,command-injection,clear_vp,CodeQL,error,infra,1400,0.010090405021881521,5,0.5655389146196601,False
1102,assert-usage,clear_fp,Semgrep,warning,production,633,0.7635512340593853,4,0.8116838996624468,True
1103,sqli-confirmed,clear_vp,CodeQL,error,production,1954,0.11255450736551575,4,0.3232453170594717,False
1104,todo-comment,clear_fp,SonarQube,warning,production,1057,0.5472460421002873,4,0.9117919403666022,True
1105,rds-public,mixed,SonarQube,warning,infra,488,0.9988448271846312,2,0.5867547966913881,True
1106,hsts-missing,clear_fp,CodeQL,warning,test,816,0.16580623603029232,4,0.77314860083149,True
1107,sql-injection,mixed,CodeQL,warning,config,444,0.10055695437304946,5,0.35636559332103823,True
1108,ssh-anomaly,mixed,Semgrep,warning,test,763,0.35824165003698405,3,0.2743824436707504,True
1109,line-too-long,clear_fp,Semgrep,error,production,963,0.3521384835602436,6,0.018199592151052713,True
1110,malware-callback,clear_vp,Semgrep,error,production,506,0.09125056928224529,4,0.5424458060772068,False
1111,http-404-burst,clear_fp,CodeQL,warning,production,1743,0.5648491709995744,4,0.6134574266312571,True
1112,open-redirect,mixed,SonarQube,note,test,1005,0.8086080319094565,4,0.9546661011251673,True
1113,ssh-anomaly,mixed,Semgrep,note,test,600,0.2628142745529417,1,0.0018727439191685846,True
1114,eval-detected,clear_fp,CodeQL,error,production,248,0.26402709569691396,5,0.5442513772755738,False
1115,line-too-long,clear_fp,CodeQL,warning,test,631,0.43423669661139574,5,0.4192000072707345,True
1116,rce-confirmed,clear_vp,Semgrep,error,production,1777,0.867963769936152,3,0.4216196979221851,False
1117,sqli-confirmed,clear_vp,Semgrep,warning,production,1862,0.08101489283126417,3,0.74260132153259,False
1118,public-subnet,mixed,Semgrep,warning,test,1863,0.5045769678928006,6,0.17023303243833054,True
1119,gdpr-data-leak,clear_vp,Semgrep,none,config,1736,0.11857343304095047,2,0.3880964237010196,False
1120,csrf-missing,mixed,SonarQube,note,production,1620,0.046635900461590385,3,0.675323526807166,False
1121,xss-reflected,mixed,CodeQL,note,production,859,0.5076480860176246,7,0.9477467316133514,True
1122,http-404-burst,clear_fp,CodeQL,note,production,185,0.2878196133761506,3,0.5431183051972586,True
1123,rds-public,mixed,CodeQL,error,test,1411,0.3170737693630582,6,0.621125299090829,True
1124,insecure-deser,clear_vp,Semgrep,note,test,792,0.5648451022171516,6,0.6523462475831382,False
1125,eval-detected,clear_fp,CodeQL,error,test,598,0.8825493144643481,3,0.1771938124840381,True
1126,weak-cipher,mixed,Semgrep,warning,production,624,0.11531903323787684,2,0.4334128439251168,False
1127,command-injection,clear_vp,Semgrep,note,production,730,0.4473798226380674,2,0.49330021623895914,False
1128,deserialization,clear_vp,Semgrep,note,production,1223,0.6518854238829953,1,0.1834162951757764,False
1129,latest-tag,clear_fp,CodeQL,warning,test,1384,0.4362893592936943,3,0.5017029841763491,False
1130,malware-callback,clear_vp,Semgrep,none,config,1695,0.13152522388570997,5,0.4786867974805912,True
1131,rds-public,mixed,CodeQL,note,production,506,0.8124024840313153,4,0.619207925029823,False
1132,dns-exfiltration,clear_vp,CodeQL,note,production,1373,0.9404635188285677,4,0.49408071820412025,False
1133,eval-detected,clear_fp,CodeQL,note,production,351,0.330357688699061,3,0.17661369257412285,True
1134,deserialization,clear_vp,SonarQube,warning,config,991,0.6588347003588382,3,0.34487378369320976,False
1135,unused-import,clear_fp,Semgrep,none,test,97,0.14081186209299945,3,0.9597268380389613,True
1136,gdpr-data-leak,clear_vp,Semgrep,warning,production,1090,0.2767800814657747,4,0.20497994320434554,False
1137,dns-exfiltration,clear_vp,CodeQL,warning,test,1134,0.9599281205835015,5,0.747745820932628,False
1138,bare-except,clear_fp,SonarQube,error,config,1365,0.8178233249204562,4,0.25369429508851193,True
1139,bare-except,clear_fp,Semgrep,error,production,424,0.5948230994905769,1,0.06470033050398849,True
1140,sql-injection,mixed,CodeQL,note,test,652,0.8434404436647402,3,0.5959415957307044,True
1141,public-subnet,mixed,CodeQL,error,infra,518,0.19210763919942242,2,0.9825642005854273,False
1142,todo-comment,clear_fp,SonarQube,note,infra,63,0.6827795001941304,4,0.2655356056137621,True
1143,rce-confirmed,clear_vp,SonarQube,note,config,1152,0.7027943598180023,3,0.6469283410982468,False
1144,line-too-long,clear_fp,CodeQL,warning,config,423,0.5926586478854466,5,0.5496696690036911,True
1145,rds-public,mixed,CodeQL,error,infra,614,0.9424291093454871,5,0.3177305466176398,False
1146,s3-no-encryption,mixed,CodeQL,warning,production,885,0.4606637447107038,5,0.4690144305527879,False
1147,catch-generic,clear_fp,CodeQL,error,infra,451,0.3480760779010357,5,0.14170383802737185,True
1148,gdpr-data-leak,clear_vp,Semgrep,error,test,853,0.7379113331517339,5,0.2530422058198962,False
1149,prototype-pollution,mixed,SonarQube,none,test,700,0.7807179957065223,5,0.1332267479843533,True
1150,deserialization,clear_vp,CodeQL,none,production,1321,0.16971341639491067,1,0.23713160238332298,False
1151,prototype-pollution,mixed,CodeQL,error,production,843,0.6060100737471432,2,0.639661984046541,False
1152,latest-tag,clear_fp,SonarQube,warning,production,1441,0.1479547387739707,4,0.5573450647164668,True
1153,path-traversal,mixed,Semgrep,warning,config,21,0.017785141262483428,1,0.4829533632166656,True
1154,rds-public,mixed,SonarQube,warning,infra,968,0.6737446300480178,2,0.8722751960031923,True
1155,open-redirect,mixed,Semgrep,note,test,447,0.7050172124034887,3,0.10442244615890817,True
1156,dns-exfiltration,clear_vp,CodeQL,warning,test,1026,0.33755725356044997,4,0.8730171099410818,False
1157,csrf-missing,mixed,SonarQube,warning,production,283,0.8528345731854773,2,0.015607436655260876,True
1158,eval-detected,clear_fp,SonarQube,note,production,1865,0.8960155229616223,3,0.08998555634962069,False
1159,http-404-burst,clear_fp,Semgrep,none,production,1408,0.052243663695964004,3,0.3896559147031825,True
1160,command-injection,clear_vp,Semgrep,warning,config,769,0.03980568322208733,4,0.9468673974959648,False
1161,dom-xss,clear_vp,SonarQube,error,config,555,0.5812929755056484,7,0.8942378296355283,False
1162,http-404-burst,clear_fp,SonarQube,error,production,891,0.9058691063099717,3,0.8620186390106666,True
1163,rds-public,mixed,CodeQL,none,config,1326,0.21198152079926136,6,0.9095255593623296,True
1164,weak-cipher,mixed,SonarQube,error,test,317,0.5495227475227586,7,0.3257370224504327,False
1165,sqli-confirmed,clear_vp,CodeQL,error,test,188,0.8203450150475304,3,0.48168232245519205,True
1166,ssrf-request,clear_vp,SonarQube,warning,production,1733,0.48835462028120036,1,0.7079644068383966,False
1167,todo-comment,clear_fp,CodeQL,note,infra,1741,0.40552115520353593,5,0.3551332153157907,True
1168,command-injection,clear_vp,Semgrep,warning,config,997,0.9294904227674665,2,0.8372812736990584,False
1169,path-traversal,mixed,CodeQL,warning,infra,802,0.8946676243140136,1,0.965902991865811,False
1170,weak-cipher,mixed,Semgrep,warning,infra,565,0.43205102750404745,5,0.8497530489343326,True
1171,gdpr-data-leak,clear_vp,CodeQL,note,production,1956,0.2471747445945176,5,0.07411917438595805,True
1172,prototype-pollution,mixed,SonarQube,error,config,1468,0.5592943876453004,3,0.10282022380482381,True
1173,rce-confirmed,clear_vp,SonarQube,warning,production,1747,0.7272646585927497,3,0.8222239996967906,False
1174,catch-generic,clear_fp,Semgrep,warning,infra,1847,0.28573142856578126,4,0.40826677392642585,True
1175,csrf-missing,mixed,Semgrep,warning,production,773,0.014271134563644594,2,0.3224412708166363,False
1176,malware-callback,clear_vp,SonarQube,note,infra,1645,0.06662208736746145,6,0.6545848001914603,False
1177,rce-confirmed,clear_vp,CodeQL,warning,production,782,0.7643992025625742,7,0.9631146593848798,False
1178,rce-confirmed,clear_vp,Semgrep,error,test,1757,0.5157361883740449,3,0.8561302203530459,False
1179,prototype-pollution,mixed,Semgrep,error,production,1605,0.7584085300912828,4,0.10374942457535163,False
1180,dns-exfiltration,clear_vp,Semgrep,error,test,1840,0.7349964382945733,2,0.02403855590585835,False
1181,http-404-burst,clear_fp,SonarQube,note,production,832,0.7633812597835626,4,0.09349236158398977,True
1182,catch-generic,clear_fp,SonarQube,note,production,968,0.3444413060873649,4,0.11704458137676954,True
1183,gdpr-data-leak,clear_vp,CodeQL,warning,test,632,0.2733839181137786,3,0.7692312035414377,False
1184,assert-usage,clear_fp,Semgrep,note,test,581,0.026985035868492324,6,0.6083842168165255,True
1185,latest-tag,clear_fp,Semgrep,warning,infra,1159,0.009585640144394558,2,0.10280856173585395,True
1186,path-traversal,mixed,Semgrep,error,production,383,0.3547198058988015,1,0.5531834922577296,False
1187,ssh-anomaly,mixed,SonarQube,error,test,1320,0.7904152503192102,8,0.7725264231625943,True
1188,http-404-burst,clear_fp,SonarQube,warning,test,1752,0.44257080666170934,4,0.5401167093628201,True
1189,weak-cipher,mixed,SonarQube,error,production,453,0.8147961726599761,5,0.4090077367362732,False
1190,catch-generic,clear_fp,CodeQL,warning,production,665,0.8332217713715006,4,0.6345705085342361,True
1191,csrf-missing,mixed,SonarQube,note,test,278,0.8472094875733885,8,0.7554538093252579,True
1192,csrf-missing,mixed,Semgrep,error,production,1718,0.5278439115403171,4,0.8054737346798247,False
1193,deserialization,clear_vp,SonarQube,warning,production,723,0.21475939996247206,4,0.019879908697280402,False
1194,path-traversal,mixed,SonarQube,note,test,368,0.12634490202820003,6,0.3699300045901225,True
1195,assert-usage,clear_fp,SonarQube,warning,test,394,0.8169833808090694,4,0.5420353855061182,True
1196,gdpr-data-leak,clear_vp,SonarQube,note,production,1085,0.17541129165541103,2,0.45278663669534236,False
1197,hsts-missing,clear_fp,Semgrep,note,production,1773,0.2799875494540973,1,0.41483067188895395,True
1198,latest-tag,clear_fp,CodeQL,note,production,336,0.15148271665388535,2,0.8867725085424267,True
1199,http-404-burst,clear_fp,SonarQube,warning,test,1451,0.28895781914071716,2,0.6393908859030016,True
1200,csrf-missing,mixed,CodeQL,error,config,1983,0.840492508415747,7,0.8974069691923586,True
1201,catch-generic,clear_fp,SonarQube,error,production,1228,0.030422314393284244,7,0.2578700035480086,True
1202,sqli-confirmed,clear_vp,CodeQL,none,production,1502,0.7523614423973921,5,0.12856810585518308,False
1203,sqli-confirmed,clear_vp,CodeQL,error,production,1633,0.723995384144738,8,0.8646777525856504,False
1204,s3-no-encryption,mixed,CodeQL,error,infra,1769,0.8733694396494187,2,0.08044320020933426,False
1205,ssrf-request,clear_vp,SonarQube,warning,config,1187,0.6451032051579333,7,0.5941355839737954,False
1206,xss-reflected,mixed,CodeQL,none,infra,187,0.5097768447035125,5,0.758673884686781,False
1207,ssh-anomaly,mixed,Semgrep,none,production,1400,0.9552861960018223,4,0.831865870073205,True
1208,latest-tag,clear_fp,Semgrep,note,production,304,0.2252888918625443,4,0.02797189727535898,True
1209,unused-import,clear_fp,SonarQube,error,production,879,0.48901738034659425,8,0.06970774646896116,False
1210,hsts-missing,clear_fp,SonarQube,note,config,950,0.23592011047338368,3,0.22509166459468022,True
1211,sql-injection,mixed,CodeQL,error,test,1554,0.18132585610431318,3,0.1852233308309379,True
1212,unused-import,clear_fp,Semgrep,note,config,560,0.5252182516309006,2,0.6903775716314234,True
1213,malware-callback,clear_vp,CodeQL,error,production,1693,0.5823705631583486,5,0.15240692003788137,False
1214,sql-injection,mixed,Semgrep,note,production,1487,0.8094984215615613,3,0.4922564063789444,True
1215,deserialization,clear_vp,SonarQube,warning,production,18,0.45651175672179023,3,0.4281280507101417,False
1216,rce-confirmed,clear_vp,SonarQube,warning,production,447,0.8271252422787957,5,0.7567390782356272,False
1217,catch-generic,clear_fp,SonarQube,note,config,1702,0.9242377008141329,5,0.9356551294095445,True
1218,hsts-missing,clear_fp,Semgrep,error,production,1415,0.8145079681305315,4,0.8336075586882403,True
1219,todo-comment,clear_fp,SonarQube,error,test,1604,0.6458108800512076,4,0.2621310504454283,True
1220,latest-tag,clear_fp,SonarQube,note,config,1984,0.726225791870277,3,0.057998654457028564,True
1221,gdpr-data-leak,clear_vp,CodeQL,error,infra,527,0.671956140494912,2,0.7693791464631726,False
1222,gdpr-data-leak,clear_vp,CodeQL,warning,production,694,0.4550896661064078,3,0.17090528994427356,False
1223,assert-usage,clear_fp,SonarQube,warning,production,384,0.8311389644353826,5,0.9564981247770985,True
1224,sql-injection,mixed,SonarQube,note,production,1503,0.5320134786633633,4,0.9998926667050493,False
1225,deserialization,clear_vp,SonarQube,none,production,157,0.9059552097493825,5,0.8622516283024872,False
1226,line-too-long,clear_fp,Semgrep,error,config,1167,0.41866461346187267,4,0.6722735172017217,True
1227,sql-injection,mixed,CodeQL,note,config,19,0.6167299353754057,7,0.014957994593435497,True
1228,open-redirect,mixed,CodeQL,error,production,1415,0.36159026642030967,5,0.23115136756267707,False
1229,todo-comment,clear_fp,Semgrep,none,infra,1686,0.7274357374154816,4,0.5149737849821052,True
1230,path-traversal,mixed,Semgrep,note,production,903,0.14246314808710858,5,0.6451370408192583,False
1231,hsts-missing,clear_fp,CodeQL,error,production,1826,0.35363786314011036,5,0.12642622715502805,True
1232,open-redirect,mixed,CodeQL,none,test,1534,0.5333268427529364,2,0.721477082734017,True
1233,weak-cipher,mixed,SonarQube,error,production,1607,0.2630377990850331,6,0.43317704897588727,True
1234,open-redirect,mixed,CodeQL,warning,production,274,0.4819442793927208,1,0.4625339853783005,False
1235,rds-public,mixed,CodeQL,warning,config,114,0.8476451466520427,6,0.11675296715800854,True
1236,csrf-missing,mixed,Semgrep,none,production,720,0.017148154018361228,4,0.9642201998380311,True
1237,sqli-confirmed,clear_vp,Semgrep,note,test,1007,0.25201473367905247,5,0.36933016881964476,False
1238,public-subnet,mixed,Semgrep,warning,production,1913,0.04516775649747773,3,0.6670860513355453,False
1239,malware-callback,clear_vp,SonarQube,warning,production,348,0.638723408817006,7,0.6149100858019407,False
1240,open-redirect,mixed,Semgrep,warning,infra,1174,0.346393568050109,3,0.023099673424247125,False
1241,http-404-burst,clear_fp,Semgrep,note,production,1655,0.13710318807432864,3,0.6487218801549056,True
1242,deserialization,clear_vp,Semgrep,note,production,449,0.0812805233206938,2,0.5549428892511367,False
1243,sqli-confirmed,clear_vp,CodeQL,error,test,142,0.9327322704203617,2,0.6756277676987004,False
1244,hsts-missing,clear_fp,SonarQube,note,production,1740,0.657494059256251,3,0.3829670110643133,False
1245,eval-detected,clear_fp,CodeQL,warning,production,1605,0.6685884185582797,3,0.807662077665546,False
1246,sqli-confirmed,clear_vp,Semgrep,error,test,202,0.5336024015254278,4,0.3434442832940099,False
1247,command-injection,clear_vp,CodeQL,note,production,665,0.5203463368715742,5,0.6767366986798866,False
1248,insecure-deser,clear_vp,CodeQL,note,test,274,0.10284897206180477,5,0.8552339332828451,False
1249,latest-tag,clear_fp,CodeQL,warning,production,640,0.5166544007286027,3,0.5706441825450448,True
1250,xss-reflected,mixed,SonarQube,warning,production,935,0.507560249110526,4,0.537277846548448,False
1251,s3-no-encryption,mixed,SonarQube,note,production,1041,0.47970016253354575,10,0.9260813467869188,True
1252,malware-callback,clear_vp,CodeQL,note,production,1195,0.5408595788250777,5,0.18920900530577645,False
1253,csrf-missing,mixed,Semgrep,warning,production,1453,0.3431763870323312,3,0.06166620730740413,False
1254,malware-callback,clear_vp,CodeQL,warning,production,883,0.2190666163123789,6,0.48221627256038646,False
1255,ssrf-request,clear_vp,SonarQube,warning,test,1543,0.42770117081923853,5,0.3385859719415736,False
1256,ssrf-request,clear_vp,Semgrep,note,production,994,0.6833036526040215,4,0.06719709810271313,False
1257,latest-tag,clear_fp,Semgrep,warning,config,1893,0.6834527434210503,5,0.6902107766994678,True
1258,rce-confirmed,clear_vp,CodeQL,none,config,19,0.7633390532427098,1,0.5265247107711399,False
1259,latest-tag,clear_fp,SonarQube,note,production,1866,0.6862332800964477,1,0.8188328992141178,True
1260,assert-usage,clear_fp,CodeQL,error,infra,1871,0.08552451757610802,3,0.28093743834221874,True
1261,rds-public,mixed,CodeQL,error,production,1986,0.16012824018464022,1,0.42311343099578624,False
1262,public-subnet,mixed,SonarQube,warning,production,168,0.029262109167332184,3,0.5509952833452542,True
1263,dom-xss,clear_vp,Semgrep,error,config,185,0.5129788419143418,6,0.9357998315292914,False
1264,weak-cipher,mixed,Semgrep,warning,test,665,0.9089979943728113,7,0.2411104476852185,True
1265,rce-confirmed,clear_vp,SonarQube,warning,production,1045,0.3324477182476383,7,0.7687347933788026,False
1266,path-traversal,mixed,CodeQL,note,production,727,0.8625568325238507,7,0.8876580637605281,True
1267,s3-no-encryption,mixed,Semgrep,note,production,694,0.9904716723472566,7,0.9392184948776852,True
1268,sqli-confirmed,clear_vp,Semgrep,error,test,1243,0.5660475729241843,1,0.7964356443506597,False
1269,command-injection,clear_vp,SonarQube,warning,production,599,0.21932818403091914,4,0.06755484345568707,False
1270,gdpr-data-leak,clear_vp,Semgrep,warning,production,1048,0.5115195574628737,4,0.8320620967541508,True
1271,latest-tag,clear_fp,CodeQL,warning,production,747,0.9163651067423957,6,0.08605454468610119,True
1272,http-404-burst,clear_fp,SonarQube,warning,test,227,0.1585980058380423,4,0.4454054285778348,True
1273,gdpr-data-leak,clear_vp,SonarQube,warning,production,868,0.17236191588537497,1,0.4511679162883723,False
1274,line-too-long,clear_fp,SonarQube,warning,production,903,0.09208049312361977,2,0.6919100266195619,True
1275,unused-import,clear_fp,Semgrep,warning,test,1760,0.6823054628670612,3,0.18029428528621783,True
1276,http-404-burst,clear_fp,CodeQL,warning,test,1032,0.38372217471945447,2,0.10014328773835113,True
1277,latest-tag,clear_fp,CodeQL,note,production,630,0.6553260713826526,6,0.09867127586805613,False
1278,malware-callback,clear_vp,Semgrep,error,test,1498,0.8828056791884848,2,0.5830064830045513,False
1279,todo-comment,clear_fp,Semgrep,warning,production,572,0.4177923326982561,3,0.17633085376804003,True
1280,sqli-confirmed,clear_vp,SonarQube,warning,test,1393,0.642179411950315,6,0.9663900660648401,False
1281,dns-exfiltration,clear_vp,SonarQube,warning,production,770,0.7106672459428351,9,0.7047842934477269,False
1282,ssrf-request,clear_vp,Semgrep,warning,config,1967,0.4302285034020821,5,0.7338598702055653,False
1283,gdpr-data-leak,clear_vp,CodeQL,error,production,1305,0.7861154478031324,2,0.7492903605492502,False
1284,hsts-missing,clear_fp,SonarQube,none,production,304,0.767748091546434,4,0.5213340857167345,True
1285,open-redirect,mixed,SonarQube,warning,production,387,0.9791532397514886,2,0.24299759286082978,True
1286,s3-no-encryption,mixed,Semgrep,none,test,1572,0.6060646961849178,2,0.017093520120355365,True
1287,http-404-burst,clear_fp,SonarQube,note,config,1625,0.08851905256306758,4,0.5265156165216303,True
1288,csrf-missing,mixed,CodeQL,warning,production,1306,0.8348657553333153,6,0.9046384271149494,False
1289,sqli-confirmed,clear_vp,SonarQube,note,infra,1256,0.10354357195278396,4,0.01734592685371794,False
1290,line-too-long,clear_fp,SonarQube,note,infra,1806,0.42278234056560393,4,0.1519060509889396,True
1291,public-subnet,mixed,SonarQube,note,infra,1679,0.18077595484072684,7,0.2979574289583591,True
1292,xss-reflected,mixed,CodeQL,note,config,426,0.395925407173629,6,0.3567710470865604,True
1293,public-subnet,mixed,CodeQL,none,production,558,0.7420925925582444,9,0.7856017924230225,False
1294,insecure-deser,clear_vp,SonarQube,none,production,1689,0.31843136607730993,5,0.34853178211469016,False
1295,unused-import,clear_fp,SonarQube,note,production,1898,0.17128263629215135,2,0.23314730361808655,True
1296,s3-no-encryption,mixed,CodeQL,warning,test,1649,0.21313710430645505,3,0.5464668510006979,True
1297,s3-no-encryption,mixed,Semgrep,none,test,6,0.5251757899342241,2,0.26837836527714776,True
1298,rce-confirmed,clear_vp,SonarQube,warning,production,471,0.15211640300883977,3,0.16707365635199822,False
1299,eval-detected,clear_fp,CodeQL,warning,test,326,0.5319726586169528,4,0.4781069461199968,True
1300,open-redirect,mixed,CodeQL,error,config,1489,0.8616571554970481,2,0.40164517721204185,False
1301,dns-exfiltration,clear_vp,Semgrep,note,test,650,0.42341670930627184,7,0.9025225390162929,False
1302,public-subnet,mixed,Semgrep,warning,production,1429,0.14959765614755838,6,0.8022213189713018,False
1303,unused-import,clear_fp,SonarQube,warning,config,759,0.23214888014324964,4,0.35623150876084153,True
1304,eval-detected,clear_fp,SonarQube,none,production,259,0.15148211302995818,4,0.6864198939976419,False
1305,line-too-long,clear_fp,CodeQL,error,production,816,0.46059343677052234,1,0.880297717418541,True
1306,sql-injection,mixed,SonarQube,warning,production,1820,0.9570848174442188,7,0.3257598539278975,False
1307,unused-import,clear_fp,Semgrep,error,production,1864,0.021806793124395596,5,0.29380202881550743,True
1308,command-injection,clear_vp,Semgrep,none,production,465,0.9099296989772162,3,0.6527234395556732,False
1309,bare-except,clear_fp,Semgrep,warning,infra,524,0.6060334525203784,6,0.07727172626717704,True
1310,gdpr-data-leak,clear_vp,SonarQube,warning,test,52,0.4074356527661438,4,0.058063338891091276,False
1311,eval-detected,clear_fp,Semgrep,warning,test,1047,0.4787022008507855,3,0.8939783918831082,True
1312,sqli-confirmed,clear_vp,CodeQL,note,test,1241,0.8146544505940505,5,0.9043103719872735,False
1313,dns-exfiltration,clear_vp,SonarQube,warning,test,1735,0.6558489485738741,3,0.9023079734420988,False
1314,rds-public,mixed,CodeQL,none,infra,1070,0.6973145402967293,6,0.7542010919924448,True
1315,unused-import,clear_fp,Semgrep,error,production,956,0.8047370647669405,8,0.2672072767565691,True
1316,assert-usage,clear_fp,CodeQL,error,infra,1085,0.7344050845049861,3,0.6597173226399262,True
1317,deserialization,clear_vp,Semgrep,none,production,1770,0.5509126399478858,2,0.20788805526314447,False
1318,ssrf-request,clear_vp,CodeQL,error,test,1763,0.38037893703847325,1,0.6152274989656707,False
1319,line-too-long,clear_fp,CodeQL,note,production,947,0.9666149922642142,4,0.7839169288465484,True
1320,s3-no-encryption,mixed,SonarQube,warning,infra,1016,0.6574733351916259,7,0.5313983069963222,True
1321,todo-comment,clear_fp,SonarQube,warning,production,1402,0.8762232931316409,3,0.46472195619874945,True
1322,catch-generic,clear_fp,CodeQL,error,config,1747,0.8344499573477631,5,0.2490199621067708,True
1323,todo-comment,clear_fp,SonarQube,error,config,111,0.19923676348554553,2,0.9703838227924875,True
1324,unused-import,clear_fp,SonarQube,warning,production,790,0.48989414213082494,5,0.6189223562347216,True
1325,xss-reflected,mixed,Semgrep,note,test,1944,0.9897744156800895,4,0.20125316090490764,True
1326,sqli-confirmed,clear_vp,Semgrep,note,config,1339,0.16037346510519312,5,0.653542146706534,False
1327,deserialization,clear_vp,Semgrep,note,test,277,0.2986839838141343,2,0.028518493911292575,False
1328,todo-comment,clear_fp,CodeQL,error,infra,1395,0.46149579845133604,3,0.7931106750282209,True
1329,ssrf-request,clear_vp,CodeQL,note,production,1323,0.4017452054249785,3,0.922120435961218,True
1330,dns-exfiltration,clear_vp,CodeQL,note,test,1256,0.40534232377328694,3,0.47492835302838476,True
1331,rds-public,mixed,CodeQL,warning,production,1166,0.7126612256467458,6,0.09566358641884165,True
1332,s3-no-encryption,mixed,SonarQube,warning,test,1299,0.9094771083678906,4,0.016058822680113716,True
1333,command-injection,clear_vp,CodeQL,note,infra,1035,0.6569041059597566,3,0.7714397690943607,True
1334,s3-no-encryption,mixed,Semgrep,none,infra,131,0.9168232920234202,2,0.996762584986409,True
1335,s3-no-encryption,mixed,Semgrep,warning,config,327,0.7890901515964134,4,0.28515628874168475,False
1336,s3-no-encryption,mixed,SonarQube,error,production,1538,0.8803481958519901,2,0.493974988305266,False
1337,line-too-long,clear_fp,SonarQube,error,test,1424,0.8858827375717444,2,0.05341667193451061,True
1338,assert-usage,clear_fp,SonarQube,none,config,18,0.3819706584166159,4,0.650156220738494,True
1339,catch-generic,clear_fp,Semgrep,warning,production,1668,0.2990802116554113,3,0.5655318769240576,True
1340,public-subnet,mixed,SonarQube,warning,config,1940,0.21716451595644226,4,0.04138419569972129,False
1341,line-too-long,clear_fp,CodeQL,error,infra,1747,0.1152592290260368,5,0.4390099911996094,True
1342,ssrf-request,clear_vp,CodeQL,warning,production,1191,0.0443096822086303,1,0.9072406837773928,False
1343,xss-reflected,mixed,CodeQL,warning,infra,136,0.07331645212076543,2,0.5028437106431355,True
1344,hardcoded-secret,mixed,Semgrep,warning,production,861,0.4165974806939431,2,0.3429296093981834,False
1345,catch-generic,clear_fp,CodeQL,warning,production,607,0.890811894313803,1,0.07153882189037641,True
1346,ssh-anomaly,mixed,CodeQL,warning,test,1277,0.13062396686929179,3,0.24626572398078572,False
1347,todo-comment,clear_fp,Semgrep,error,production,1380,0.7786521510749094,5,0.87932165926506,True
1348,eval-detected,clear_fp,Semgrep,error,infra,608,0.28834142779468586,3,0.25631271326094585,True
1349,line-too-long,clear_fp,Semgrep,note,production,333,0.11172782735606246,3,0.024496731751618706,True
1350,malware-callback,clear_vp,SonarQube,note,infra,1420,0.33466500998454485,2,0.8103031373334708,False
1351,path-traversal,mixed,CodeQL,none,test,1322,0.19017813552399254,4,0.31079191253464666,True
1352,xss-reflected,mixed,CodeQL,none,production,1644,0.7007318803632652,5,0.6574713688561535,True
1353,open-redirect,mixed,Semgrep,warning,test,1422,0.5205998168029811,2,0.8227440310394937,False
1354,eval-detected,clear_fp,SonarQube,error,test,1273,0.745080171162218,2,0.00033015925947643687,False
1355,sql-injection,mixed,SonarQube,error,production,1814,0.32450478062000954,5,0.41231757808312486,False
1356,http-404-burst,clear_fp,SonarQube,note,infra,1254,0.4895395420941543,3,0.8090185422666974,True
1357,todo-comment,clear_fp,CodeQL,warning,production,239,0.06752818722587728,7,0.03065949015019731,True
1358,public-subnet,mixed,Semgrep,error,config,871,0.6393387635014058,5,0.525631914599504,False
1359,gdpr-data-leak,clear_vp,SonarQube,error,production,394,0.360884912494307,7,0.9348348021752354,False
1360,rce-confirmed,clear_vp,SonarQube,error,production,1740,0.9646855564468417,4,0.0763933167953057,False
1361,unused-import,clear_fp,Semgrep,none,production,1309,0.48221228175620945,8,0.4390530399513951,True
1362,weak-cipher,mixed,Semgrep,warning,config,975,0.11654836343355401,4,0.8487885877391554,False
1363,eval-detected,clear_fp,Semgrep,warning,production,1236,0.8839018149601086,4,0.8301169113081226,True
1364,bare-except,clear_fp,SonarQube,none,production,1988,0.5530731073672155,4,0.6519126067329519,True
1365,open-redirect,mixed,CodeQL,note,infra,1379,0.45185866513424044,5,0.7852946667226732,False
1366,rds-public,mixed,CodeQL,warning,infra,659,0.18630961750245023,4,0.05626994421471054,False
1367,assert-usage,clear_fp,SonarQube,note,test,1370,0.421229733685496,6,0.6533399244188108,True
1368,ssh-anomaly,mixed,SonarQube,note,test,983,0.8601204413974134,3,0.46199834279394847,True
1369,line-too-long,clear_fp,CodeQL,none,test,555,0.03425457362663997,7,0.34864447835571766,True
1370,rds-public,mixed,CodeQL,note,production,628,0.9951821206249387,3,0.6892840817509648,True
1371,latest-tag,clear_fp,CodeQL,none,production,1855,0.6027062694061975,4,0.6174565803977604,True
1372,s3-no-encryption,mixed,Semgrep,warning,production,1486,0.1437851730161922,4,0.0381316140914727,False
1373,dom-xss,clear_vp,CodeQL,error,test,924,0.734447277798688,4,0.5425702034080678,False
1374,dom-xss,clear_vp,Semgrep,error,config,703,0.5982018957938589,4,0.693075112970487,False
1375,prototype-pollution,mixed,Semgrep,note,infra,1136,0.18710842291725305,6,0.7346544978530639,False
1376,malware-callback,clear_vp,CodeQL,warning,config,888,0.523372147470971,9,0.9792330832972443,False
1377,line-too-long,clear_fp,Semgrep,error,config,1568,0.3256447769498927,5,0.6310141935045311,True
1378,prototype-pollution,mixed,SonarQube,error,infra,1526,0.11291033885887591,7,0.6501417346469641,False
1379,open-redirect,mixed,Semgrep,warning,infra,1403,0.9587846047250311,4,0.006488083780526455,False
1380,xss-reflected,mixed,CodeQL,error,production,1153,0.9261740440697538,3,0.8893277820194403,False
1381,sqli-confirmed,clear_vp,SonarQube,note,config,1598,0.9855022916368356,4,0.417562619448016,False
1382,rds-public,mixed,CodeQL,error,infra,1772,0.9160486762076435,3,0.7933097732158209,False
1383,sql-injection,mixed,CodeQL,note,production,1059,0.05671513828222552,5,0.20194086451198257,True
1384,sql-injection,mixed,SonarQube,none,production,1234,0.12211262136599399,3,0.7346220404322331,True
1385,eval-detected,clear_fp,SonarQube,error,production,982,0.616838376784242,3,0.4592373913640909,False
1386,assert-usage,clear_fp,CodeQL,warning,production,1558,0.4303926180160754,5,0.4962351738699511,True
1387,ssh-anomaly,mixed,CodeQL,note,production,1381,0.6504382637665866,7,0.07801869900073655,False
1388,insecure-deser,clear_vp,SonarQube,warning,test,257,0.5969602868455279,4,0.30062055985564207,False
1389,xss-reflected,mixed,SonarQube,warning,production,596,0.4999079566958077,3,0.06844625492905299,False
1390,dom-xss,clear_vp,CodeQL,none,production,1505,0.15806130029164933,1,0.7848913946638502,False
1391,todo-comment,clear_fp,Semgrep,error,config,28,0.6973580668337706,2,0.4814936785493943,True
1392,gdpr-data-leak,clear_vp,SonarQube,note,config,744,0.082738684750857,3,0.8433026752039908,False
1393,bare-except,clear_fp,SonarQube,warning,config,948,0.43176753819855795,6,0.030868132542461013,True
1394,http-404-burst,clear_fp,CodeQL,warning,test,29,0.6504833499946875,4,0.47095685239103,True
1395,assert-usage,clear_fp,CodeQL,warning,test,833,0.21489643357423183,3,0.6252083217429301,True
1396,todo-comment,clear_fp,CodeQL,note,production,1672,0.2409520426369428,3,0.3205873059917339,True
1397,xss-reflected,mixed,SonarQube,warning,test,1136,0.9612792423673864,4,0.40934296382894464,True
1398,rce-confirmed,clear_vp,SonarQube,none,production,1767,0.39494871367726303,3,0.9853576097747392,False
1399,prototype-pollution,mixed,SonarQube,warning,production,1337,0.13000695523276984,4,0.4028956110310057,True
1400,path-traversal,mixed,SonarQube,note,production,956,0.7468481212961181,7,0.32461724231147737,False
1401,insecure-deser,clear_vp,CodeQL,note,production,1659,0.26920991911439807,2,0.2231149585386668,False
1402,line-too-long,clear_fp,Semgrep,note,production,695,0.043345619927325774,5,0.6521139786237482,True
1403,prototype-pollution,mixed,CodeQL,error,production,707,0.4150454939539002,3,0.18787653894114598,False
1404,csrf-missing,mixed,Semgrep,warning,test,1836,0.04761237842748811,3,0.32393556607803375,True
1405,rce-confirmed,clear_vp,Semgrep,warning,test,1497,0.6480871121084563,4,0.3612617290703949,True
1406,public-subnet,mixed,Semgrep,warning,test,1985,0.07610105583336235,5,0.49329358056269235,False
1407,rce-confirmed,clear_vp,Semgrep,error,production,55,0.9410270826575747,5,0.6864108816231302,False
1408,assert-usage,clear_fp,CodeQL,error,config,850,0.8690471024768169,3,0.6276247009230531,True
1409,rds-public,mixed,Semgrep,note,test,1231,0.5127134815929951,6,0.5515876608066341,True
1410,hsts-missing,clear_fp,SonarQube,none,production,317,0.2970909687803208,5,0.7820645215724311,True
1411,s3-no-encryption,mixed,Semgrep,error,infra,893,0.8515511170493673,2,0.5767897084972363,False
1412,unused-import,clear_fp,CodeQL,note,production,1250,0.5023019051644463,5,0.9267924944093012,True
1413,rds-public,mixed,CodeQL,warning,production,1687,0.6206369521207595,4,0.04773378967875608,False
1414,xss-reflected,mixed,Semgrep,warning,test,1133,0.6383543048854777,7,0.9050840377609537,True
1415,rce-confirmed,clear_vp,Semgrep,note,infra,1766,0.2483184830248425,4,0.2427982645276724,False
1416,open-redirect,mixed,CodeQL,warning,test,1256,0.6611132411443931,4,0.7877714800885685,True
1417,hardcoded-secret,mixed,CodeQL,none,test,1308,0.5492200998868637,5,0.3884369385525741,True
1418,hsts-missing,clear_fp,CodeQL,error,production,302,0.6015346226306262,4,0.6834966170980852,True
1419,weak-cipher,mixed,SonarQube,error,production,1079,0.045572521613820305,11,0.6817831212123454,False
1420,bare-except,clear_fp,Semgrep,note,test,305,0.4066801840966585,5,0.7887095228136228,True
1421,command-injection,clear_vp,SonarQube,warning,production,644,0.9078261449292854,5,0.5956934958135682,False
1422,dns-exfiltration,clear_vp,CodeQL,error,config,1653,0.8504522733622586,7,0.3759611021613539,False
1423,insecure-deser,clear_vp,Semgrep,none,production,891,0.3481989822136604,2,0.8802156244855679,False
1424,deserialization,clear_vp,SonarQube,warning,test,1082,0.29708865318724076,5,0.85304066211651,True
1425,ssh-anomaly,mixed,SonarQube,warning,test,140,0.9877158687446709,5,0.6543493461623232,False
1426,hsts-missing,clear_fp,CodeQL,warning,test,31,0.8300653721957794,3,0.3620558501724914,True
1427,deserialization,clear_vp,Semgrep,none,production,445,0.8773650457130683,3,0.03180204081967042,False
1428,rds-public,mixed,SonarQube,error,production,878,0.4506234145701252,5,0.7343234082185247,False
1429,hardcoded-secret,mixed,SonarQube,none,production,934,0.6217593860953973,3,0.1667455686259366,True
1430,insecure-deser,clear_vp,CodeQL,error,production,27,0.13915483451822375,5,0.6176380505435449,False
1431,prototype-pollution,mixed,Semgrep,none,production,306,0.9722213709670056,4,0.8896013951243946,False
1432,weak-cipher,mixed,SonarQube,note,test,1005,0.2234273167496692,3,0.6217266153088818,True
1433,bare-except,clear_fp,SonarQube,note,infra,764,0.6491892846364932,3,0.6561618064448772,True
1434,command-injection,clear_vp,CodeQL,error,production,565,0.007541092715998676,5,0.4712948285333167,False
1435,rce-confirmed,clear_vp,CodeQL,note,infra,143,0.5619752393137492,4,0.03503165294061683,False
1436,eval-detected,clear_fp,SonarQube,warning,infra,1209,0.4254914134515433,3,0.6294785139623463,True
1437,prototype-pollution,mixed,Semgrep,note,production,1517,0.4688929855087839,1,0.7893230103611636,True
1438,public-subnet,mixed,SonarQube,note,test,1994,0.5463684910261374,5,0.23945481408550195,True
1439,http-404-burst,clear_fp,SonarQube,warning,test,1455,0.718703949501973,2,0.5707687965859014,True
1440,http-404-burst,clear_fp,CodeQL,warning,test,1326,0.5543616863422735,4,0.9900863745790824,True
1441,weak-cipher,mixed,SonarQube,none,production,697,0.5618138803383087,7,0.32158394036246507,True
1442,dom-xss,clear_vp,SonarQube,warning,config,1492,0.30431027647992326,2,0.9449086867499137,False
1443,rds-public,mixed,Semgrep,note,production,77,0.04451885141159995,6,0.6451056765863918,True
1444,public-subnet,mixed,Semgrep,error,config,1439,0.28583814466392876,4,0.034865906317025575,True
1445,csrf-missing,mixed,Semgrep,warning,infra,147,0.39835532196590906,2,0.5437267348301648,True
1446,csrf-missing,mixed,Semgrep,note,production,436,0.484368151342658,3,0.4100896832611529,True
1447,weak-cipher,mixed,Semgrep,warning,production,993,0.6972743463759475,2,0.05021596492080693,False
1448,bare-except,clear_fp,CodeQL,none,test,1824,0.8492687504381812,4,0.14730134571189302,False
1449,line-too-long,clear_fp,Semgrep,note,production,1974,0.1018373415997994,3,0.426954445496477,True
1450,deserialization,clear_vp,CodeQL,none,infra,895,0.6674280060069894,5,0.004197160830565205,False
1451,deserialization,clear_vp,SonarQube,warning,production,154,0.6802464906985235,2,0.9337621198067512,False
1452,s3-no-encryption,mixed,SonarQube,none,production,1496,0.06935167101859663,2,0.2957661311970958,True
1453,dom-xss,clear_vp,CodeQL,error,config,1997,0.7239678737735169,3,0.5238556070428226,False
1454,sql-injection,mixed,Semgrep,note,production,141,0.3774472858299742,2,0.7515530563490262,True
1455,prototype-pollution,mixed,SonarQube,error,test,542,0.5963798327023657,5,0.09106635598747259,False
1456,rds-public,mixed,Semgrep,note,test,1011,0.01608008640590597,2,0.7251376641998437,True
1457,weak-cipher,mixed,CodeQL,warning,production,1635,0.6060893405565367,1,0.7802065722011909,False
1458,line-too-long,clear_fp,CodeQL,warning,production,526,0.33515314262232065,4,0.6315778405210494,True
1459,assert-usage,clear_fp,SonarQube,note,production,829,0.17722238330646967,4,0.4924226893985947,True
1460,dns-exfiltration,clear_vp,SonarQube,warning,production,1326,0.36166490253609496,5,0.10996482813170616,False
1461,insecure-deser,clear_vp,CodeQL,note,production,1864,0.44678116303137805,7,0.6015620688219003,False
1462,deserialization,clear_vp,CodeQL,warning,production,1452,0.5967765959309443,2,0.7675951182531763,False
1463,catch-generic,clear_fp,SonarQube,warning,config,194,0.5094018695309703,6,0.0035489918647713115,True
1464,open-redirect,mixed,SonarQube,note,config,134,0.6644769629063916,4,0.34842264778909304,True
1465,weak-cipher,mixed,CodeQL,error,production,1881,0.013993410170462628,5,0.6591135216215475,False
1466,http-404-burst,clear_fp,CodeQL,warning,production,302,0.18097957760599515,5,0.8186274411366156,True
1467,eval-detected,clear_fp,CodeQL,warning,infra,1105,0.7949509328246771,6,0.32456428425547634,True
1468,hsts-missing,clear_fp,Semgrep,note,test,1333,0.11780721306768427,2,0.14034197271804583,True
1469,todo-comment,clear_fp,Semgrep,note,production,460,0.7536218805843591,8,0.9804488986363927,True
1470,prototype-pollution,mixed,SonarQube,warning,test,1624,0.49835793429443775,2,0.8830577292325673,True
1471,sqli-confirmed,clear_vp,Semgrep,error,production,1644,0.9199013664369213,6,0.2955524986352176,False
1472,unused-import,clear_fp,CodeQL,warning,test,521,0.7071602939808602,3,0.27885053008676475,True
1473,rds-public,mixed,Semgrep,warning,infra,120,0.8964852726424966,2,0.10731866047401506,True
1474,assert-usage,clear_fp,Semgrep,warning,production,1847,0.1567043477959481,3,0.5275259236745986,True
1475,insecure-deser,clear_vp,Semgrep,note,test,1097,0.06742386620368168,4,0.9855193569028654,False
1476,public-subnet,mixed,Semgrep,error,production,1739,0.3425392295096077,1,0.3600209378545035,False
1477,dns-exfiltration,clear_vp,CodeQL,note,infra,1570,0.3311764141010678,5,0.38649010605851464,False
1478,latest-tag,clear_fp,SonarQube,none,production,1039,0.5149878547278329,5,0.27402469403848584,True
1479,rce-confirmed,clear_vp,CodeQL,warning,production,302,0.9022815704406234,3,0.6101948316486301,False
1480,sqli-confirmed,clear_vp,CodeQL,warning,infra,1294,0.5612056530988694,4,0.554842190371608,False
1481,deserialization,clear_vp,Semgrep,note,test,849,0.9062657925730495,6,0.5186462894216692,False
1482,rds-public,mixed,CodeQL,warning,production,794,0.6204143747135337,2,0.3353742848795249,False
1483,line-too-long,clear_fp,SonarQube,note,infra,1818,0.041004688694782465,8,0.8786309261730072,True
1484,todo-comment,clear_fp,SonarQube,note,config,1304,0.9899349514629996,3,0.7876011464616444,True
1485,todo-comment,clear_fp,SonarQube,note,config,702,0.6151321848133509,6,0.8581783863106291,True
1486,catch-generic,clear_fp,CodeQL,note,test,1604,0.11624575268993798,5,0.5070476590476781,True
1487,prototype-pollution,mixed,SonarQube,none,test,1307,0.3681635138512874,3,0.6085815978756451,True
1488,bare-except,clear_fp,CodeQL,warning,infra,384,0.24962033784357585,4,0.7005988109481615,True
1489,command-injection,clear_vp,Semgrep,note,production,165,0.5102578212000898,3,0.049088749948990595,False
1490,gdpr-data-leak,clear_vp,CodeQL,warning,test,1837,0.36133941976948436,2,0.877159802018011,False
1491,bare-except,clear_fp,CodeQL,note,production,1305,0.061406583141121684,4,0.44809111279591984,False
1492,unused-import,clear_fp,Semgrep,error,config,1236,0.8782066742268435,4,0.810587344410973,True
1493,sql-injection,mixed,CodeQL,note,production,939,0.2807519507463412,4,0.5911847871160733,False
1494,rds-public,mixed,Semgrep,note,test,986,0.059766607641346225,1,0.878116722105682,False
1495,bare-except,clear_fp,SonarQube,note,test,232,0.7848372497826352,2,0.7745602499145873,True
1496,latest-tag,clear_fp,Semgrep,error,test,1537,0.19380424246791583,3,0.8381920347835841,True
1497,catch-generic,clear_fp,CodeQL,warning,production,322,0.9004053185650672,3,0.7417833308897033,False
1498,path-traversal,mixed,SonarQube,note,test,1581,0.15870271235833644,2,0.755577195283873,True
1499,csrf-missing,mixed,CodeQL,warning,production,865,0.023089622682200828,4,0.9867755973855576,False
1500,latest-tag,clear_fp,Semgrep,warning,test,1989,0.30439435255199665,4,0.6269719088061033,True
1501,command-injection,clear_vp,CodeQL,error,production,1412,0.7682759477995226,6,0.9719056826516705,False
1502,open-redirect,mixed,Semgrep,warning,test,1037,0.5297684675304802,8,0.22255370972767097,True
1503,assert-usage,clear_fp,Semgrep,note,infra,1347,0.4482388465553965,6,0.226338278437486,False
1504,latest-tag,clear_fp,Semgrep,warning,production,1313,0.6713910048249883,7,0.44989585598809345,True
1505,todo-comment,clear_fp,CodeQL,warning,test,215,0.11468124237867017,3,0.3583229285893832,True
1506,latest-tag,clear_fp,Semgrep,note,production,538,0.919876727675241,3,0.21890616259131657,True
1507,insecure-deser,clear_vp,Semgrep,none,production,1720,0.25261946060177465,5,0.9921514352300481,False
1508,eval-detected,clear_fp,CodeQL,none,production,462,0.7004774696901418,4,0.2923725843302546,True
1509,rds-public,mixed,CodeQL,warning,test,5,0.674760833716514,3,0.007808400180381647,True
1510,weak-cipher,mixed,Semgrep,warning,production,1699,0.4192369414973601,5,0.5335076625164867,False
1511,weak-cipher,mixed,SonarQube,error,test,1383,0.9418033596009769,7,0.7163079820812245,False
1512,xss-reflected,mixed,CodeQL,warning,infra,921,0.4281756874621504,3,0.018555539069860405,True
1513,rce-confirmed,clear_vp,SonarQube,note,production,1652,0.9172955966148854,2,0.8519307491238942,False
1514,todo-comment,clear_fp,SonarQube,warning,config,1074,0.04891182527848703,6,0.8406815086175822,True
1515,csrf-missing,mixed,Semgrep,note,production,445,0.18174758268909363,4,0.8055734528147533,False
1516,unused-import,clear_fp,Semgrep,warning,config,996,0.06767516322559997,6,0.9612347038921889,True
1517,xss-reflected,mixed,SonarQube,error,production,1116,0.14817773032947368,1,0.6412149902350247,False
1518,hsts-missing,clear_fp,SonarQube,warning,production,1264,0.6821401728913017,3,0.0809411343090185,True
1519,hardcoded-secret,mixed,SonarQube,warning,production,453,0.7086035243406688,1,0.2961743146016024,False
1520,sqli-confirmed,clear_vp,Semgrep,note,config,1495,0.9367135596314982,2,0.6097114892418671,True
1521,gdpr-data-leak,clear_vp,CodeQL,note,infra,77,0.35675667919769427,3,0.6294644101765912,False
1522,public-subnet,mixed,Semgrep,note,production,229,0.5257888435355464,3,0.4759759686597461,False
1523,sqli-confirmed,clear_vp,Semgrep,note,infra,1882,0.5785984906780975,5,0.5926158115981464,False
1524,rds-public,mixed,Semgrep,warning,test,110,0.6622475475214803,4,0.8445563757121602,True
1525,rce-confirmed,clear_vp,Semgrep,note,infra,10,0.4803975881875302,4,0.20941458959528536,False
1526,prototype-pollution,mixed,Semgrep,warning,production,954,0.8691828639805104,6,0.9012087358416124,True
1527,ssrf-request,clear_vp,SonarQube,warning,production,319,0.9345311515910517,4,0.7680814070435371,False
1528,catch-generic,clear_fp,Semgrep,none,test,644,0.547039143620656,2,0.9508410342291114,True
1529,dns-exfiltration,clear_vp,Semgrep,none,config,146,0.5058046230176674,3,0.8523045263082838,False
1530,weak-cipher,mixed,SonarQube,warning,production,262,0.36319124635413835,4,0.6399989035967482,True
1531,public-subnet,mixed,Semgrep,warning,config,79,0.7311079607181669,3,0.04193587507510199,True
1532,latest-tag,clear_fp,CodeQL,warning,infra,1198,0.30930766548529764,3,0.373617772310308,True
1533,gdpr-data-leak,clear_vp,Semgrep,error,production,1047,0.30526653801226666,3,0.051801033415810105,False
1534,malware-callback,clear_vp,Semgrep,note,test,557,0.8118107694391947,6,0.2928128551047844,False
1535,csrf-missing,mixed,CodeQL,warning,production,996,0.794427472183747,3,0.9194213159947,True
1536,dns-exfiltration,clear_vp,Semgrep,error,production,1665,0.17744614746874354,3,0.46433265261803425,False
1537,sqli-confirmed,clear_vp,Semgrep,warning,config,1587,0.6706877646636611,6,0.32059390708031776,False
1538,rce-confirmed,clear_vp,Semgrep,error,production,1791,0.18391205123282506,2,0.6885995206754952,False
1539,path-traversal,mixed,SonarQube,warning,production,1052,0.3837267594912731,2,0.20934811596785163,False
1540,public-subnet,mixed,Semgrep,note,config,989,0.19253481772377334,4,0.7167463829100775,True
1541,path-traversal,mixed,SonarQube,none,production,71,0.7771435685225458,5,0.2012993485600898,True
1542,path-traversal,mixed,SonarQube,error,test,898,0.8310534408973382,2,0.3064577313504506,True
1543,unused-import,clear_fp,Semgrep,warning,production,1318,0.23520499309773135,5,0.17239292274700968,True
1544,xss-reflected,mixed,SonarQube,note,test,329,0.69159711410201,4,0.5110290653086953,True
1545,malware-callback,clear_vp,Semgrep,note,production,261,0.4506882886051886,5,0.9576043711161709,False
1546,gdpr-data-leak,clear_vp,SonarQube,warning,config,1243,0.870327593704692,5,0.2873799152555684,False
1547,latest-tag,clear_fp,Semgrep,warning,config,756,0.6501792222182673,5,0.22244616775986503,True
1548,csrf-missing,mixed,CodeQL,warning,test,1700,0.3137669762884384,5,0.9996948313711949,False
1549,csrf-missing,mixed,SonarQube,warning,config,265,0.5051579186281667,6,0.8889522556906401,False
1550,malware-callback,clear_vp,SonarQube,warning,test,525,0.5038971982925826,2,0.012168345382033152,True
1551,rds-public,mixed,SonarQube,error,production,1817,0.7157876963462942,2,0.5787178554398685,False
1552,dns-exfiltration,clear_vp,SonarQube,none,production,1004,0.8309561775565132,4,0.2180164985319386,False
1553,xss-reflected,mixed,SonarQube,error,config,293,0.49928340116305314,5,0.04033598753275214,False
1554,open-redirect,mixed,CodeQL,warning,config,744,0.7979467708924225,4,0.050645326443726324,False
1555,assert-usage,clear_fp,Semgrep,error,config,1921,0.012619862089148004,1,0.17078295878214467,True
1556,s3-no-encryption,mixed,SonarQube,warning,production,1152,0.3941133835127284,4,0.940746723077666,True
1557,open-redirect,mixed,CodeQL,error,production,315,0.2702047633041317,5,0.9004116380886182,False
1558,malware-callback,clear_vp,CodeQL,error,production,1606,0.5590065389858901,2,0.8711321210821681,False
1559,sqli-confirmed,clear_vp,Semgrep,warning,test,1480,0.264992791220541,5,0.7590554097105976,False
1560,malware-callback,clear_vp,CodeQL,warning,production,263,0.5761854125072724,5,0.9906955658991805,False
1561,line-too-long,clear_fp,Semgrep,note,production,920,0.11333408544770585,5,0.5259570992680407,True
1562,latest-tag,clear_fp,SonarQube,error,production,71,0.3726760954958379,6,0.08823432528563446,True
1563,weak-cipher,mixed,SonarQube,warning,config,726,0.4358282342202101,3,0.8479377577586286,False
1564,hardcoded-secret,mixed,SonarQube,none,production,19,0.22885827582349705,4,0.2210658650472167,False
1565,prototype-pollution,mixed,SonarQube,note,config,1480,0.28168183364816834,4,0.7073449591910562,True
1566,sql-injection,mixed,Semgrep,warning,production,1423,0.1907815700915636,3,0.3505946722761345,True
1567,s3-no-encryption,mixed,Semgrep,note,infra,656,0.6438472028115468,2,0.13884164254798526,False
1568,malware-callback,clear_vp,CodeQL,warning,production,743,0.5247292604295243,4,0.27789439784074976,False
1569,malware-callback,clear_vp,CodeQL,warning,production,465,0.11374301941372433,6,0.18892855544869447,False
1570,rce-confirmed,clear_vp,SonarQube,warning,config,1347,0.3252253005314737,2,0.7818535394902439,False
1571,line-too-long,clear_fp,SonarQube,error,test,624,0.6327151243009916,6,0.6045626646042376,True
1572,rds-public,mixed,SonarQube,warning,config,1642,0.5431531237064317,3,0.4843969157830629,False
1573,rds-public,mixed,SonarQube,error,infra,74,0.9150451261446532,4,0.5508163254507054,False
1574,ssh-anomaly,mixed,CodeQL,warning,test,1320,0.028589209939715032,2,0.7497463586283942,False
1575,open-redirect,mixed,Semgrep,warning,production,1283,0.7768809957583076,7,0.943379718994751,True
1576,deserialization,clear_vp,Semgrep,error,test,944,0.5726665034718926,5,0.6607353676247317,True
1577,hsts-missing,clear_fp,Semgrep,none,test,685,0.1764266966024014,3,0.11315900658967626,True
1578,dom-xss,clear_vp,SonarQube,error,production,223,0.9222497012503753,1,9.295975584744376e-06,False
1579,open-redirect,mixed,SonarQube,note,production,1154,0.7456089284998436,5,0.769543546015249,True
1580,public-subnet,mixed,Semgrep,none,production,563,0.6996947009573651,4,0.5354997154223736,True
1581,hsts-missing,clear_fp,CodeQL,none,test,52,0.7257365100090378,3,0.640948190662361,True
1582,line-too-long,clear_fp,Semgrep,warning,production,1492,0.3093668671363111,6,0.0585976358762752,True
1583,http-404-burst,clear_fp,SonarQube,error,production,29,0.5867667638280274,2,0.2418696361137903,True
1584,xss-reflected,mixed,Semgrep,warning,infra,1881,0.7070517267140926,1,0.19768408569423856,False
1585,command-injection,clear_vp,Semgrep,warning,production,1563,0.20679636635760645,5,0.09972360006606873,False
1586,eval-detected,clear_fp,Semgrep,warning,config,332,0.9891020145393196,6,0.5807248661428057,True
1587,rds-public,mixed,SonarQube,warning,test,1422,0.08080905990536413,5,0.21322034907000087,True
1588,rce-confirmed,clear_vp,CodeQL,none,production,555,0.42468515847225496,3,0.9256635763208915,False
1589,prototype-pollution,mixed,CodeQL,note,test,1457,0.8776692678517609,6,0.9061375875672343,True
1590,insecure-deser,clear_vp,SonarQube,error,production,952,0.06637625308440853,3,0.7621209753744086,True
1591,open-redirect,mixed,Semgrep,none,production,810,0.4514588460004906,3,0.9760951791114886,True
1592,path-traversal,mixed,CodeQL,warning,production,608,0.9663118582194857,5,0.178833361249222,True
1593,bare-except,clear_fp,SonarQube,error,infra,1993,0.1049903751251351,3,0.005067114497262271,True
1594,insecure-deser,clear_vp,CodeQL,warning,production,1970,0.25374872039489194,2,0.4103350662149784,False
1595,open-redirect,mixed,SonarQube,note,test,318,0.4769678910959445,5,0.43883673808413093,True
1596,assert-usage,clear_fp,SonarQube,note,production,1274,0.6549481120981441,4,0.5658897560424324,True
1597,gdpr-data-leak,clear_vp,SonarQube,warning,production,9,0.04664145092581107,4,0.02864593131025661,False
1598,catch-generic,clear_fp,CodeQL,error,test,1003,0.7712572199178752,7,0.0002864743929102964,True
1599,hsts-missing,clear_fp,SonarQube,note,test,578,0.9708474014850094,4,0.9016691456322934,True
1600,csrf-missing,mixed,Semgrep,error,infra,59,0.8563373248357075,4,0.40674055384111485,False
1601,todo-comment,clear_fp,SonarQube,warning,infra,884,0.2773399179389394,1,0.8653756121021096,True
1602,prototype-pollution,mixed,Semgrep,warning,production,941,0.8603503348085565,3,0.38959524843862814,True
1603,public-subnet,mixed,SonarQube,note,test,334,0.38655787373149264,2,0.07949174835268746,True
1604,path-traversal,mixed,Semgrep,note,production,1351,0.07394868986970127,5,0.9856609574568044,True
1605,command-injection,clear_vp,Semgrep,error,production,1156,0.5854700290228892,4,0.6183403172799412,False
1606,assert-usage,clear_fp,SonarQube,note,infra,1252,0.33383152370207203,5,0.025440901132439353,True
1607,rds-public,mixed,Semgrep,note,test,1454,0.9463169456136573,3,0.7410854101506894,True
1608,weak-cipher,mixed,Semgrep,none,production,1063,0.7349531581167693,3,0.0939198571680756,True
1609,path-traversal,mixed,CodeQL,error,production,380,0.4105329264558768,2,0.4458217820716792,False
1610,hardcoded-secret,mixed,SonarQube,none,production,1904,0.9554621436287786,4,0.991142773743137,False
1611,dom-xss,clear_vp,SonarQube,error,infra,385,0.03672818890591556,3,0.5771348348692575,False
1612,assert-usage,clear_fp,CodeQL,note,infra,1974,0.4323379441876859,6,0.17770081478953292,True
1613,sql-injection,mixed,SonarQube,warning,production,1853,0.5566058981802935,3,0.24681174515403614,False
1614,deserialization,clear_vp,CodeQL,note,infra,1863,0.9832806025751739,3,0.3781539679503604,False
1615,hardcoded-secret,mixed,Semgrep,note,production,1126,0.5532374528854946,4,0.9816656499299057,True
1616,open-redirect,mixed,SonarQube,none,production,437,0.5227857330514172,3,0.9585186081814263,True
1617,sqli-confirmed,clear_vp,Semgrep,error,test,726,0.5953577798139739,3,0.2486674861728393,False
1618,csrf-missing,mixed,CodeQL,error,config,804,0.9019880942931561,3,0.3712349344741195,False
1619,latest-tag,clear_fp,Semgrep,warning,infra,1366,0.40368817745666385,4,0.6874153330188532,True
1620,gdpr-data-leak,clear_vp,CodeQL,note,infra,1311,0.2713690150250564,4,0.5418809537726811,True
1621,prototype-pollution,mixed,SonarQube,note,production,35,0.4219693806087417,2,0.7459169379985563,True
1622,bare-except,clear_fp,Semgrep,note,test,1449,0.3319915634237086,4,0.36432460511540166,True
1623,line-too-long,clear_fp,CodeQL,warning,production,204,0.7332195695814102,3,0.5636586996350151,True
1624,hsts-missing,clear_fp,Semgrep,note,production,1838,0.7365579823309495,4,0.8482291325528488,True
1625,sql-injection,mixed,Semgrep,none,test,1112,0.40719284968585356,3,0.35706613875330606,True
1626,prototype-pollution,mixed,Semgrep,error,test,1396,0.5535916089787103,4,0.3683973702210215,True
1627,todo-comment,clear_fp,SonarQube,warning,infra,147,0.23437158640380573,5,0.40786296342566186,True
1628,bare-except,clear_fp,Semgrep,error,production,1017,0.4215293648470272,6,0.169067061164613,True
1629,ssrf-request,clear_vp,Semgrep,warning,production,1486,0.7624196216457234,6,0.16058687072312583,False
1630,insecure-deser,clear_vp,Semgrep,error,production,763,0.977455268334961,3,0.8255406915073545,False
1631,todo-comment,clear_fp,Semgrep,error,production,1869,0.01376469333539998,2,0.2863965784275785,True
1632,http-404-burst,clear_fp,CodeQL,note,config,583,0.5038200987207079,3,0.43187038961246926,True
1633,sql-injection,mixed,SonarQube,note,production,1026,0.21477939931478396,6,0.2907012606932192,False
1634,catch-generic,clear_fp,SonarQube,warning,production,448,0.8521327196193863,6,0.7737317369377926,True
1635,assert-usage,clear_fp,CodeQL,warning,production,1266,0.21089030490099125,5,0.004759040069905018,True
1636,rds-public,mixed,Semgrep,none,production,1980,0.4157543876756019,4,0.6103077815400959,True
1637,hardcoded-secret,mixed,CodeQL,warning,production,1037,0.24282954419334069,3,0.8762077263876397,False
1638,line-too-long,clear_fp,Semgrep,warning,test,1326,0.5097504116137672,4,0.9041079054576358,True
1639,deserialization,clear_vp,CodeQL,error,production,1968,0.4570252804809394,1,0.4432573413593345,False
1640,eval-detected,clear_fp,Semgrep,warning,infra,1551,0.5984861064260061,2,0.3637615549817358,True
1641,prototype-pollution,mixed,CodeQL,warning,test,994,0.22064594467895704,4,0.19209764520135264,True
1642,http-404-burst,clear_fp,SonarQube,note,test,1022,0.3507408988828107,5,0.7257690156723606,True
1643,rds-public,mixed,Semgrep,note,production,597,0.39923916966917916,3,0.9754904983310557,True
1644,assert-usage,clear_fp,Semgrep,warning,test,1288,0.7286004799966389,7,0.19132550269045678,True
1645,latest-tag,clear_fp,Semgrep,warning,infra,1722,0.8146978461200154,3,0.8907579670089915,False
1646,public-subnet,mixed,SonarQube,note,infra,1440,0.3724111440144412,5,0.7104642835964525,True
1647,unused-import,clear_fp,SonarQube,none,test,1753,0.6824061619553177,2,0.22024694043137183,True
1648,todo-comment,clear_fp,SonarQube,error,production,1708,0.20161989881059528,2,0.518354790594183,False
1649,rce-confirmed,clear_vp,Semgrep,error,production,63,0.050107029939968406,5,0.9261328387732337,False
1650,todo-comment,clear_fp,CodeQL,error,production,1645,0.05332979269680016,2,0.42960141416764697,True
1651,assert-usage,clear_fp,Semgrep,warning,infra,1548,0.6942244891827255,3,0.35135901433178085,True
1652,ssh-anomaly,mixed,SonarQube,note,production,994,0.13709994679883297,6,0.28910125385843044,True
1653,rds-public,mixed,CodeQL,error,production,344,0.04984939463504168,2,0.8876583284622761,False
1654,open-redirect,mixed,SonarQube,note,infra,1039,0.7535853589994951,3,0.07088550580912611,False
1655,insecure-deser,clear_vp,SonarQube,error,production,1483,0.7796418224163886,7,0.1621418788898954,False
1656,gdpr-data-leak,clear_vp,SonarQube,error,production,1334,0.7458010487660107,3,0.7969926239790721,False
1657,csrf-missing,mixed,SonarQube,warning,test,1899,0.18394770616062162,5,0.9111695845150212,True
1658,sql-injection,mixed,CodeQL,warning,production,1918,0.980630125146547,4,0.8770308605094929,False
1659,dom-xss,clear_vp,Semgrep,note,test,1419,0.29714931868899164,4,0.6846716274158617,False
1660,gdpr-data-leak,clear_vp,Semgrep,note,production,894,0.37332919242503027,5,0.5682718543000335,False
1661,dns-exfiltration,clear_vp,CodeQL,error,production,1222,0.5372522720033387,1,0.9535568067200983,False
1662,unused-import,clear_fp,CodeQL,note,test,594,0.029552790941618556,6,0.9719869971956716,False
1663,hardcoded-secret,mixed,CodeQL,note,production,1618,0.6848683400268474,5,0.39173509628512104,False
1664,dom-xss,clear_vp,SonarQube,note,test,1100,0.46625674111737336,1,0.40178524516275893,False
1665,bare-except,clear_fp,Semgrep,warning,config,1620,0.9644367331750017,2,0.46367975075490786,True
1666,open-redirect,mixed,CodeQL,warning,production,1911,0.39289229583117913,5,0.41354052274348874,False
1667,latest-tag,clear_fp,CodeQL,error,production,101,0.847861289761902,3,0.32876215914247686,True
1668,catch-generic,clear_fp,CodeQL,none,production,675,0.32050339367373804,4,0.35083823149445414,True
1669,hsts-missing,clear_fp,SonarQube,note,infra,718,0.9885030699282062,5,0.6226878136965482,True
1670,rds-public,mixed,SonarQube,warning,production,17,0.18688071205055523,6,0.15619647873382503,False
1671,public-subnet,mixed,SonarQube,note,production,677,0.3425421656593509,3,0.5971243771775492,True
1672,assert-usage,clear_fp,SonarQube,warning,config,857,0.029810722853826133,4,0.24931780652009627,True
1673,deserialization,clear_vp,CodeQL,warning,config,1281,0.3965785613115773,5,0.32479287078831576,False
1674,malware-callback,clear_vp,CodeQL,warning,config,1396,0.8010759202494938,3,0.2909037201689264,False
1675,todo-comment,clear_fp,SonarQube,warning,config,1949,0.5892329898300337,6,0.08438554800944842,True
1676,weak-cipher,mixed,CodeQL,note,production,1647,0.954753678945957,8,0.5457774854056106,False
1677,dns-exfiltration,clear_vp,SonarQube,note,test,529,0.21101322898736052,1,0.7106700939415648,False
1678,sql-injection,mixed,SonarQube,error,infra,530,0.501724646783326,5,0.9013927493304957,True
1679,deserialization,clear_vp,Semgrep,error,production,295,0.2705348441339891,4,0.10656288374105172,False
1680,http-404-burst,clear_fp,CodeQL,note,infra,1591,0.3377349354815543,2,0.32105328537998534,True
1681,malware-callback,clear_vp,SonarQube,warning,production,1732,0.17480789377518613,3,0.920192599767068,False
1682,prototype-pollution,mixed,SonarQube,none,production,1701,0.9501683407630936,3,0.7376111617321327,False
1683,ssrf-request,clear_vp,CodeQL,error,test,1435,0.5753817036099419,6,0.48208115823227327,False
1684,command-injection,clear_vp,Semgrep,warning,test,1253,0.5978422099949774,6,0.6913463413275371,True
1685,rce-confirmed,clear_vp,CodeQL,note,production,1475,0.5499889821142169,4,0.24350626073859472,False
1686,rce-confirmed,clear_vp,CodeQL,error,test,863,0.2955432111559676,7,0.8075571414777902,True
1687,ssrf-request,clear_vp,SonarQube,note,production,366,0.4433200064790801,3,0.3466396943698862,False
1688,xss-reflected,mixed,CodeQL,warning,config,235,0.6310593315181711,4,0.0697534853203392,False
1689,sqli-confirmed,clear_vp,SonarQube,none,test,985,0.32765502992164286,4,0.3854241780866443,False
1690,latest-tag,clear_fp,SonarQube,error,production,1174,0.11249795781388539,3,0.8127300494315858,False
1691,insecure-deser,clear_vp,CodeQL,error,production,706,0.09953566111081602,4,0.8907930516903237,False
1692,hsts-missing,clear_fp,CodeQL,error,config,347,0.42544911655181694,4,0.912881745222697,True
1693,deserialization,clear_vp,CodeQL,warning,production,440,0.338754112224362,3,0.5613444478808775,False
1694,weak-cipher,mixed,Semgrep,warning,test,387,0.49332627679654684,4,0.6965307936042223,False
1695,dns-exfiltration,clear_vp,Semgrep,warning,production,1680,0.28971539812485825,5,0.6146456795311703,True
1696,todo-comment,clear_fp,Semgrep,warning,test,1217,0.19289374368137735,2,0.30838921290166066,True
1697,weak-cipher,mixed,CodeQL,note,test,978,0.9869229565036002,2,0.7314482607086997,False
1698,dom-xss,clear_vp,SonarQube,warning,production,1063,0.0781214307897442,7,0.6953081080935307,False
1699,public-subnet,mixed,Semgrep,note,production,394,0.4878248502545447,11,0.6348213175298393,True
1700,eval-detected,clear_fp,Semgrep,warning,infra,272,0.055888268253075246,3,0.19023988380879897,True
1701,eval-detected,clear_fp,SonarQube,none,infra,1971,0.6435354782857309,4,0.4638940204404267,True
1702,eval-detected,clear_fp,Semgrep,none,production,1567,0.14958970291336182,3,0.023146251027063802,False
1703,path-traversal,mixed,Semgrep,warning,infra,1154,0.8591668623262577,3,0.8250303122434446,False
1704,hsts-missing,clear_fp,CodeQL,note,test,709,0.37188050458859123,3,0.7970993070673452,True
1705,rds-public,mixed,SonarQube,warning,config,851,0.8783774196955995,3,0.3095089587622316,False
1706,eval-detected,clear_fp,CodeQL,note,production,535,0.5826172514622532,3,0.9176490800218589,True
1707,xss-reflected,mixed,Semgrep,warning,infra,735,0.8375059576869368,6,0.9274036757291033,True
1708,csrf-missing,mixed,CodeQL,note,infra,1120,0.1563145983418177,3,0.003442498944409733,True
1709,dom-xss,clear_vp,Semgrep,warning,production,37,0.07028761402991868,8,0.11322579225121754,False
1710,s3-no-encryption,mixed,SonarQube,warning,production,996,0.7662316622037167,3,0.14199220593024975,False
1711,public-subnet,mixed,SonarQube,none,test,1665,0.21914496823258034,7,0.5183981907879688,True
1712,prototype-pollution,mixed,SonarQube,note,infra,408,0.30321247022290354,2,0.5203167221940654,True
1713,open-redirect,mixed,CodeQL,error,test,146,0.25246929752127956,4,0.7816812079596197,False
1714,open-redirect,mixed,Semgrep,warning,test,1460,0.5030441163645629,4,0.35611823021709244,True
1715,hardcoded-secret,mixed,Semgrep,note,config,608,0.8013471439617122,3,0.5511646014736526,False
1716,deserialization,clear_vp,Semgrep,none,infra,503,0.7241589492063322,2,0.17865365082599638,False
1717,xss-reflected,mixed,SonarQube,note,production,484,0.42310548127632985,4,0.9896928677865222,True
1718,hsts-missing,clear_fp,CodeQL,none,production,1060,0.12630992662205498,4,0.3385446476334715,True
1719,bare-except,clear_fp,CodeQL,warning,config,556,0.30052954971714696,4,0.9203335616722674,True
1720,ssrf-request,clear_vp,SonarQube,warning,test,278,0.39848768913933497,2,0.8830658080886833,False
1721,catch-generic,clear_fp,CodeQL,warning,infra,1034,0.5584492006799889,2,0.6596213684755208,True
1722,s3-no-encryption,mixed,CodeQL,note,test,1560,0.7904812709114372,2,0.4639324537746842,True
1723,deserialization,clear_vp,SonarQube,warning,test,1670,0.41362841810985407,5,0.6530842219930989,False
1724,todo-comment,clear_fp,CodeQL,note,test,1028,0.8339083739245192,2,0.1916033575185323,True
1725,assert-usage,clear_fp,CodeQL,error,production,1902,0.8845697455765414,3,0.03685182072579163,True
1726,gdpr-data-leak,clear_vp,Semgrep,note,test,179,0.5437389561639286,4,0.35948773385211985,False
1727,weak-cipher,mixed,CodeQL,note,production,1606,0.9282850116507411,6,0.790856177686854,True
1728,prototype-pollution,mixed,CodeQL,error,config,1660,0.10053155078621911,7,0.7901235947217103,False
1729,ssrf-request,clear_vp,CodeQL,note,production,841,0.48846948224993525,2,0.42631966680431477,False
1730,deserialization,clear_vp,Semgrep,note,infra,1022,0.17895044029717733,6,0.9110737569064792,False
1731,sqli-confirmed,clear_vp,SonarQube,none,test,463,0.14936144743043134,5,0.2959446652383303,False
1732,assert-usage,clear_fp,CodeQL,error,production,75,0.07091331078599106,2,0.7494955054616756,False
1733,ssrf-request,clear_vp,CodeQL,error,test,683,0.03643948610339409,1,0.727818406510738,False
1734,unused-import,clear_fp,CodeQL,warning,production,1970,0.40937908177023075,4,0.13295227076596694,True
1735,prototype-pollution,mixed,Semgrep,warning,production,1467,0.13697450097106467,2,0.6068886817472076,False
1736,public-subnet,mixed,CodeQL,none,test,790,0.44403866304037454,4,0.40199613737855644,True
1737,s3-no-encryption,mixed,Semgrep,warning,config,777,0.5354489996474344,4,0.1786317131268853,False
1738,catch-generic,clear_fp,CodeQL,warning,production,1400,0.16161664810477816,5,0.25230553110059106,True
1739,bare-except,clear_fp,CodeQL,warning,infra,96,0.39814928393433024,2,0.9783402327965833,True
1740,prototype-pollution,mixed,CodeQL,note,production,857,0.20513418088612723,4,0.9145090427186567,True
1741,gdpr-data-leak,clear_vp,SonarQube,note,test,397,0.39121816504142104,4,0.3341838423754696,False
1742,public-subnet,mixed,SonarQube,error,production,1318,0.08151103603394316,1,0.32999580361079417,False
1743,public-subnet,mixed,Semgrep,warning,production,35,0.8111178727406951,3,0.16810686120613372,False
1744,path-traversal,mixed,Semgrep,error,production,1379,0.5284683395078745,5,0.8153541341503657,False
1745,rds-public,mixed,Semgrep,error,production,27,0.40483213398522533,1,0.27254939506164544,False
1746,assert-usage,clear_fp,Semgrep,note,infra,364,0.5820959322825418,4,0.7333602826844045,True
1747,malware-callback,clear_vp,SonarQube,note,infra,1591,0.8816149409898382,7,0.5310680198223631,False
1748,weak-cipher,mixed,SonarQube,warning,production,197,0.9534019462519872,3,0.5153163358913544,False
1749,public-subnet,mixed,Semgrep,none,test,455,0.5050287713869993,4,0.45255466194856786,True
1750,hsts-missing,clear_fp,Semgrep,warning,production,758,0.7107984108007185,6,0.8463430588751987,True
1751,deserialization,clear_vp,Semgrep,error,test,751,0.8426226174758201,3,0.4696489233316238,False
1752,todo-comment,clear_fp,SonarQube,error,infra,353,0.5409203070273668,4,0.4043168136146872,True
1753,path-traversal,mixed,SonarQube,none,infra,1527,0.16907180255676502,4,0.7808146310852956,True
1754,xss-reflected,mixed,Semgrep,none,production,1721,0.5892560729026746,4,0.9124901345820481,True
1755,bare-except,clear_fp,Semgrep,error,production,536,0.17829326163655235,7,0.36570053019507354,True
1756,catch-generic,clear_fp,Semgrep,note,production,1891,0.20962988795134618,3,0.5113587887333509,False
1757,sql-injection,mixed,Semgrep,warning,config,1898,0.5363298252861061,5,0.34401370827118916,False
1758,http-404-burst,clear_fp,Semgrep,note,production,1273,0.6544165238520121,5,0.7619486989401476,True
1759,todo-comment,clear_fp,SonarQube,none,infra,468,0.5154224480069131,5,0.42896597568676376,True
1760,insecure-deser,clear_vp,SonarQube,error,production,1681,0.24090983623071816,4,0.42756090012069714,False
1761,malware-callback,clear_vp,CodeQL,warning,production,1078,0.8712969832225722,2,0.9623394230171654,True
1762,csrf-missing,mixed,CodeQL,none,production,94,0.1759416324782621,4,0.10587325557252103,False
1763,rds-public,mixed,SonarQube,error,production,361,0.9355655602022196,4,0.7097371925255213,False
1764,prototype-pollution,mixed,Semgrep,error,production,848,0.5347063592797086,5,0.4636021795633437,False
1765,dom-xss,clear_vp,Semgrep,error,production,217,0.5841946353345618,3,0.10508559517244287,False
1766,ssrf-request,clear_vp,SonarQube,error,infra,861,0.7526266574342825,6,0.2144938743893825,False
1767,unused-import,clear_fp,CodeQL,error,production,972,0.28209307681563933,3,0.901188767898186,False
1768,insecure-deser,clear_vp,SonarQube,note,production,374,0.5043724931391522,5,0.3716050993008563,False
1769,public-subnet,mixed,Semgrep,warning,production,413,0.009581015098923507,4,0.6027626521721712,False
1770,xss-reflected,mixed,Semgrep,note,production,1111,0.3854838000504246,5,0.8118303774964685,True
1771,gdpr-data-leak,clear_vp,Semgrep,none,production,1125,0.9056833657708252,4,0.47946394458432795,False
1772,malware-callback,clear_vp,Semgrep,note,production,765,0.34104413519020915,6,0.5886075856938554,False
1773,ssh-anomaly,mixed,Semgrep,none,config,1423,0.1910524864594867,4,0.7069681799126557,True
1774,unused-import,clear_fp,CodeQL,none,production,1322,0.14506333609265387,3,0.05572522087331633,True
1775,latest-tag,clear_fp,SonarQube,none,test,1709,0.3198202868008465,4,0.5985130794667752,True
1776,dom-xss,clear_vp,SonarQube,none,production,1369,0.6274341503743958,1,0.8852169293323735,False
1777,sql-injection,mixed,Semgrep,warning,test,333,0.436736677794641,6,0.9940559567681135,False
1778,command-injection,clear_vp,CodeQL,warning,production,1650,0.14501416832244862,1,0.11652404749075418,False
1779,prototype-pollution,mixed,Semgrep,warning,test,1855,0.8976406933263213,6,0.2407115588727543,True
1780,insecure-deser,clear_vp,Semgrep,error,test,655,0.006449442964700847,4,0.6256732123887586,False
1781,hsts-missing,clear_fp,SonarQube,error,production,397,0.39777921731364774,2,0.38698978683638885,False
1782,todo-comment,clear_fp,SonarQube,warning,test,1629,0.8435055387927836,3,0.8949072046821132,True
1783,public-subnet,mixed,SonarQube,warning,config,1371,0.271094943079883,6,0.5625228436045802,False
1784,csrf-missing,mixed,SonarQube,warning,production,1807,0.7429791344889568,3,0.457319956210711,False
1785,http-404-burst,clear_fp,Semgrep,error,production,958,0.9320181513247281,7,0.8403040415781398,True
1786,open-redirect,mixed,SonarQube,error,test,1069,0.3009755154104091,4,0.5616933748514747,False
1787,dom-xss,clear_vp,SonarQube,warning,production,1682,0.2407411381156198,2,0.4659496263655637,False
1788,gdpr-data-leak,clear_vp,SonarQube,note,config,800,0.09754829412909971,4,0.35207477294564693,False
1789,assert-usage,clear_fp,CodeQL,note,production,888,0.6783262046312631,4,0.109777895057392,True
1790,ssh-anomaly,mixed,SonarQube,warning,production,743,0.8826719353006454,4,0.17285473941878615,False
1791,http-404-burst,clear_fp,SonarQube,warning,production,1995,0.22469449178035583,4,0.5761717865405768,True
1792,http-404-burst,clear_fp,SonarQube,warning,production,441,0.2742076050602448,4,0.9319850178724747,True
1793,rce-confirmed,clear_vp,CodeQL,note,test,1260,0.49849022703441426,4,0.026083286684721818,False
1794,ssh-anomaly,mixed,Semgrep,error,production,994,0.009860833821606518,1,0.6108185860943991,False
1795,csrf-missing,mixed,Semgrep,warning,production,478,0.9567682172148503,3,0.8068506011387654,True
1796,xss-reflected,mixed,SonarQube,note,test,343,0.3232283927779175,2,0.7527816429608548,True
1797,insecure-deser,clear_vp,CodeQL,note,infra,906,0.612898436981518,3,0.7595807500150725,False
1798,assert-usage,clear_fp,Semgrep,warning,infra,640,0.6979597110879232,7,0.23267817682208514,True
1799,insecure-deser,clear_vp,SonarQube,error,production,351,0.21928274773832757,4,0.9022952887404225,False
1800,insecure-deser,clear_vp,SonarQube,none,config,1706,0.19342959167995655,4,0.14900854341165115,False
1801,open-redirect,mixed,CodeQL,none,production,1186,0.5175988248754383,5,0.08786783586782876,True
1802,http-404-burst,clear_fp,Semgrep,note,production,83,0.5561700680497534,6,0.7513742653580107,True
1803,public-subnet,mixed,SonarQube,warning,test,557,0.475218342372429,2,0.1096118079986772,False
1804,hsts-missing,clear_fp,SonarQube,note,production,1786,0.014367359183389605,5,0.5286558321768563,False
1805,insecure-deser,clear_vp,Semgrep,warning,production,193,0.8027994315059253,4,0.21058355362859926,False
1806,malware-callback,clear_vp,Semgrep,note,production,1493,0.6074287609211508,3,0.21102307633884032,False
1807,public-subnet,mixed,SonarQube,note,config,287,0.2675636230815074,4,0.4754838061832868,True
1808,malware-callback,clear_vp,CodeQL,none,config,1294,0.2313016869475948,3,0.39404525518881905,False
1809,dns-exfiltration,clear_vp,SonarQube,note,production,1219,0.6356280558356951,7,0.9123766137307182,True
1810,sqli-confirmed,clear_vp,Semgrep,error,config,1993,0.9076462659883302,6,0.5734499862265204,False
1811,xss-reflected,mixed,Semgrep,none,test,952,0.7408626299617734,4,0.9518838057611306,True
1812,assert-usage,clear_fp,CodeQL,warning,infra,1621,0.4143186502523467,3,0.6964985728449781,True
1813,assert-usage,clear_fp,CodeQL,note,test,685,0.05940297389077098,4,0.4822537385606217,True
1814,hardcoded-secret,mixed,Semgrep,none,test,341,0.9717167390660514,3,0.6245417973398115,True
1815,ssrf-request,clear_vp,CodeQL,note,production,1109,0.9187645436942262,4,0.4644761457173383,False
1816,path-traversal,mixed,Semgrep,warning,test,408,0.8574036800111908,6,0.37158143785170106,False
1817,line-too-long,clear_fp,SonarQube,warning,production,765,0.8519872181847706,4,0.11485606933517656,True
1818,hardcoded-secret,mixed,Semgrep,error,production,1151,0.24794514375408117,3,0.44690509180350746,False
1819,dns-exfiltration,clear_vp,Semgrep,warning,test,1625,0.6256420685518778,3,0.017552717558312114,False
1820,catch-generic,clear_fp,SonarQube,note,production,268,0.6145291332640569,4,0.28351003565161004,True
1821,hardcoded-secret,mixed,SonarQube,none,config,1114,0.0753842546437552,1,0.8375995675057702,True
1822,line-too-long,clear_fp,SonarQube,warning,production,1997,0.8699913689145947,1,0.7104860682895641,True
1823,assert-usage,clear_fp,SonarQube,error,production,103,0.09553964549731053,5,0.8286618044544195,False
1824,dns-exfiltration,clear_vp,SonarQube,note,config,285,0.7340759156936286,2,0.06684721981767605,False
1825,ssh-anomaly,mixed,Semgrep,none,production,637,0.9839735581823739,2,0.9477760314674711,False
1826,line-too-long,clear_fp,Semgrep,warning,test,388,0.7584467000075756,2,0.009923207163087922,True
1827,xss-reflected,mixed,Semgrep,warning,infra,1904,0.9284498369442518,5,0.711984645979216,False
1828,unused-import,clear_fp,Semgrep,none,production,318,0.7755648384674807,2,0.819711622753325,True
1829,dom-xss,clear_vp,Semgrep,error,config,937,0.7405941994761869,3,0.9710739982658219,False
1830,todo-comment,clear_fp,CodeQL,note,production,1874,0.36497433470256857,3,0.859762994589343,True
1831,latest-tag,clear_fp,SonarQube,note,config,665,0.8457252329121221,1,0.7820463029629902,True
1832,prototype-pollution,mixed,Semgrep,error,config,1321,0.008792613035258579,6,0.7861429818692648,False
1833,gdpr-data-leak,clear_vp,CodeQL,none,production,1729,0.5473287423431494,4,0.10493421851440432,True
1834,dns-exfiltration,clear_vp,SonarQube,warning,infra,1798,0.4089971854095129,1,0.6363072726203157,False
1835,http-404-burst,clear_fp,Semgrep,warning,config,1126,0.36791093781607076,1,0.8395220557222121,True
1836,ssrf-request,clear_vp,SonarQube,warning,test,650,0.7814488897190144,1,0.6930296688983693,False
1837,rce-confirmed,clear_vp,CodeQL,warning,production,1153,0.9855746299043462,3,0.5204834143905483,False
1838,deserialization,clear_vp,Semgrep,note,production,1431,0.528492889689118,4,0.9110257371566157,False
1839,open-redirect,mixed,SonarQube,note,production,542,0.8360030388086295,3,0.9269735707917681,False
1840,unused-import,clear_fp,Semgrep,warning,production,188,0.7612527525932331,5,0.8134623931347242,True
1841,eval-detected,clear_fp,SonarQube,error,test,1628,0.09703577850992506,4,0.7953783113303596,True
1842,eval-detected,clear_fp,SonarQube,warning,production,1423,0.9891499106666726,5,0.30101967602712143,True
1843,deserialization,clear_vp,Semgrep,warning,production,976,0.41686978336443736,6,0.667808571905532,True
1844,rds-public,mixed,SonarQube,warning,production,1156,0.8719016485164715,6,0.02190107592636792,False
1845,hsts-missing,clear_fp,CodeQL,warning,infra,101,0.11585203830136759,4,0.46843527870709367,True
1846,public-subnet,mixed,Semgrep,note,test,625,0.4247851666985476,4,0.49739835133609644,True
1847,http-404-burst,clear_fp,SonarQube,note,config,597,0.9515421467554984,4,0.7349955002644216,True
1848,deserialization,clear_vp,Semgrep,none,production,1321,0.5061051489073335,3,0.9504271496301374,False
1849,assert-usage,clear_fp,Semgrep,note,test,1567,0.8178464430604302,2,0.4391008057493109,True
1850,ssrf-request,clear_vp,CodeQL,note,test,1936,0.9560446873780412,6,0.17951470228359911,False
1851,dns-exfiltration,clear_vp,Semgrep,note,production,5,0.08928589891793581,5,0.3469133203708973,False
1852,assert-usage,clear_fp,CodeQL,error,production,1814,0.9245024298478619,2,0.4179942578800159,True
1853,eval-detected,clear_fp,Semgrep,none,test,49,0.5471830820679408,5,0.8896090273156472,True
1854,ssrf-request,clear_vp,Semgrep,none,test,955,0.6078541511077914,6,0.9528876128848597,False
1855,hsts-missing,clear_fp,Semgrep,warning,production,572,0.7481196069352322,7,0.2415595072164014,True
1856,rce-confirmed,clear_vp,SonarQube,note,config,1235,0.7646359942849736,1,0.4770499377168822,False
1857,open-redirect,mixed,Semgrep,warning,infra,423,0.5035484729762578,2,0.43305455176149266,False
1858,sql-injection,mixed,CodeQL,warning,config,769,0.9600582757647734,4,0.8025020338654403,False
1859,bare-except,clear_fp,CodeQL,warning,production,1840,0.6812785303147999,6,0.5851223250571543,True
1860,weak-cipher,mixed,Semgrep,none,infra,57,0.7712366666178498,5,0.7612642812249876,True
1861,xss-reflected,mixed,CodeQL,error,production,1505,0.15726344724733732,4,0.16795420436741426,False
1862,sql-injection,mixed,SonarQube,note,config,1968,0.16121241391836993,4,0.8708273102516345,True
1863,gdpr-data-leak,clear_vp,SonarQube,note,infra,292,0.42308736985390427,2,0.161886823356587,False
1864,malware-callback,clear_vp,Semgrep,none,production,1872,0.41672328113600077,5,0.5915102197690018,False
1865,dom-xss,clear_vp,SonarQube,warning,production,1455,0.15395630212363076,7,0.9836750063478136,False
1866,rds-public,mixed,Semgrep,none,infra,1282,0.31740532915896913,4,0.9542388633182937,True
1867,assert-usage,clear_fp,SonarQube,error,production,1528,0.2743870902057053,3,0.3507725846011295,True
1868,todo-comment,clear_fp,SonarQube,error,production,1898,0.9193948412086784,3,0.8301433650525942,True
1869,bare-except,clear_fp,Semgrep,warning,production,631,0.9106037017747185,4,0.04603378156136251,True
1870,eval-detected,clear_fp,SonarQube,note,production,1737,0.48889338312123976,4,0.4092275940840977,True
1871,public-subnet,mixed,Semgrep,error,production,1499,0.7053090605220667,4,0.788215681394504,False
1872,xss-reflected,mixed,Semgrep,warning,config,745,0.37071356364571073,5,0.18499969750197942,True
1873,s3-no-encryption,mixed,Semgrep,error,production,473,0.29085997394293084,2,0.12596677630468633,False
1874,ssh-anomaly,mixed,SonarQube,error,production,1837,0.5780401116288002,4,0.742376382872638,True
1875,public-subnet,mixed,Semgrep,warning,config,638,0.8980197412134784,3,0.6596700426995783,True
1876,hsts-missing,clear_fp,SonarQube,none,production,1784,0.8901426434798877,5,0.922398027432509,True
1877,dom-xss,clear_vp,Semgrep,warning,test,96,0.35811621650427006,5,0.5191071837016356,True
1878,prototype-pollution,mixed,SonarQube,error,config,1580,0.5873861907588074,2,0.7008024813019439,False
1879,dom-xss,clear_vp,Semgrep,note,production,1131,0.8835200936741688,5,0.5150133869112811,False
1880,public-subnet,mixed,SonarQube,warning,production,1185,0.4824993748657461,7,0.8424542043725145,True
1881,gdpr-data-leak,clear_vp,CodeQL,warning,test,1393,0.8469234181097952,5,0.34714059709477596,False
1882,ssh-anomaly,mixed,SonarQube,warning,production,821,0.7618711339537392,4,0.41562220992355114,True
1883,deserialization,clear_vp,SonarQube,warning,infra,1978,0.6347569195598196,2,0.376925963925108,False
1884,sqli-confirmed,clear_vp,SonarQube,none,config,1269,0.41327317737886904,8,0.39452259453626204,False
1885,xss-reflected,mixed,SonarQube,error,infra,534,0.15854708674934914,5,0.6186216854080555,True
1886,xss-reflected,mixed,CodeQL,error,infra,330,0.5853305418900621,7,0.8839225419612625,False
1887,public-subnet,mixed,SonarQube,warning,production,152,0.6808872600004301,4,0.9746858584883918,True
1888,sqli-confirmed,clear_vp,CodeQL,none,production,170,0.1972019988510333,4,0.20859332001255793,False
1889,unused-import,clear_fp,SonarQube,none,production,1869,0.6243927642958425,2,0.5381056585592319,True
1890,sql-injection,mixed,Semgrep,error,production,757,0.6774255192128897,2,0.7507587602823569,False
1891,sqli-confirmed,clear_vp,Semgrep,error,infra,831,0.5674941994810628,2,0.9396391915495781,False
1892,sql-injection,mixed,Semgrep,warning,test,1106,0.8207008362860635,5,0.33448060812405667,True
1893,ssrf-request,clear_vp,CodeQL,none,production,938,0.7026009667897627,4,0.5689958347036714,False
1894,public-subnet,mixed,CodeQL,none,config,727,0.8903921349668326,5,0.08091941217567933,True
1895,prototype-pollution,mixed,CodeQL,note,production,1157,0.02194146759756399,8,0.8159045863814569,True
1896,dom-xss,clear_vp,SonarQube,note,config,649,0.0614875009682192,3,0.6806289156376021,False
1897,dom-xss,clear_vp,CodeQL,note,production,1388,0.7475781194759751,7,0.10953660497737128,False
1898,malware-callback,clear_vp,Semgrep,note,production,265,0.2152852250771915,4,0.32050995515961367,False
1899,latest-tag,clear_fp,SonarQube,warning,config,220,0.7723220452263659,2,0.2732624545555823,True
1900,gdpr-data-leak,clear_vp,CodeQL,error,production,916,0.10301407913805072,7,0.5735760877520161,False
1901,hsts-missing,clear_fp,Semgrep,warning,config,1421,0.8919274781260559,5,0.4315954105976695,True
1902,bare-except,clear_fp,SonarQube,note,infra,898,0.5250532078015666,5,0.011876990741532922,True
1903,assert-usage,clear_fp,SonarQube,warning,production,1879,0.6624157460811585,3,0.6987357051503006,True
1904,rds-public,mixed,CodeQL,note,production,212,0.3252762092417024,4,0.11061056130502978,False
1905,bare-except,clear_fp,SonarQube,warning,production,664,0.0395955717990778,8,0.5814047702136574,False
1906,ssrf-request,clear_vp,Semgrep,warning,production,546,0.5540020816855962,6,0.29925280560893,False
1907,s3-no-encryption,mixed,CodeQL,warning,production,1215,0.5046151100994621,4,0.8573346449228768,False
1908,unused-import,clear_fp,SonarQube,warning,config,327,0.8888982962516311,2,0.9676400655399332,True
1909,catch-generic,clear_fp,Semgrep,error,test,1285,0.9734026089283562,4,0.47218360663446746,True
1910,latest-tag,clear_fp,SonarQube,warning,production,1922,0.15266186976349116,3,0.24708788480321153,True
1911,rds-public,mixed,CodeQL,error,config,323,0.770090381404774,1,0.7373736335395861,False
1912,hsts-missing,clear_fp,SonarQube,warning,production,723,0.3551661913907085,5,0.8228555236452406,True
1913,csrf-missing,mixed,CodeQL,note,config,1741,0.5409315806826384,4,0.4095566413956515,False
1914,ssh-anomaly,mixed,Semgrep,none,production,990,0.07573283745947557,7,0.19601864530485813,True
1915,xss-reflected,mixed,SonarQube,warning,production,1265,0.2451190571723435,2,0.3884633411734405,False
1916,xss-reflected,mixed,SonarQube,none,production,1962,0.015874421793847793,4,0.7154602666747475,False
1917,assert-usage,clear_fp,Semgrep,note,production,1576,0.1694882749200567,1,0.8692000880648071,True
1918,ssrf-request,clear_vp,CodeQL,note,production,1911,0.0685457991008318,3,0.8918867731773511,False
1919,ssrf-request,clear_vp,SonarQube,none,production,1303,0.07544993547966361,7,0.6250945585613864,False
1920,csrf-missing,mixed,CodeQL,warning,infra,154,0.9028647937916409,5,0.10254812592464657,True
1921,latest-tag,clear_fp,CodeQL,note,production,1713,0.7436376655597196,2,0.6964355365489567,True
1922,bare-except,clear_fp,Semgrep,note,infra,533,0.009063098186644414,3,0.8049885589761221,True
1923,public-subnet,mixed,SonarQube,none,production,1792,0.058138599966034765,3,0.9347947200605281,True
1924,sqli-confirmed,clear_vp,CodeQL,note,production,157,0.5078028847985135,5,0.15060027342759275,False
1925,xss-reflected,mixed,Semgrep,warning,production,366,0.2868544338938106,2,0.8236032332153927,True
1926,http-404-burst,clear_fp,Semgrep,error,test,1673,0.97184209147679,7,0.41334226414881536,True
1927,command-injection,clear_vp,Semgrep,warning,config,723,0.10966422149279831,3,0.284484479207302,False
1928,sql-injection,mixed,CodeQL,warning,production,1915,0.5469090192652281,4,0.4356118578222239,False
1929,rds-public,mixed,Semgrep,warning,production,1409,0.3132807293890614,5,0.8694456889989581,False
1930,xss-reflected,mixed,CodeQL,note,production,578,0.7085615685819504,4,0.7602712434028337,True
1931,xss-reflected,mixed,Semgrep,warning,infra,871,0.56740793530352,2,0.7638577581141384,False
1932,rce-confirmed,clear_vp,CodeQL,none,config,85,0.4071369938772773,5,0.9756387190976338,False
1933,path-traversal,mixed,CodeQL,warning,test,324,0.11545679211787907,5,0.3606611241831861,True
1934,latest-tag,clear_fp,CodeQL,note,infra,155,0.881390998636897,3,0.4080102314975367,True
1935,path-traversal,mixed,SonarQube,warning,production,730,0.21529829732144612,5,0.34780964958591676,True
1936,hardcoded-secret,mixed,CodeQL,warning,config,395,0.30397027597100545,5,0.10653669360837192,True
1937,line-too-long,clear_fp,Semgrep,note,production,262,0.26918989119471814,5,0.23841225179491843,True
1938,ssh-anomaly,mixed,SonarQube,note,infra,1002,0.10476385768111884,3,0.4012291809806058,False
1939,catch-generic,clear_fp,Semgrep,note,config,1365,0.8459016674371129,5,0.2812784500731108,True
1940,assert-usage,clear_fp,CodeQL,warning,infra,1004,0.42912331778188817,6,0.2520468596720705,True
1941,dns-exfiltration,clear_vp,SonarQube,error,production,1445,0.1946850063001867,3,0.942451444734066,False
1942,catch-generic,clear_fp,Semgrep,error,production,1973,0.1464265416489,2,0.7500221903877807,True
1943,prototype-pollution,mixed,Semgrep,note,production,1659,0.6236636477853256,2,0.8283981194984816,True
1944,open-redirect,mixed,CodeQL,warning,infra,466,0.18613006610838456,2,0.4854698207857142,False
1945,todo-comment,clear_fp,Semgrep,warning,production,1325,0.06868468621938872,3,0.8809087649911006,True
1946,eval-detected,clear_fp,Semgrep,warning,production,731,0.49946213417291396,7,0.9490868158193733,True
1947,xss-reflected,mixed,CodeQL,note,infra,617,0.6413188801631883,1,0.7901671372452204,True
1948,assert-usage,clear_fp,CodeQL,error,production,1883,0.4544635068414695,5,0.3957506052859877,True
1949,command-injection,clear_vp,Semgrep,warning,config,669,0.0514106069865361,6,0.5363528105904403,False
1950,path-traversal,mixed,Semgrep,warning,production,354,0.011978689470164339,2,0.3214886927901909,False
1951,dns-exfiltration,clear_vp,SonarQube,note,test,1250,0.5494744796854908,5,0.39322175880423615,False
1952,dom-xss,clear_vp,Semgrep,error,test,1961,0.048832933629728625,3,0.038670044018810135,False
1953,eval-detected,clear_fp,Semgrep,note,test,901,0.48309359831434995,4,0.9287724255838811,True
1954,sqli-confirmed,clear_vp,CodeQL,note,infra,456,0.6267125759567876,6,0.6816065901683092,False
1955,rce-confirmed,clear_vp,Semgrep,warning,test,1990,0.9805406486806937,6,0.10698180763205611,False
1956,line-too-long,clear_fp,CodeQL,warning,production,40,0.5300791019837752,2,0.05283837495554733,True
1957,xss-reflected,mixed,CodeQL,note,config,273,0.9032236249709361,3,0.25780391699196925,True
1958,s3-no-encryption,mixed,SonarQube,error,production,1394,0.2473381570513945,4,0.9219681255083289,False
1959,catch-generic,clear_fp,Semgrep,warning,production,1116,0.17463220349601938,8,0.42028827066135055,True
1960,eval-detected,clear_fp,SonarQube,warning,test,1150,0.0808520330396183,5,0.21131595896684496,True
1961,catch-generic,clear_fp,Semgrep,warning,production,27,0.6591147418997616,4,0.7450365341015921,True
1962,csrf-missing,mixed,SonarQube,warning,config,1550,0.954067844980137,5,0.9894521101400835,False
1963,unused-import,clear_fp,SonarQube,warning,production,334,0.9016454232550885,3,0.9485487173608759,True
1964,prototype-pollution,mixed,Semgrep,error,config,72,0.01999268621719208,5,0.33101534913102537,False
1965,assert-usage,clear_fp,SonarQube,note,production,556,0.1532323202346112,3,0.7169988580831188,True
1966,s3-no-encryption,mixed,CodeQL,note,test,1611,0.5572863270001672,2,0.8896276699072845,True
1967,rce-confirmed,clear_vp,SonarQube,error,production,699,0.660117096125154,6,0.9692692443485262,False
1968,open-redirect,mixed,CodeQL,error,test,1813,0.5185474310440127,6,0.39712302560511914,False
1969,eval-detected,clear_fp,Semgrep,warning,production,1539,0.09540343420515862,2,0.0016524881419711646,True
1970,http-404-burst,clear_fp,Semgrep,note,test,1761,0.18325288572775345,4,0.3903803901438524,True
1971,hsts-missing,clear_fp,Semgrep,error,test,1818,0.5400934210977145,3,0.08616669340141503,False
1972,dns-exfiltration,clear_vp,CodeQL,note,infra,451,0.07778520020046797,4,0.769664488498658,False
1973,eval-detected,clear_fp,SonarQube,note,production,339,0.747691009128637,5,0.8987370618979222,True
1974,assert-usage,clear_fp,SonarQube,note,config,269,0.6453059290176052,3,0.9113081631625708,True
1975,malware-callback,clear_vp,SonarQube,note,infra,1098,0.7378323605059232,1,0.46259102069308855,False
1976,hsts-missing,clear_fp,SonarQube,none,production,730,0.10742448793707626,5,0.416826503924852,True
1977,insecure-deser,clear_vp,CodeQL,note,production,93,0.9746231168075656,7,0.0562249158241932,False
1978,todo-comment,clear_fp,Semgrep,warning,production,322,0.6522968835966276,4,0.5408179778557615,True
1979,http-404-burst,clear_fp,CodeQL,warning,infra,1531,0.4562331485675083,6,0.514038849212543,True
1980,xss-reflected,mixed,CodeQL,error,test,179,0.9285417634273816,3,0.35691490147151517,False
1981,assert-usage,clear_fp,CodeQL,error,test,196,0.38240249615654953,5,0.5297659853858404,True
1982,path-traversal,mixed,CodeQL,note,production,1446,0.9743037405035937,4,0.369135907964135,True
1983,catch-generic,clear_fp,SonarQube,warning,production,18,0.7126269631113109,5,0.5376263221803619,True
1984,command-injection,clear_vp,Semgrep,warning,production,543,0.002081512349920267,4,0.23808718204457258,False
1985,command-injection,clear_vp,SonarQube,warning,test,1596,0.9675191878052407,5,0.16482188299022626,False
1986,command-injection,clear_vp,CodeQL,error,production,1465,0.29741263667630746,2,0.36892919531439483,False
1987,dns-exfiltration,clear_vp,SonarQube,none,production,891,0.2959238110626332,7,0.4018194070843274,False
1988,s3-no-encryption,mixed,Semgrep,note,config,1753,0.012687254232868761,4,0.9997744776055287,True
1989,ssh-anomaly,mixed,CodeQL,warning,production,988,0.6016357358233364,1,0.09557537353853063,True
1990,http-404-burst,clear_fp,SonarQube,error,config,926,0.08001460782698788,5,0.020581226283587384,True
1991,open-redirect,mixed,CodeQL,error,production,613,0.20508483197197513,6,0.0720369250185201,False
1992,hardcoded-secret,mixed,CodeQL,warning,test,1253,0.4114967184695272,1,0.626719922949512,True
1993,assert-usage,clear_fp,Semgrep,warning,production,1372,0.14169491726023176,2,0.44504528331486537,False
1994,xss-reflected,mixed,SonarQube,note,infra,850,0.7440426818000011,6,0.01089253449032579,True
1995,open-redirect,mixed,Semgrep,warning,production,1201,0.707017433794491,5,0.955064397253907,True
1996,line-too-long,clear_fp,Semgrep,note,infra,1236,0.42717478967300937,4,0.9779000472861887,True
1997,sqli-confirmed,clear_vp,CodeQL,warning,production,1298,0.7338087139422406,5,0.9721369577714376,False
1998,http-404-burst,clear_fp,CodeQL,none,production,931,0.47146707729249393,5,0.26779597316475934,True
1999,catch-generic,clear_fp,CodeQL,warning,test,1575,0.4284311442326858,2,0.3183752231123167,True
2000,malware-callback,clear_vp,SonarQube,error,production,485,0.3267556753320152,3,0.36286382989670507,False
2001,dom-xss,clear_vp,SonarQube,warning,test,1155,0.12761190499194508,8,0.3745671375430405,False
2002,rce-confirmed,clear_vp,CodeQL,none,infra,1479,0.840489556608685,4,0.1413127444941602,False
2003,line-too-long,clear_fp,SonarQube,warning,infra,1818,0.8016367795731624,5,0.23229843631492564,True
2004,ssh-anomaly,mixed,SonarQube,warning,test,1317,0.6728938039892888,4,0.5577451404428959,False
2005,dns-exfiltration,clear_vp,Semgrep,note,config,691,0.7173445183964586,4,0.3097305998855272,False
2006,public-subnet,mixed,Semgrep,error,config,1285,0.7695885209168566,5,0.5341199810253421,True
2007,ssh-anomaly,mixed,SonarQube,warning,production,124,0.7351768501606796,5,0.06770393017812504,True
2008,open-redirect,mixed,SonarQube,warning,config,1701,0.7661504748031235,4,0.31904224291015704,False
2009,sqli-confirmed,clear_vp,Semgrep,error,production,823,0.3096228929261563,5,0.8401131642004498,False
2010,dom-xss,clear_vp,Semgrep,error,config,1921,0.5843524026248863,3,0.3992005174516047,False
2011,rds-public,mixed,CodeQL,note,infra,553,0.21351849044336424,1,0.7247018129156055,False
2012,sqli-confirmed,clear_vp,SonarQube,warning,config,449,0.6056243361723621,5,0.38563596042062553,False
2013,ssh-anomaly,mixed,SonarQube,note,test,500,0.3845455126425382,4,0.12503161560862253,True
2014,todo-comment,clear_fp,CodeQL,warning,test,483,0.20688830545736836,9,0.4746115286750564,False
2015,csrf-missing,mixed,CodeQL,warning,test,45,0.5014187088479004,3,0.19203527403486786,True
2016,unused-import,clear_fp,SonarQube,warning,production,758,0.7329142991695052,1,0.39575770372231656,True
2017,ssh-anomaly,mixed,Semgrep,note,config,59,0.23225064640236948,2,0.8550979106231523,True
2018,line-too-long,clear_fp,SonarQube,warning,test,678,0.32630948182336295,2,0.0443780075612743,True
2019,todo-comment,clear_fp,Semgrep,warning,config,1605,0.9075063492653965,6,0.6102755488893377,True
2020,xss-reflected,mixed,Semgrep,note,test,1500,0.9501037555515385,5,0.5162736227790912,True
2021,line-too-long,clear_fp,SonarQube,warning,test,1353,0.8202742939097465,5,0.3482994173861882,True
2022,insecure-deser,clear_vp,Semgrep,error,production,1803,0.34456822945877497,3,0.19550259019655358,False
2023,hsts-missing,clear_fp,CodeQL,error,config,492,0.05570689569342413,6,0.07731879285780763,True
2024,rds-public,mixed,Semgrep,note,production,259,0.217549430014358,3,0.19198426756064846,False
2025,sql-injection,mixed,Semgrep,note,production,156,0.11321467660989537,4,0.14510881712529822,True
2026,ssh-anomaly,mixed,Semgrep,warning,production,1952,0.7052816039710263,2,0.8580305453872766,False
2027,sqli-confirmed,clear_vp,Semgrep,warning,production,816,0.16054008660175978,3,0.15374402858395597,False
2028,sql-injection,mixed,SonarQube,note,production,11,0.805887227795081,1,0.5939582709303421,True
2029,latest-tag,clear_fp,Semgrep,error,production,267,0.5028754776591401,3,0.06240232027687065,True
2030,open-redirect,mixed,CodeQL,none,production,1014,0.06582804655009544,6,0.45469416492556414,True
2031,insecure-deser,clear_vp,Semgrep,warning,production,141,0.7690970925853038,5,0.6138064011754337,False
2032,todo-comment,clear_fp,Semgrep,warning,test,1190,0.5591079205878501,2,0.45440245893870146,True
2033,public-subnet,mixed,Semgrep,none,production,339,0.21085479047801015,6,0.5969251357296542,True
2034,hardcoded-secret,mixed,CodeQL,error,production,383,0.12002201370348586,4,0.42504659380264576,False
2035,insecure-deser,clear_vp,SonarQube,warning,production,651,0.3999945968094998,2,0.12905338650940612,False
2036,prototype-pollution,mixed,Semgrep,note,test,629,0.2288332042195641,2,0.4930486462870568,True
2037,weak-cipher,mixed,Semgrep,none,config,973,0.5434749203843633,5,0.522172804484338,True
2038,s3-no-encryption,mixed,SonarQube,note,infra,1947,0.22923916277203216,1,0.4104160954265289,False
2039,rds-public,mixed,SonarQube,warning,production,351,0.9940721380493249,1,0.6966669119009267,False
2040,latest-tag,clear_fp,CodeQL,note,production,1992,0.7336606390130649,3,0.648344476009238,True
2041,sql-injection,mixed,SonarQube,error,infra,1898,0.9586574145163348,6,0.35590668208563614,True
2042,hsts-missing,clear_fp,SonarQube,warning,test,870,0.857773595969114,7,0.6688005990334012,True
2043,open-redirect,mixed,CodeQL,error,production,1087,0.9617866143085604,6,0.41074446783539187,False
2044,rds-public,mixed,CodeQL,warning,production,1594,0.3587978571573526,8,0.08464993460641068,False
2045,unused-import,clear_fp,CodeQL,warning,production,30,0.7916808768571322,4,0.4395581892158208,True
2046,catch-generic,clear_fp,SonarQube,warning,config,1163,0.16345110898092696,3,0.5843376360811219,True
2047,s3-no-encryption,mixed,Semgrep,error,production,928,0.30045079005069486,6,0.6354033839046087,False
2048,command-injection,clear_vp,SonarQube,note,config,1694,0.6293503683763735,2,0.5302356927258912,False
2049,deserialization,clear_vp,Semgrep,note,production,1466,0.608387577810033,9,0.5701797019872283,False
2050,unused-import,clear_fp,CodeQL,note,infra,914,0.059912175880880825,4,0.7757557906202046,True
2051,sql-injection,mixed,Semgrep,none,production,917,0.045297539173452916,3,0.8892651548249475,True
2052,dns-exfiltration,clear_vp,CodeQL,none,production,558,0.5765350007681589,2,0.7991443889716636,False
2053,command-injection,clear_vp,CodeQL,note,config,221,0.8444732675138475,5,0.0689406122792201,False
2054,sql-injection,mixed,CodeQL,note,production,1477,0.29807907376319487,7,0.10502806478013227,True
2055,weak-cipher,mixed,SonarQube,note,config,1252,0.938431815412743,6,0.2714843468191125,True
2056,http-404-burst,clear_fp,SonarQube,warning,production,456,0.9386363164015054,2,0.35805491223239805,True
2057,dns-exfiltration,clear_vp,Semgrep,none,production,1633,0.7584101904270625,5,0.5080273155538209,False
2058,gdpr-data-leak,clear_vp,CodeQL,error,production,968,0.9943524579025361,3,0.4544910802654547,False
2059,unused-import,clear_fp,SonarQube,note,production,120,0.5318571093571643,2,0.4669582985454108,True
2060,assert-usage,clear_fp,CodeQL,note,production,1931,0.6465826490943323,4,0.7931752066842167,True
2061,http-404-burst,clear_fp,Semgrep,warning,test,1476,0.6276418014401731,2,0.6738893989463809,True
2062,eval-detected,clear_fp,CodeQL,note,infra,1145,0.6949213646398613,4,0.5667423484526737,True
2063,csrf-missing,mixed,CodeQL,none,production,205,0.814097006967236,4,0.2569700777191445,True
2064,bare-except,clear_fp,CodeQL,error,infra,1558,0.2582029594685693,3,0.034129904071177886,True
2065,ssrf-request,clear_vp,CodeQL,note,production,972,0.6922261284129062,5,0.4913500405593755,False
2066,eval-detected,clear_fp,SonarQube,note,test,1100,0.979483368289948,7,0.6298438966745806,False
2067,public-subnet,mixed,Semgrep,none,test,1083,0.03972915336469085,5,0.6608175834598394,True
2068,hsts-missing,clear_fp,Semgrep,none,test,3,0.16435837570243672,7,0.9864221115808905,True
2069,todo-comment,clear_fp,SonarQube,note,test,1432,0.4943967027742624,1,0.19244560536124078,True
2070,dns-exfiltration,clear_vp,CodeQL,warning,production,1052,0.7927898042561032,4,0.4077508746073407,True
2071,sqli-confirmed,clear_vp,CodeQL,warning,production,1810,0.6419592119716313,4,0.9568688161972551,False
2072,dns-exfiltration,clear_vp,SonarQube,warning,infra,140,0.7059757751249032,2,0.5566905814103094,False
2073,latest-tag,clear_fp,CodeQL,warning,production,1967,0.5360424499658257,3,0.10036680469016723,True
2074,latest-tag,clear_fp,Semgrep,note,infra,1850,0.4557320412800884,5,0.5315367969539899,True
2075,weak-cipher,mixed,CodeQL,note,test,1923,0.25474207149300154,7,0.8868930931195562,False
2076,gdpr-data-leak,clear_vp,CodeQL,warning,infra,1443,0.09310928060046075,3,0.4665617051432619,False
2077,malware-callback,clear_vp,SonarQube,note,infra,11,0.9925271802620039,3,0.6249700383573437,False
2078,line-too-long,clear_fp,Semgrep,error,infra,1483,0.09706932815493663,4,0.9490414766166372,True
2079,bare-except,clear_fp,CodeQL,warning,config,744,0.11246643596136452,4,0.9639622098722307,True
2080,hsts-missing,clear_fp,SonarQube,note,production,1935,0.26002337314496893,3,0.8507993783196138,True
2081,malware-callback,clear_vp,SonarQube,none,test,297,0.14299755119543878,4,0.7834801485088109,False
2082,command-injection,clear_vp,SonarQube,none,config,1809,0.8380294123603257,6,0.2447391777070842,True
2083,sql-injection,mixed,Semgrep,warning,production,655,0.04117729896301581,6,0.4991835244550885,True
2084,s3-no-encryption,mixed,SonarQube,none,production,1555,0.9716504979316054,3,0.1282482056450649,False
2085,ssrf-request,clear_vp,CodeQL,warning,production,940,0.9222814111948171,5,0.2645044043708593,False
2086,rds-public,mixed,Semgrep,error,infra,476,0.6210943555869497,6,0.7105991913417515,True
2087,ssrf-request,clear_vp,CodeQL,error,production,1018,0.4606990131165025,6,0.2687066200367002,False
2088,assert-usage,clear_fp,Semgrep,note,production,20,0.8345488999148157,4,0.2727196098582422,True
2089,ssh-anomaly,mixed,CodeQL,none,config,1135,0.6230937353277806,4,0.8940054147313161,True
2090,eval-detected,clear_fp,SonarQube,warning,test,568,0.5790748883323548,2,0.6269883995909716,True
2091,hsts-missing,clear_fp,CodeQL,warning,production,1169,0.31920393582553075,2,0.9925380699054777,True
2092,catch-generic,clear_fp,Semgrep,note,production,1734,0.6838689978380847,2,0.26689074614956276,True
2093,unused-import,clear_fp,Semgrep,error,production,710,0.027319511641743288,1,0.28125929052512977,False
2094,insecure-deser,clear_vp,CodeQL,note,config,538,0.956791372923081,1,0.0882977478675161,False
2095,assert-usage,clear_fp,SonarQube,warning,test,742,0.23483604914753287,4,0.985903827123464,True
2096,sql-injection,mixed,Semgrep,warning,production,1548,0.2779273120429142,4,0.20161486202987144,True
2097,dom-xss,clear_vp,Semgrep,note,production,721,0.008464421617309537,5,0.5949399389939941,False
2098,latest-tag,clear_fp,Semgrep,warning,production,138,0.7005796658578214,2,0.1978269896046735,True
2099,hsts-missing,clear_fp,CodeQL,none,production,158,0.23645957606235568,3,0.07188789140512264,True
2100,catch-generic,clear_fp,CodeQL,note,production,768,0.19754688040705704,1,0.30546745252800056,True
2101,latest-tag,clear_fp,SonarQube,warning,production,1105,0.5587129525945216,4,0.38342613331390707,True
2102,insecure-deser,clear_vp,CodeQL,note,test,982,0.27190404440149385,5,0.9794379395135363,False
2103,open-redirect,mixed,Semgrep,none,production,95,0.4909423441029581,6,0.6278124290700053,True
2104,sqli-confirmed,clear_vp,Semgrep,warning,config,1339,0.259372533524196,3,0.049668705900809296,False
2105,csrf-missing,mixed,Semgrep,note,test,832,0.2589731849908994,4,0.8131102684707774,True
2106,ssh-anomaly,mixed,CodeQL,warning,production,1184,0.11152346468287122,3,0.19164922563199427,True
2107,ssrf-request,clear_vp,SonarQube,note,infra,919,0.05151522593930513,3,0.04360338358621263,False
2108,prototype-pollution,mixed,Semgrep,warning,test,1017,0.5864677720405472,5,0.2019574743856899,True
2109,weak-cipher,mixed,Semgrep,error,production,1854,0.28826134307358275,3,0.8468129619628856,False
2110,hsts-missing,clear_fp,SonarQube,error,production,1910,0.8379621748360849,4,0.07209906915017994,True
2111,ssh-anomaly,mixed,Semgrep,note,production,39,0.06015088374037525,4,0.430394791877585,True
2112,unused-import,clear_fp,CodeQL,warning,config,1653,0.27865034052281834,5,0.19318391273302282,False
2113,prototype-pollution,mixed,SonarQube,error,config,1839,0.2192670403138518,4,0.5838622812910351,False
2114,todo-comment,clear_fp,Semgrep,note,test,1714,0.8900479098739409,3,0.20808519048126517,True
2115,s3-no-encryption,mixed,CodeQL,error,test,1344,0.0317597887404798,3,0.5824561304695721,False
2116,command-injection,clear_vp,CodeQL,warning,test,673,0.9892845573092734,3,0.21479159822267102,False
2117,catch-generic,clear_fp,Semgrep,note,infra,1567,0.5224313130499997,5,0.47909192104922904,False
2118,path-traversal,mixed,CodeQL,error,test,1595,0.46447326195967253,4,0.6170172069337101,True
2119,s3-no-encryption,mixed,SonarQube,note,infra,1967,0.3525582554710086,4,0.4377393986176359,False
2120,s3-no-encryption,mixed,SonarQube,note,production,713,0.6674431761818748,4,0.7189787471768998,True
2121,prototype-pollution,mixed,Semgrep,error,infra,764,0.6332624111184941,4,0.1321839303380965,False
2122,assert-usage,clear_fp,SonarQube,note,config,972,0.49122850211450764,5,0.5058958051452059,True
2123,prototype-pollution,mixed,Semgrep,error,test,707,0.5447885229991892,5,0.1617482901442524,True
2124,bare-except,clear_fp,Semgrep,warning,test,1285,0.380835880182809,1,0.25227362939496045,True
2125,public-subnet,mixed,CodeQL,none,production,1738,0.3164280872472477,5,0.39671911655078507,True
2126,dom-xss,clear_vp,SonarQube,note,production,600,0.2610403333069965,3,0.5007446082025288,False
2127,malware-callback,clear_vp,CodeQL,note,config,1149,0.41044189033911627,2,0.37675934332615024,False
2128,path-traversal,mixed,Semgrep,error,production,1170,0.3236129677514562,6,0.5985059682406246,True
2129,insecure-deser,clear_vp,Semgrep,error,config,761,0.1894054798071051,6,0.8707523529985529,False
2130,bare-except,clear_fp,SonarQube,warning,config,749,0.5087530926261469,4,0.006000781673981992,True
2131,rce-confirmed,clear_vp,CodeQL,error,production,1920,0.9784193991066461,8,0.562397997534798,False
2132,csrf-missing,mixed,SonarQube,error,config,1395,0.6157338334821452,5,0.7058268952821101,False
2133,sqli-confirmed,clear_vp,CodeQL,error,infra,824,0.8568144371338537,2,0.3053688442253675,False
2134,csrf-missing,mixed,Semgrep,note,production,1087,0.06085915180478074,2,0.7460812668313263,False
2135,gdpr-data-leak,clear_vp,SonarQube,warning,test,1735,0.6366445258895432,4,0.30126280097566194,False
2136,open-redirect,mixed,CodeQL,warning,production,1311,0.8893880924232319,4,0.10046621150850066,True
2137,command-injection,clear_vp,SonarQube,warning,production,216,0.3796501438209656,5,0.1695284514093729,False
2138,csrf-missing,mixed,Semgrep,warning,test,1042,0.38980603069080766,5,0.390514972778638,True
2139,todo-comment,clear_fp,CodeQL,note,config,507,0.3294328805654868,5,0.41919970988994926,True
2140,eval-detected,clear_fp,CodeQL,note,test,1873,0.1705829552988002,5,0.3125296209283628,True
2141,malware-callback,clear_vp,Semgrep,warning,test,1233,0.24097153490511858,6,0.681037455305568,False
2142,s3-no-encryption,mixed,SonarQube,error,production,747,0.6208040852687936,2,0.4764826341747147,False
2143,hardcoded-secret,mixed,Semgrep,none,production,746,0.47152548545207984,3,0.9724066947103174,True
2144,todo-comment,clear_fp,SonarQube,none,test,1020,0.5004354250165772,4,0.18501289215299044,True
2145,http-404-burst,clear_fp,CodeQL,note,config,630,0.4218288025747938,4,0.5629692349042029,True
2146,unused-import,clear_fp,SonarQube,warning,test,1973,0.19462114064781788,4,0.600144038432514,True
2147,open-redirect,mixed,CodeQL,error,test,601,0.9347423629769824,5,0.12860035622519184,False
2148,weak-cipher,mixed,Semgrep,warning,production,913,0.27558246415775856,6,0.5777055010154526,True
2149,assert-usage,clear_fp,CodeQL,note,production,871,0.7673756972516094,2,0.6439962326394858,True
2150,ssh-anomaly,mixed,CodeQL,warning,production,38,0.5251589587779172,3,0.8598958602598796,False
2151,sqli-confirmed,clear_vp,CodeQL,note,production,765,0.6802726189658028,6,0.5869455649134517,False
2152,ssh-anomaly,mixed,Semgrep,warning,infra,1903,0.8753402870362015,3,0.3300707928289921,False
2153,hardcoded-secret,mixed,Semgrep,warning,config,1427,0.8127732878500883,7,0.9572595561690334,False
2154,hardcoded-secret,mixed,Semgrep,note,production,343,0.29059564402978644,8,0.5582069579002082,True
2155,xss-reflected,mixed,SonarQube,none,config,216,0.533027504862702,4,0.27963832805172684,True
2156,hardcoded-secret,mixed,SonarQube,error,infra,1359,0.08646597509965404,3,0.09459598198103425,True
2157,sql-injection,mixed,SonarQube,warning,production,1934,0.12627588777512544,6,0.19294899243760621,True
2158,hsts-missing,clear_fp,CodeQL,warning,test,299,0.401924954309284,3,0.946887482274853,True
2159,assert-usage,clear_fp,Semgrep,error,production,1992,0.26323100506527664,6,0.852912920264785,True
2160,deserialization,clear_vp,SonarQube,note,infra,557,0.6708633545476147,4,0.1665238629308865,False
2161,hsts-missing,clear_fp,CodeQL,warning,infra,1749,0.26189973560007396,5,0.8211514539062363,True
2162,dns-exfiltration,clear_vp,Semgrep,note,production,1283,0.7032338561123226,4,0.28744559739058506,False
2163,public-subnet,mixed,CodeQL,note,production,768,0.09038324280345067,7,0.9642014857763558,True
2164,xss-reflected,mixed,Semgrep,error,config,1859,0.39170853081477264,3,0.417415395326445,True
2165,open-redirect,mixed,SonarQube,note,production,1490,0.8683045745345008,6,0.23727627838375265,True
2166,command-injection,clear_vp,SonarQube,error,production,1297,0.12460456961944799,5,0.2575690325236971,False
2167,hsts-missing,clear_fp,Semgrep,note,config,1496,0.04607313185517248,4,0.7496861576953021,True
2168,s3-no-encryption,mixed,CodeQL,error,infra,736,0.9359337712453274,3,0.8831964468027265,False
2169,http-404-burst,clear_fp,SonarQube,warning,test,182,0.8265426560723765,2,0.9112821722034727,True
2170,deserialization,clear_vp,CodeQL,error,production,1076,0.6366728680013837,2,0.8287917053001957,False
2171,path-traversal,mixed,CodeQL,note,test,985,0.8616055325893146,2,0.49513041520282786,True
2172,weak-cipher,mixed,SonarQube,error,config,1115,0.36615346271727656,5,0.2007726483544251,False
2173,weak-cipher,mixed,Semgrep,warning,production,1388,0.9948941932967458,5,0.3363347203546726,True
2174,eval-detected,clear_fp,Semgrep,note,infra,458,0.5099722650337079,3,0.5295581273506852,False
2175,eval-detected,clear_fp,SonarQube,warning,production,1316,0.6257804328862278,2,0.3917273511513292,False
2176,ssrf-request,clear_vp,CodeQL,warning,test,1412,0.8443172414063235,3,0.5142768245420744,True
2177,s3-no-encryption,mixed,Semgrep,warning,production,174,0.5421581075233489,5,0.914548079101156,False
2178,gdpr-data-leak,clear_vp,CodeQL,note,infra,1435,0.3943501729109318,6,0.5617092362466075,True
2179,catch-generic,clear_fp,SonarQube,note,test,1999,0.6617020926422056,2,0.6640216067199792,True
2180,hsts-missing,clear_fp,Semgrep,warning,production,863,0.813828023413713,4,0.8906042828153832,True
2181,catch-generic,clear_fp,Semgrep,warning,production,1355,0.011201115388235205,5,0.21268722551237518,True
2182,rce-confirmed,clear_vp,Semgrep,warning,test,48,0.08581453258624194,1,0.5484249815224475,True
2183,unused-import,clear_fp,CodeQL,warning,production,551,0.095849633768749,5,0.375756378506912,True
2184,sql-injection,mixed,Semgrep,none,production,146,0.8314265946981141,8,0.9297600977376241,True
2185,open-redirect,mixed,Semgrep,warning,production,1775,0.31777437502669126,3,0.854869024783276,False
2186,dom-xss,clear_vp,Semgrep,warning,production,1462,0.6703526978017641,4,0.563303380822992,False
2187,malware-callback,clear_vp,Semgrep,none,test,812,0.5879344701458835,1,0.23976742019163255,False
2188,deserialization,clear_vp,Semgrep,none,infra,568,0.2962524498526695,3,0.843564292141309,False
2189,hardcoded-secret,mixed,Semgrep,none,test,991,0.5344042312721845,5,0.7655166790702365,True
2190,ssh-anomaly,mixed,CodeQL,error,test,1047,0.408286119837624,4,0.22953288417216056,False
2191,catch-generic,clear_fp,SonarQube,none,test,460,0.6188909120156943,3,0.21845773200769214,True
2192,eval-detected,clear_fp,CodeQL,none,test,1283,0.5270393249175989,2,0.8220325468423649,True
2193,path-traversal,mixed,Semgrep,none,production,1554,0.6272794576924252,3,0.9631575235839414,False
2194,unused-import,clear_fp,Semgrep,warning,test,614,0.2565585062489514,2,0.34785732114009005,True
2195,prototype-pollution,mixed,SonarQube,error,test,383,0.2307653854831716,5,0.4393305027932003,False
2196,hardcoded-secret,mixed,SonarQube,warning,production,83,0.8557561929123605,3,0.5348862699570007,True
2197,latest-tag,clear_fp,CodeQL,note,config,879,0.30152040388863677,8,0.22979645517860003,True
2198,prototype-pollution,mixed,SonarQube,warning,test,664,0.13322970727684236,1,0.28058468369349077,False
2199,command-injection,clear_vp,SonarQube,warning,infra,1015,0.034286551606133475,7,0.12873380938473156,False
2200,dns-exfiltration,clear_vp,Semgrep,error,production,625,0.7700370236912191,2,0.33307576787614124,False
2201,sqli-confirmed,clear_vp,Semgrep,note,test,283,0.056751182173023884,5,0.09521807906940827,False
2202,catch-generic,clear_fp,Semgrep,error,test,978,0.39937025435135853,2,0.173039766138676,True
2203,public-subnet,mixed,SonarQube,warning,infra,1642,0.4139285660554123,3,0.151240296107912,False
2204,catch-generic,clear_fp,SonarQube,warning,production,132,0.18593439448226712,4,0.708950924334157,True
2205,todo-comment,clear_fp,SonarQube,none,production,1703,0.8171419332282389,10,0.29407115917304427,True
2206,catch-generic,clear_fp,Semgrep,note,infra,1542,0.23958761849403332,5,0.6103871804869687,True
2207,dom-xss,clear_vp,SonarQube,note,production,1031,0.3844293042801694,3,0.8051200248207101,False
2208,rds-public,mixed,SonarQube,note,production,78,0.29691733167738155,4,0.05890251521197798,False
2209,deserialization,clear_vp,SonarQube,note,test,614,0.6432130030224263,5,0.493915682816369,True
2210,prototype-pollution,mixed,Semgrep,warning,config,1359,0.006042696858066909,2,0.6734998608184691,True
2211,rce-confirmed,clear_vp,CodeQL,warning,test,1064,0.40045380868174474,6,0.2719408028130017,False
2212,xss-reflected,mixed,SonarQube,note,production,151,0.6656475539671354,3,0.9514847675100698,True
2213,weak-cipher,mixed,Semgrep,none,production,1402,0.42157623737063554,4,0.2400335843743302,False
2214,public-subnet,mixed,Semgrep,error,production,1608,0.41133697004997294,3,0.3082623084654311,True
2215,prototype-pollution,mixed,CodeQL,error,production,331,0.03534104460972576,4,0.11829889004072147,False
2216,rce-confirmed,clear_vp,Semgrep,none,production,1682,0.19062021068151358,5,0.7069844180285014,False
2217,hsts-missing,clear_fp,SonarQube,warning,test,114,0.22989349056807895,4,0.5207742386385216,True
2218,sql-injection,mixed,Semgrep,error,production,1898,0.40872592827626475,4,0.18044199864596888,False
2219,hardcoded-secret,mixed,Semgrep,note,production,1998,0.7285558062299383,4,0.8244508114295005,False
2220,latest-tag,clear_fp,SonarQube,warning,config,1952,0.23276596429335317,3,0.3258467803907379,True
2221,line-too-long,clear_fp,Semgrep,error,test,1722,0.29807495380926163,3,0.08653077727317637,True
2222,sqli-confirmed,clear_vp,CodeQL,warning,production,1851,0.9642259558767506,4,0.7398163343882102,False
2223,sqli-confirmed,clear_vp,SonarQube,warning,test,1230,0.38877752008402544,2,0.14707305685676686,True
2224,open-redirect,mixed,CodeQL,note,config,231,0.6430176824140023,2,0.9995983822000198,True
2225,line-too-long,clear_fp,CodeQL,warning,test,1794,0.2727864706808315,3,0.8149993898456,True
2226,malware-callback,clear_vp,SonarQube,warning,config,1440,0.9546118707097154,3,0.9339334508549741,False
2227,sql-injection,mixed,Semgrep,warning,test,1580,0.09175188782584576,6,0.11920891141395673,False
2228,http-404-burst,clear_fp,SonarQube,warning,production,603,0.25021695889213,1,0.9592677361349363,True
2229,ssrf-request,clear_vp,SonarQube,warning,production,34,0.3495846498895404,3,0.9991370762165098,False
2230,public-subnet,mixed,SonarQube,warning,production,1268,0.898328435923853,6,0.9711037439891592,True
2231,deserialization,clear_vp,Semgrep,note,production,1704,0.04663487864457372,5,0.8993661393789949,False
2232,rce-confirmed,clear_vp,CodeQL,warning,production,422,0.9417483622312047,5,0.08342434221115358,False
2233,dom-xss,clear_vp,SonarQube,note,test,941,0.3987142493537392,5,0.12976330729799612,False
2234,hardcoded-secret,mixed,SonarQube,note,test,878,0.2462256519846745,5,0.29644099227541565,True
2235,path-traversal,mixed,Semgrep,none,production,669,0.7468271754630709,7,0.8314417798338483,True
2236,dns-exfiltration,clear_vp,SonarQube,error,production,841,0.18446624039044923,8,0.4305648421698647,False
2237,malware-callback,clear_vp,CodeQL,warning,test,30,0.12906873889871995,1,0.8974129799709907,False
2238,path-traversal,mixed,Semgrep,error,infra,1512,0.7631467101641358,4,0.09985782447202562,False
2239,weak-cipher,mixed,Semgrep,note,test,1303,0.19725277773071948,3,0.22062390831025425,True
2240,command-injection,clear_vp,Semgrep,error,production,566,0.3782827590363421,4,0.6739125965993212,False
2241,weak-cipher,mixed,Semgrep,note,production,1372,0.5653139862898864,2,0.7138422800498265,True
2242,catch-generic,clear_fp,CodeQL,note,config,742,0.09030774856562673,4,0.7907501660653935,True
2243,todo-comment,clear_fp,SonarQube,note,infra,1096,0.786996118766629,3,0.7821595192204462,True
2244,dom-xss,clear_vp,Semgrep,none,production,1136,0.8331094174196363,6,0.8886431808940862,False
2245,xss-reflected,mixed,Semgrep,warning,infra,1319,0.5792599406346188,6,0.04264849794656744,True
2246,http-404-burst,clear_fp,CodeQL,error,production,99,0.7640867829913307,2,0.6802204038586392,True
2247,dom-xss,clear_vp,SonarQube,warning,infra,1706,0.3995062484775861,3,0.4338365240273626,False
2248,ssrf-request,clear_vp,Semgrep,note,production,160,0.1020799669741872,2,0.05502771397236739,False
2249,rce-confirmed,clear_vp,CodeQL,warning,infra,1797,0.7275020056250169,9,0.36291134462338515,False
2250,sqli-confirmed,clear_vp,SonarQube,warning,test,969,0.9465955914982225,2,0.8116353199647066,False
2251,path-traversal,mixed,SonarQube,warning,infra,791,0.5428173620781757,8,0.013847635506381906,True
2252,todo-comment,clear_fp,Semgrep,note,test,1329,0.32675612705440515,5,0.5254616010359016,True
2253,open-redirect,mixed,Semgrep,note,config,1875,0.02491627968593102,4,0.8268016663758642,True
2254,open-redirect,mixed,Semgrep,warning,test,1315,0.6674991196239858,5,0.8707001108984207,True
2255,sql-injection,mixed,Semgrep,note,production,940,0.040439242982931334,3,0.4727810301110631,False
2256,rce-confirmed,clear_vp,CodeQL,error,test,457,0.2522713787144927,4,0.7813126284286044,False
2257,weak-cipher,mixed,Semgrep,warning,test,1222,0.6089330209896426,3,0.2947842091785916,False
2258,path-traversal,mixed,SonarQube,note,production,1212,0.7219133493118358,4,0.8110797937356735,True
2259,todo-comment,clear_fp,CodeQL,warning,infra,431,0.23053879217091333,3,0.7347384757650869,True
2260,malware-callback,clear_vp,SonarQube,error,production,577,0.09102908880028526,6,0.46510472628296873,False
2261,command-injection,clear_vp,SonarQube,warning,production,1242,0.8028491069882814,3,0.5852222875080462,False
2262,ssh-anomaly,mixed,Semgrep,warning,test,1241,0.1476666111414876,3,0.44341269619787993,True
2263,s3-no-encryption,mixed,CodeQL,note,production,1602,0.665386623785032,4,0.4629740118747546,False
2264,insecure-deser,clear_vp,SonarQube,none,production,1345,0.448234633217067,4,0.6561706972864274,False
2265,prototype-pollution,mixed,SonarQube,warning,production,19,0.8845314396280024,8,0.8095801204568599,False
2266,csrf-missing,mixed,SonarQube,error,infra,524,0.8588548191493789,2,0.33720926331101475,False
2267,insecure-deser,clear_vp,SonarQube,error,test,936,0.08524924501155029,6,0.24971641363500263,True
2268,insecure-deser,clear_vp,SonarQube,error,config,1689,0.7805867126366647,3,0.9014692283942561,False
2269,prototype-pollution,mixed,CodeQL,note,test,980,0.45275545127491557,4,0.40609004218390676,True
2270,line-too-long,clear_fp,SonarQube,note,test,1333,0.5890275371247186,2,0.8233738668247605,True
2271,xss-reflected,mixed,SonarQube,note,production,425,0.048655781999131564,4,0.028815401053605694,False
2272,assert-usage,clear_fp,SonarQube,error,test,1437,0.6011416668628448,3,0.5970544656150173,True
2273,csrf-missing,mixed,CodeQL,error,infra,1565,0.5082227016882677,6,0.3082670029862493,False
2274,path-traversal,mixed,Semgrep,note,config,1840,0.40074336499727403,9,0.4832249663317051,True
2275,gdpr-data-leak,clear_vp,CodeQL,error,production,1383,0.9064650646515402,3,0.15496184652386868,False
2276,public-subnet,mixed,CodeQL,error,test,1336,0.7250931110695649,2,0.3937604003795633,False
2277,gdpr-data-leak,clear_vp,SonarQube,error,infra,1385,0.2515009199344028,5,0.07027623588769993,False
2278,deserialization,clear_vp,SonarQube,warning,production,485,0.6137989590420808,6,0.6699713489009396,False
2279,hardcoded-secret,mixed,Semgrep,warning,production,1112,0.024905069746200437,2,0.7814059261710522,False
2280,sql-injection,mixed,Semgrep,note,production,1376,0.944042501735808,6,0.444243920802322,True
2281,public-subnet,mixed,CodeQL,error,infra,245,0.5673441935139752,3,0.49981693740841404,False
2282,sqli-confirmed,clear_vp,SonarQube,none,infra,1729,0.6693911100886447,8,0.33395635634444587,False
2283,todo-comment,clear_fp,CodeQL,note,production,848,0.28786732842250773,4,0.24931486641109024,True
2284,weak-cipher,mixed,CodeQL,note,production,1668,0.5556911944786388,3,0.5383365129442652,False
2285,http-404-burst,clear_fp,Semgrep,error,production,416,0.5796704351975396,6,0.39482775165562656,True
2286,weak-cipher,mixed,SonarQube,note,test,540,0.7738033312474814,5,0.20345305052922769,True
2287,malware-callback,clear_vp,Semgrep,warning,production,1095,0.9984169636492549,2,0.7804680401549412,False
2288,hardcoded-secret,mixed,SonarQube,warning,production,329,0.01917155756401523,5,0.22000015071414647,True
2289,sqli-confirmed,clear_vp,CodeQL,note,production,1791,0.7051122613353439,2,0.612655895228373,False
2290,malware-callback,clear_vp,CodeQL,warning,production,293,0.2084532456294853,4,0.8368044917030427,False
2291,command-injection,clear_vp,CodeQL,error,production,649,0.13801460547566624,1,0.013459952931471286,False
2292,dom-xss,clear_vp,SonarQube,note,config,865,0.6709167840534915,3,0.4453722938425705,False
2293,command-injection,clear_vp,CodeQL,warning,production,1689,0.9642488410362291,4,0.42394308493982424,False
2294,unused-import,clear_fp,Semgrep,note,test,1415,0.12214920789060113,5,0.28542768512447336,True
2295,command-injection,clear_vp,CodeQL,warning,config,1799,0.025860383538597098,4,0.30615356213210076,True
2296,todo-comment,clear_fp,SonarQube,note,infra,489,0.46200001073728536,5,0.06665559174667346,True
2297,insecure-deser,clear_vp,SonarQube,warning,test,1925,0.8542604370931057,2,0.640617124225558,False
2298,xss-reflected,mixed,SonarQube,note,production,1276,0.9098509748640853,4,0.13225359215605248,False
2299,line-too-long,clear_fp,CodeQL,none,infra,1159,0.9839174948547723,3,0.4154517736790876,True
2300,sql-injection,mixed,CodeQL,error,test,1309,0.232108962879776,3,0.48523896903031427,True
2301,command-injection,clear_vp,Semgrep,warning,production,920,0.3362638796625149,2,0.5331775937602949,False
2302,dns-exfiltration,clear_vp,CodeQL,warning,production,144,0.7504308488338631,2,0.058872175089750844,False
2303,gdpr-data-leak,clear_vp,SonarQube,warning,production,1527,0.38251790797490937,7,0.7627395319435024,False
2304,dns-exfiltration,clear_vp,CodeQL,error,production,191,0.3779341063450531,6,0.6889130176988153,False
2305,todo-comment,clear_fp,SonarQube,error,production,1156,0.5537169151588768,10,0.03871250836706608,True
2306,ssrf-request,clear_vp,SonarQube,warning,production,1114,0.7477416516079946,6,0.20304881010489884,False
2307,s3-no-encryption,mixed,SonarQube,warning,test,960,0.6611351469183497,3,0.2972585469036878,True
2308,hardcoded-secret,mixed,SonarQube,note,production,773,0.07375292365782793,3,0.9978985094224627,False
2309,command-injection,clear_vp,SonarQube,note,production,242,0.2957090956049928,1,0.19674052243235995,False
2310,dns-exfiltration,clear_vp,Semgrep,note,test,329,0.7888217210923385,5,0.09413976066968865,False
2311,gdpr-data-leak,clear_vp,CodeQL,error,test,95,0.15343172375969316,6,0.9750605256429472,True
2312,s3-no-encryption,mixed,Semgrep,note,config,147,0.040995761838033995,6,0.5288433742187594,False
2313,hsts-missing,clear_fp,CodeQL,warning,production,639,0.41177729056235735,5,0.8912518131481663,True
2314,sql-injection,mixed,CodeQL,none,test,1401,0.3744148056036056,3,0.724033596655804,True
2315,unused-import,clear_fp,CodeQL,warning,infra,59,0.4114427666804108,5,0.9539757140805427,True
2316,deserialization,clear_vp,Semgrep,warning,production,1634,0.16595449748626168,2,0.4132346502181655,False
2317,malware-callback,clear_vp,SonarQube,warning,production,1310,0.8171409702270372,5,0.5800168853871507,False
2318,bare-except,clear_fp,Semgrep,note,production,89,0.01960356804628205,4,0.43725450068309213,True
2319,sql-injection,mixed,Semgrep,error,infra,1402,0.275108437389903,5,0.6197348363528066,False
2320,ssrf-request,clear_vp,Semgrep,none,production,888,0.018966384731041175,5,0.6921862883801171,False
2321,assert-usage,clear_fp,Semgrep,note,test,1670,0.5418353053646227,4,0.23679199785645566,False
2322,sqli-confirmed,clear_vp,SonarQube,warning,production,99,0.6999187748384222,3,0.6955312485118323,False
2323,open-redirect,mixed,Semgrep,warning,infra,1548,0.8160108418244626,4,0.49397465327548096,False
2324,command-injection,clear_vp,Semgrep,error,production,517,0.14521006061127795,5,0.5825868543910996,False
2325,csrf-missing,mixed,CodeQL,note,config,1002,0.37486159965176824,3,0.25753545024058344,True
2326,prototype-pollution,mixed,Semgrep,warning,production,1113,0.07189534051450697,3,0.05984718972688852,False
2327,sqli-confirmed,clear_vp,CodeQL,note,production,428,0.43464443931069696,4,0.40575212395423255,False
2328,hardcoded-secret,mixed,Semgrep,note,config,1094,0.6457278158005122,3,0.41440685567053215,True
2329,s3-no-encryption,mixed,Semgrep,warning,config,1109,0.6819874051463097,3,0.024606029124990103,True
2330,rds-public,mixed,Semgrep,note,test,364,0.3104782331172782,4,0.6623670951866807,True
2331,malware-callback,clear_vp,SonarQube,warning,production,1854,0.6987399073299491,2,0.6465879505288259,False
2332,deserialization,clear_vp,CodeQL,none,config,143,0.8383972484821333,4,0.5889817000934034,False
2333,ssh-anomaly,mixed,CodeQL,error,production,1051,0.013890134966268008,3,0.8209471574549682,False
2334,unused-import,clear_fp,CodeQL,note,infra,1110,0.4444356097745388,5,0.07977592530942323,True
2335,dom-xss,clear_vp,CodeQL,note,production,1367,0.4198863194402218,2,0.24679577358914595,False
2336,sql-injection,mixed,CodeQL,error,config,261,0.6418607787630198,3,0.7705325470381457,False
2337,hsts-missing,clear_fp,CodeQL,warning,test,1511,0.9919948163241387,3,0.927073532054248,True
2338,public-subnet,mixed,CodeQL,warning,production,1868,0.42507074548840995,5,0.5602554550011573,False
2339,latest-tag,clear_fp,Semgrep,error,production,1300,0.6132947714839049,6,0.2654731883060909,True
2340,gdpr-data-leak,clear_vp,SonarQube,warning,production,406,0.16925952420404577,2,0.472910946688326,False
2341,malware-callback,clear_vp,CodeQL,note,config,1949,0.8502206778226161,3,0.2703589138157041,False
2342,gdpr-data-leak,clear_vp,Semgrep,note,config,166,0.2978644872250884,2,0.09286233431325075,False
2343,todo-comment,clear_fp,SonarQube,error,test,86,0.9649792960461111,3,0.4165338974751863,True
2344,dns-exfiltration,clear_vp,SonarQube,error,test,102,0.15077150681110096,10,0.5741555454323672,False
2345,bare-except,clear_fp,Semgrep,warning,production,624,0.14511498425764058,2,0.6534188353930929,True
2346,assert-usage,clear_fp,Semgrep,none,config,1153,0.9996956093547604,3,0.2262057658036466,True
2347,hsts-missing,clear_fp,SonarQube,none,production,613,0.4087207622276604,3,0.8128181253338548,True
2348,path-traversal,mixed,CodeQL,warning,production,538,0.2993201091392361,5,0.8949663786438646,True
2349,dom-xss,clear_vp,Semgrep,error,production,746,0.07956081167188134,3,0.3995722587142272,False
2350,csrf-missing,mixed,CodeQL,note,config,436,0.20045546130537995,6,0.37852304346325316,True
2351,deserialization,clear_vp,Semgrep,warning,production,1928,0.8107920721628282,4,0.17532766253662913,False
2352,rce-confirmed,clear_vp,SonarQube,error,test,1055,0.661014607032738,5,0.12017932919579455,False
2353,insecure-deser,clear_vp,CodeQL,warning,production,608,0.20751462525023023,3,0.028164994016766087,False
2354,unused-import,clear_fp,CodeQL,warning,production,1772,0.48427524382170417,4,0.7129601777644295,True
2355,public-subnet,mixed,CodeQL,warning,infra,336,0.38067648524146835,3,0.5439696357977055,False
2356,http-404-burst,clear_fp,CodeQL,note,production,1163,0.8597478956615386,8,0.9346292187427798,True
2357,dns-exfiltration,clear_vp,Semgrep,warning,production,1624,0.31994886235158737,3,0.6973626903614653,False
2358,dns-exfiltration,clear_vp,Semgrep,note,production,1340,0.7988393747548556,7,0.022006163324646,False
2359,hsts-missing,clear_fp,CodeQL,none,config,65,0.7461023904196028,5,0.8746594341333682,True
2360,deserialization,clear_vp,SonarQube,warning,test,553,0.010238002575995386,3,0.7284766841211328,False
2361,prototype-pollution,mixed,CodeQL,warning,production,775,0.19373021144311697,4,0.5040768053058848,True
2362,rds-public,mixed,CodeQL,note,production,1324,0.5209961259858169,6,0.7605313649698012,True
2363,eval-detected,clear_fp,CodeQL,note,test,1708,0.5282248652305088,4,0.5687715775903344,False
2364,hardcoded-secret,mixed,CodeQL,note,production,521,0.859361595691076,2,0.5440033237555207,False
2365,hsts-missing,clear_fp,SonarQube,error,infra,1702,0.4758765081652758,2,0.56913837370644,True
2366,sqli-confirmed,clear_vp,CodeQL,warning,production,745,0.3264100860344259,5,0.9340437926474934,False
2367,eval-detected,clear_fp,Semgrep,warning,production,1193,0.505846376942053,3,0.36144950620796157,True
2368,command-injection,clear_vp,CodeQL,warning,production,1449,0.4083796806314758,3,0.10554913671295041,False
2369,rce-confirmed,clear_vp,SonarQube,error,infra,264,0.7466588171393899,4,0.11525831169203882,False
2370,line-too-long,clear_fp,SonarQube,error,production,348,0.2370814049312715,4,0.27643161170080777,True
2371,s3-no-encryption,mixed,CodeQL,none,production,1521,0.014589824843216359,5,0.8880690204626343,False
2372,latest-tag,clear_fp,SonarQube,error,production,707,0.9029796490563489,2,0.4080473309345336,True
2373,line-too-long,clear_fp,CodeQL,note,production,1049,0.7541479847464423,4,0.25550668371821117,True
2374,dom-xss,clear_vp,SonarQube,warning,test,1604,0.7895506015797668,4,0.15483131819344675,False
2375,sql-injection,mixed,SonarQube,error,production,1924,0.6431034996950392,5,0.010390666041836027,False
2376,line-too-long,clear_fp,Semgrep,error,production,1712,0.26446882881443,1,0.8206753439752291,True
2377,eval-detected,clear_fp,SonarQube,warning,config,1204,0.3747217101923378,5,0.5355194199109402,True
2378,latest-tag,clear_fp,CodeQL,none,production,299,0.21479003873925429,3,0.45501178588992097,True
2379,dom-xss,clear_vp,CodeQL,warning,infra,475,0.8309903105675974,3,0.5855866468419892,False
2380,gdpr-data-leak,clear_vp,CodeQL,note,production,517,0.09442807969363554,3,0.6491036348645998,False
2381,line-too-long,clear_fp,CodeQL,warning,production,14,0.4495719976912065,8,0.6385891232915506,True
2382,open-redirect,mixed,Semgrep,error,production,72,0.8308452800594213,5,0.02690415384963385,True
2383,latest-tag,clear_fp,SonarQube,warning,infra,106,0.004335108609341276,8,0.46349617829897416,True
2384,sql-injection,mixed,CodeQL,none,production,1249,0.41851722326509766,5,0.5461072586951875,True
2385,http-404-burst,clear_fp,SonarQube,error,test,1699,0.9197646338134479,5,0.3269124672523922,False
2386,insecure-deser,clear_vp,SonarQube,warning,production,1681,0.2041990625927761,2,0.15814946056952195,False
2387,bare-except,clear_fp,CodeQL,note,production,815,0.5078448532241586,2,0.4544348665747845,True
2388,http-404-burst,clear_fp,SonarQube,error,production,1528,0.027402097797213254,3,0.2712808995027455,True
2389,todo-comment,clear_fp,CodeQL,none,test,1325,0.6893806683365004,3,0.24498021593384223,True
2390,ssh-anomaly,mixed,SonarQube,warning,config,1633,0.9551300000847747,3,0.09837697772908116,False
2391,http-404-burst,clear_fp,SonarQube,warning,config,135,0.11155507896420114,5,0.15002224985441937,True
2392,ssh-anomaly,mixed,CodeQL,none,config,240,0.46800070108132263,5,0.7163998503633859,True
2393,ssh-anomaly,mixed,CodeQL,warning,config,11,0.27152612403165854,3,0.9971401828635337,True
2394,hsts-missing,clear_fp,Semgrep,note,infra,1030,0.5881117711149347,4,0.593433443140977,True
2395,gdpr-data-leak,clear_vp,Semgrep,note,production,1590,0.43526383553907444,4,0.2365552780920699,False
2396,path-traversal,mixed,Semgrep,error,test,1681,0.854186786419465,5,0.14292487554641098,True
2397,command-injection,clear_vp,SonarQube,warning,config,676,0.4672323823097815,5,0.11229472140989771,False
2398,path-traversal,mixed,CodeQL,note,infra,1600,0.45150971489177405,4,0.4058472679985483,False
2399,ssh-anomaly,mixed,SonarQube,error,config,1923,0.3885194403786828,4,0.23896653358859643,False
2400,http-404-burst,clear_fp,CodeQL,warning,production,1641,0.9232086927115225,6,0.04877974656335271,True
2401,assert-usage,clear_fp,CodeQL,error,test,963,0.09992538018373243,2,0.5028434565027161,True
2402,xss-reflected,mixed,SonarQube,warning,production,784,0.8572766360412897,6,0.14823275223614174,False
2403,assert-usage,clear_fp,Semgrep,note,production,1038,0.669236777138674,6,0.811461266997552,True
2404,csrf-missing,mixed,CodeQL,warning,config,181,0.48447132437735785,3,0.8204790816619095,True
2405,open-redirect,mixed,Semgrep,warning,test,1586,0.595287639396805,3,0.8607248984828896,False
2406,sql-injection,mixed,Semgrep,note,production,1439,0.17463886473746149,3,0.8074419885945436,True
2407,bare-except,clear_fp,Semgrep,error,production,824,0.5657117051042293,7,0.027069353136965124,True
2408,ssh-anomaly,mixed,SonarQube,note,production,1511,0.5312330609895951,5,0.6363108155392565,True
2409,latest-tag,clear_fp,Semgrep,warning,test,1109,0.9273514906632403,6,0.6578524102879766,True
2410,ssrf-request,clear_vp,SonarQube,warning,config,866,0.6305095145908143,2,0.2605532153697756,False
2411,assert-usage,clear_fp,Semgrep,none,config,189,0.825896269292096,4,0.8496926533102606,True
2412,ssrf-request,clear_vp,CodeQL,error,production,1201,0.20169755615184637,2,0.2178930641891722,False
2413,latest-tag,clear_fp,CodeQL,note,test,28,0.5383405988104426,5,0.4995866531218922,True
2414,hsts-missing,clear_fp,SonarQube,note,production,471,0.5678128758506288,2,0.5549010937865937,True
2415,open-redirect,mixed,SonarQube,note,production,1466,0.833541702882851,2,0.5444532154467844,True
2416,malware-callback,clear_vp,Semgrep,warning,config,43,0.7846714759535519,3,0.18350883353938585,False
2417,command-injection,clear_vp,Semgrep,error,production,1122,0.8069201535406937,5,0.7569263876274804,False
2418,gdpr-data-leak,clear_vp,CodeQL,warning,infra,1291,0.08041714348977858,2,0.5577818542129321,False
2419,sql-injection,mixed,CodeQL,note,infra,1554,0.08700658705606035,3,0.1170871673548447,True
2420,csrf-missing,mixed,Semgrep,warning,test,607,0.31328771731890026,2,0.15899623544943464,True
2421,sql-injection,mixed,SonarQube,none,config,231,0.2795350245067413,3,0.9143591298520531,True
2422,open-redirect,mixed,SonarQube,warning,test,648,0.7387583897648439,5,0.955839660910142,True
2423,deserialization,clear_vp,CodeQL,warning,infra,1012,0.9196068617206368,6,0.14359089828314897,False
2424,rds-public,mixed,Semgrep,warning,test,989,0.6085544808356751,2,0.5651623338124716,True
2425,hsts-missing,clear_fp,SonarQube,none,test,900,0.023186011793026595,6,0.4506482461009247,True
2426,deserialization,clear_vp,SonarQube,note,infra,276,0.6768906165888243,2,0.115644478064866,False
2427,rce-confirmed,clear_vp,SonarQube,error,test,307,0.04482671415349859,4,0.28195100527470085,False
2428,dns-exfiltration,clear_vp,CodeQL,error,test,508,0.5975532858952937,2,0.9493347747124372,False
2429,csrf-missing,mixed,CodeQL,warning,test,129,0.4407776525463927,3,0.08569666315705937,True
2430,malware-callback,clear_vp,SonarQube,warning,infra,1112,0.8443506728467114,4,0.7149480551367945,False
2431,csrf-missing,mixed,CodeQL,warning,test,973,0.39835230480325634,5,0.9118804638774594,True
2432,sqli-confirmed,clear_vp,SonarQube,error,production,382,0.5404976579567711,3,0.025173129705610142,False
2433,bare-except,clear_fp,Semgrep,error,test,1791,0.3031037738019473,7,0.032529654585997214,True
2434,csrf-missing,mixed,SonarQube,error,infra,1354,0.27413275881336674,2,0.44806940304534637,False
2435,http-404-burst,clear_fp,SonarQube,warning,production,1996,0.9602942908811315,4,0.21589182323366674,True
2436,deserialization,clear_vp,CodeQL,warning,production,560,0.12569051356453986,4,0.1783282494554148,False
2437,open-redirect,mixed,Semgrep,error,infra,1267,0.6977479996808517,4,0.8900970353936911,False
2438,public-subnet,mixed,SonarQube,note,production,1353,0.7763518072676816,9,0.616748859233304,True
2439,xss-reflected,mixed,Semgrep,error,test,140,0.9061048893549762,2,0.20952940162251543,True
2440,public-subnet,mixed,Semgrep,note,production,887,0.019298375401592516,4,0.12157302016074278,True
2441,csrf-missing,mixed,SonarQube,warning,infra,1031,0.9446718847852377,2,0.9716990778367313,True
2442,ssrf-request,clear_vp,SonarQube,warning,test,464,0.02792259723863999,4,0.6350190700718746,False
2443,deserialization,clear_vp,Semgrep,warning,infra,908,0.24404053384224333,6,0.4274896501846589,False
2444,gdpr-data-leak,clear_vp,SonarQube,warning,test,954,0.37302841699368017,7,0.44822871665954456,False
2445,malware-callback,clear_vp,CodeQL,error,production,1974,0.6833457750793165,5,0.31053677535286117,False
2446,catch-generic,clear_fp,Semgrep,warning,test,309,0.32473364020281625,3,0.7337774229238204,True
2447,eval-detected,clear_fp,Semgrep,warning,production,1696,0.3559574530024977,3,0.961677794698704,True
2448,bare-except,clear_fp,Semgrep,error,production,156,0.2115222683689134,6,0.4473218130008154,True
2449,assert-usage,clear_fp,CodeQL,error,production,1440,0.7243404378292654,6,0.3986194139240793,True
2450,gdpr-data-leak,clear_vp,Semgrep,note,production,919,0.8160654532321651,4,0.788579216919303,False
2451,csrf-missing,mixed,SonarQube,warning,infra,590,0.21806763557193198,2,0.8964322885091256,False
2452,todo-comment,clear_fp,CodeQL,warning,production,1459,0.417240119175715,5,0.6525196570085134,True
2453,rce-confirmed,clear_vp,SonarQube,warning,test,990,0.41869257489005063,2,0.4966661809433508,False
2454,insecure-deser,clear_vp,Semgrep,error,production,1596,0.1803662918585185,3,0.5612806407135509,False
2455,hsts-missing,clear_fp,Semgrep,warning,test,1177,0.2111563775406804,3,0.6046743561687918,True
2456,rce-confirmed,clear_vp,SonarQube,note,production,1684,0.12234137992133287,2,0.5176228260134551,False
2457,s3-no-encryption,mixed,SonarQube,warning,production,1341,0.8734531335663405,3,0.6835503170576073,False
2458,s3-no-encryption,mixed,SonarQube,note,infra,700,0.09202769616671347,3,0.453472237531545,True
2459,ssrf-request,clear_vp,Semgrep,warning,production,1642,0.6757708521739515,2,0.05616616454485868,False
2460,deserialization,clear_vp,SonarQube,note,config,100,0.7909803430551121,3,0.28064639140881575,False
2461,eval-detected,clear_fp,Semgrep,warning,production,1436,0.3957839471914162,3,0.15003976429087684,True
2462,dns-exfiltration,clear_vp,CodeQL,none,production,1500,0.11704929408510811,4,0.9284563216185407,False
2463,open-redirect,mixed,Semgrep,error,test,1197,0.7013927662860725,3,0.024077668326494828,True
2464,latest-tag,clear_fp,Semgrep,note,config,713,0.8429616748380978,3,0.48069002157479146,True
2465,deserialization,clear_vp,CodeQL,note,test,329,0.2669520075371926,3,0.18152263345395792,False
2466,malware-callback,clear_vp,SonarQube,none,production,1424,0.7820427497069545,5,0.27203865658156234,False
2467,path-traversal,mixed,Semgrep,warning,production,1995,0.4926955815009496,3,0.6353617674283816,False
2468,unused-import,clear_fp,CodeQL,none,production,205,0.36564944619222595,2,0.369906231996433,True
2469,public-subnet,mixed,Semgrep,warning,production,1659,0.6601791036366953,4,0.7455139507462982,False
2470,dom-xss,clear_vp,SonarQube,warning,production,1251,0.35918755341656505,4,0.3346408444635639,False
2471,csrf-missing,mixed,Semgrep,note,config,100,0.6727927742902089,3,0.8332158673815061,True
2472,hardcoded-secret,mixed,Semgrep,warning,test,297,0.960044841168289,2,0.04411015949461905,False
2473,malware-callback,clear_vp,CodeQL,warning,infra,331,0.16497458060506331,5,0.9026128550234132,False
2474,csrf-missing,mixed,CodeQL,none,infra,1591,0.5731794337584197,8,0.3202197436664187,True
2475,insecure-deser,clear_vp,Semgrep,warning,infra,1844,0.5316797785898112,4,0.45290130043995636,True
2476,command-injection,clear_vp,Semgrep,note,config,1186,0.26084022650250693,4,0.32553880408031854,False
2477,catch-generic,clear_fp,SonarQube,warning,infra,896,0.4244755610707073,2,0.14703094052048282,False
2478,malware-callback,clear_vp,SonarQube,note,production,1330,0.5167888898746739,3,0.4547629161413994,False
2479,sqli-confirmed,clear_vp,Semgrep,none,infra,1073,0.014908788883018498,4,0.6783338297091906,False
2480,command-injection,clear_vp,CodeQL,note,test,1055,0.39022619786578927,3,0.5185055288779082,True
2481,assert-usage,clear_fp,CodeQL,note,production,1366,0.7928105616351604,1,0.3439130891837887,True
2482,sqli-confirmed,clear_vp,CodeQL,warning,config,630,0.7201869343191708,3,0.6788544438340626,False
2483,todo-comment,clear_fp,Semgrep,error,production,260,0.4754260429721856,3,0.48448702200694815,True
2484,hsts-missing,clear_fp,CodeQL,error,config,993,0.4809936394209524,7,0.7934440426487007,True
2485,hardcoded-secret,mixed,SonarQube,warning,config,627,0.47108565702574756,3,0.3102610946530415,False
2486,public-subnet,mixed,SonarQube,none,test,565,0.813369486313056,4,0.4325612408464108,True
2487,line-too-long,clear_fp,Semgrep,note,infra,1454,0.8207712314676632,7,0.7832801433323342,True
2488,line-too-long,clear_fp,SonarQube,error,infra,199,0.8221713407588145,4,0.6784971974719621,False
2489,hsts-missing,clear_fp,SonarQube,warning,production,403,0.729757496135654,1,0.937817986196951,True
2490,s3-no-encryption,mixed,Semgrep,warning,test,436,0.6623305523040228,3,0.4928905691681986,True
2491,public-subnet,mixed,Semgrep,warning,test,1044,0.5755055767780443,4,0.45641541474875547,True
2492,rds-public,mixed,CodeQL,error,production,1050,0.14492155233813653,3,0.07436657514968747,False
2493,ssh-anomaly,mixed,Semgrep,none,test,697,0.7030483956698775,3,0.5488465553127485,True
2494,sql-injection,mixed,Semgrep,error,infra,477,0.6267310498074485,7,0.7889715556101449,False
2495,malware-callback,clear_vp,SonarQube,none,production,1191,0.28748536314251527,4,0.8499628782918436,False
2496,latest-tag,clear_fp,Semgrep,error,config,166,0.9461369177232423,4,0.5035326258967027,True
2497,bare-except,clear_fp,CodeQL,warning,production,1062,0.9406883663257773,3,0.7958723598757608,True
2498,path-traversal,mixed,SonarQube,note,infra,1382,0.8302956496029398,3,0.5070797990727135,True
2499,sqli-confirmed,clear_vp,SonarQube,warning,production,742,0.6435795730129144,4,0.6903798946292362,False
2500,ssh-anomaly,mixed,SonarQube,note,config,1643,0.5826778747168274,6,0.40185990568907637,True
2501,weak-cipher,mixed,Semgrep,warning,infra,1454,0.27377563518829007,8,0.1772582867616015,True
2502,rce-confirmed,clear_vp,Semgrep,error,test,449,0.873735302953439,3,0.047640943412737946,False
2503,todo-comment,clear_fp,CodeQL,warning,test,1798,0.10132241637915906,7,0.8535902569444932,True
2504,bare-except,clear_fp,SonarQube,error,production,437,0.02287794522190345,6,0.26434366263817477,True
2505,hsts-missing,clear_fp,SonarQube,none,production,1883,0.4732349123878091,5,0.7344772563550613,True
2506,unused-import,clear_fp,CodeQL,warning,config,1743,0.22008993208691685,4,0.051608354150528224,True
2507,insecure-deser,clear_vp,Semgrep,warning,production,1832,0.7539834102251664,6,0.73846340808164,False
2508,prototype-pollution,mixed,Semgrep,warning,test,131,0.9035000343027458,4,0.3149534494754631,True
2509,latest-tag,clear_fp,SonarQube,error,production,791,0.8285051500522498,3,0.39326123906637334,True
2510,dns-exfiltration,clear_vp,CodeQL,warning,production,717,0.28896224734423925,5,0.9533535928836221,False
2511,rce-confirmed,clear_vp,SonarQube,warning,production,92,0.33104055672048227,2,0.08823330205710644,False
2512,latest-tag,clear_fp,SonarQube,note,config,978,0.2616472520636087,2,0.07222157275550722,True
2513,unused-import,clear_fp,Semgrep,warning,production,240,0.8353493795084933,1,0.6168365907684797,True
2514,xss-reflected,mixed,CodeQL,warning,production,1776,0.24943004274491343,3,0.3260879797800881,False
2515,unused-import,clear_fp,CodeQL,none,production,1818,0.17072693174247067,6,0.7870358421952763,True
2516,weak-cipher,mixed,CodeQL,note,production,1393,0.4960481517161013,3,0.39391232475135285,True
2517,bare-except,clear_fp,CodeQL,warning,production,1398,0.6677017570826429,5,0.5711367094613602,True
2518,prototype-pollution,mixed,SonarQube,error,production,1058,0.2392312194599302,2,0.604092865581498,False
2519,latest-tag,clear_fp,CodeQL,none,infra,1366,0.38944880962621176,3,0.7838185608326084,True
2520,bare-except,clear_fp,CodeQL,warning,config,273,0.907482006952483,2,0.08280902896905251,True
2521,gdpr-data-leak,clear_vp,SonarQube,none,production,1702,0.46368226922591804,4,0.510339759750806,False
2522,public-subnet,mixed,Semgrep,error,test,1313,0.050462303233228756,3,0.21654716455333123,True
2523,catch-generic,clear_fp,Semgrep,note,production,569,0.3065612143292866,7,0.3599218994953346,True
2524,csrf-missing,mixed,CodeQL,error,production,31,0.46713014276348297,3,0.26931649510577294,False
2525,malware-callback,clear_vp,Semgrep,error,test,205,0.17206381699335882,3,0.0658659911671422,False
2526,s3-no-encryption,mixed,Semgrep,warning,infra,614,0.7188173469272647,3,0.10274591053942106,False
2527,hsts-missing,clear_fp,CodeQL,note,test,1963,0.361702801391489,3,0.6029537441703691,True
2528,hsts-missing,clear_fp,CodeQL,none,test,594,0.33889342347863605,3,0.03298406045460256,True
2529,sqli-confirmed,clear_vp,SonarQube,warning,config,1514,0.766553370339731,7,0.727976322412388,False
2530,ssh-anomaly,mixed,CodeQL,note,infra,1015,0.019457117198508844,2,0.21126135302684368,True
2531,todo-comment,clear_fp,SonarQube,note,infra,207,0.14270766921391842,4,0.5612038322088613,True
2532,prototype-pollution,mixed,CodeQL,warning,production,1501,0.7595721921569119,3,0.7468647111345378,True
2533,rce-confirmed,clear_vp,Semgrep,none,config,923,0.7149005154101057,6,0.1555633931402144,False
2534,todo-comment,clear_fp,SonarQube,error,config,1432,0.02425293604325507,3,0.04404833616254977,True
2535,ssh-anomaly,mixed,SonarQube,error,production,143,0.41910551563520226,6,0.7970651896017206,False
2536,todo-comment,clear_fp,Semgrep,warning,config,1636,0.12440920585502824,1,0.9393103630055759,True
2537,ssh-anomaly,mixed,Semgrep,error,config,383,0.3601104458119443,3,0.04806284397274385,False
2538,ssh-anomaly,mixed,Semgrep,note,production,992,0.1223134840837452,4,0.8084479201591189,True
2539,ssrf-request,clear_vp,SonarQube,warning,config,632,0.05502310360058782,2,0.6732035127414665,False
2540,todo-comment,clear_fp,CodeQL,note,config,1602,0.8906168312668122,5,0.21241844202454008,True
2541,assert-usage,clear_fp,Semgrep,error,production,59,0.17965499030851861,2,0.6769336637524392,True
2542,dom-xss,clear_vp,CodeQL,note,production,915,0.7847662112679726,7,0.43691699528053096,True
2543,sqli-confirmed,clear_vp,Semgrep,error,test,476,0.17420203364319975,5,0.5191676888845621,True
2544,s3-no-encryption,mixed,CodeQL,note,production,836,0.6170804555879711,1,0.21584190252405466,True
2545,deserialization,clear_vp,Semgrep,note,production,1402,0.540008352159578,4,0.6685228650359667,False
2546,deserialization,clear_vp,SonarQube,warning,production,1388,0.5198051472609909,6,0.5311546224300754,False
2547,bare-except,clear_fp,Semgrep,warning,config,791,0.2365334513839462,4,0.020945352731847944,True
2548,ssh-anomaly,mixed,SonarQube,warning,production,458,0.871674775583567,3,0.10583041207856803,False
2549,xss-reflected,mixed,SonarQube,warning,production,1397,0.7056598112446697,1,0.3166471380257597,False
2550,catch-generic,clear_fp,CodeQL,warning,production,380,0.4927622733435041,4,0.9163458535949663,True
2551,unused-import,clear_fp,Semgrep,warning,config,1081,0.07701330866462164,4,0.5494221328482489,True
2552,latest-tag,clear_fp,CodeQL,note,config,995,0.618892231138475,1,0.5263323509795179,True
2553,insecure-deser,clear_vp,Semgrep,none,production,1030,0.7777433544926922,8,0.4150535557567442,False
2554,command-injection,clear_vp,CodeQL,note,production,803,0.9736992974506061,4,0.05103797408399602,False
2555,unused-import,clear_fp,CodeQL,warning,test,398,0.22449487218663078,7,0.821504215407343,True
2556,dns-exfiltration,clear_vp,SonarQube,error,production,1962,0.5381352258994333,6,0.7447204397651247,False
2557,eval-detected,clear_fp,CodeQL,note,production,1472,0.42946582656620325,2,0.16490674384670012,True
2558,gdpr-data-leak,clear_vp,CodeQL,error,production,1998,0.8939622254954015,10,0.4295170503296527,False
2559,eval-detected,clear_fp,SonarQube,error,production,103,0.0847141163708015,2,0.6002347697799049,True
2560,http-404-burst,clear_fp,Semgrep,warning,config,1092,0.3838796327500079,4,0.6866347557859714,True
2561,dns-exfiltration,clear_vp,CodeQL,note,test,1813,0.7955644613917894,2,0.1077422387316821,False
2562,http-404-burst,clear_fp,Semgrep,none,config,553,0.3483705983943032,3,0.6213736953114487,True
2563,path-traversal,mixed,SonarQube,error,infra,14,0.4056714528797438,2,0.6417014709360642,False
2564,line-too-long,clear_fp,SonarQube,warning,production,86,0.36618665120340377,7,0.7806683833055846,True
2565,dom-xss,clear_vp,SonarQube,warning,infra,1702,0.3200997668317743,2,0.473223736106158,False
2566,prototype-pollution,mixed,Semgrep,error,production,987,0.5933428337551634,5,0.44815882799586737,False
2567,ssh-anomaly,mixed,SonarQube,note,production,611,0.7726874368954841,4,0.3330372640547401,False
2568,malware-callback,clear_vp,SonarQube,warning,production,1590,0.3030753668336176,3,0.728393738095065,False
2569,ssrf-request,clear_vp,Semgrep,warning,test,1545,0.1433703116953211,1,0.07687821328212519,False
2570,hsts-missing,clear_fp,Semgrep,none,production,1007,0.25098975233714405,1,0.5004005924734096,True
2571,public-subnet,mixed,CodeQL,none,production,1076,0.07991292058259036,9,0.34163372287316973,True
2572,latest-tag,clear_fp,Semgrep,warning,infra,1520,0.7574881720823031,1,0.49666681996016515,True
2573,hardcoded-secret,mixed,CodeQL,error,production,725,0.8070929586960054,4,0.5915217678953557,False
2574,hardcoded-secret,mixed,CodeQL,warning,production,1075,0.9098603467206404,4,0.3528247230670928,False
2575,http-404-burst,clear_fp,SonarQube,none,infra,396,0.754708978643566,5,0.26573157717756735,True
2576,line-too-long,clear_fp,SonarQube,warning,config,912,0.6042870902463316,4,0.042172091950605006,True
2577,unused-import,clear_fp,CodeQL,note,production,808,0.9107742441373549,4,0.6601602587447604,True
2578,open-redirect,mixed,CodeQL,warning,infra,960,0.368671224648628,6,0.9073488106841906,False
2579,latest-tag,clear_fp,CodeQL,error,test,1805,0.8986040632559059,3,0.29459221921086876,False
2580,path-traversal,mixed,CodeQL,warning,test,1920,0.7771949784329972,2,0.8505600399960414,True
2581,eval-detected,clear_fp,SonarQube,warning,production,139,0.20728330584907373,4,0.9482420845808465,True
2582,hsts-missing,clear_fp,CodeQL,warning,config,496,0.4606377716304272,3,0.9107290678534528,True
2583,latest-tag,clear_fp,CodeQL,warning,test,831,0.9359733941084536,4,0.8522286669754824,True
2584,line-too-long,clear_fp,SonarQube,none,infra,201,0.7485349762065718,3,0.5234580838648993,True
2585,weak-cipher,mixed,CodeQL,warning,config,978,0.5407810654724602,2,0.9395188985590724,False
2586,xss-reflected,mixed,Semgrep,error,test,1752,0.44253477812947084,3,0.20530362267881008,True
2587,rds-public,mixed,SonarQube,note,config,1171,0.5981033609956308,1,0.5242872668360271,True
2588,weak-cipher,mixed,CodeQL,warning,test,1300,0.02321230745046443,3,0.72982831289523,True
2589,todo-comment,clear_fp,CodeQL,none,infra,1255,0.20008214039808436,6,0.10934520731350295,True
2590,public-subnet,mixed,SonarQube,warning,test,366,0.5184062985289427,4,0.324857506725605,False
2591,latest-tag,clear_fp,SonarQube,note,production,1627,0.9379389398480542,3,0.49171764415020336,True
2592,ssh-anomaly,mixed,SonarQube,note,test,1654,0.5425875024397518,4,0.1803909018294848,True
2593,unused-import,clear_fp,Semgrep,error,production,294,0.7914918608357383,8,0.06823167000405661,True
2594,http-404-burst,clear_fp,Semgrep,note,test,1107,0.17872103596715516,5,0.7111269215469441,True
2595,csrf-missing,mixed,SonarQube,none,production,439,0.8340084084915146,4,0.17997411389903029,True
2596,http-404-burst,clear_fp,Semgrep,note,production,1438,0.30023234937794574,7,0.8466396317724039,True
2597,gdpr-data-leak,clear_vp,CodeQL,warning,production,1468,0.7245980110431726,3,0.10336219203173624,False
2598,hsts-missing,clear_fp,CodeQL,warning,production,1304,6.749764657443258e-05,2,0.773684562994425,True
2599,dns-exfiltration,clear_vp,CodeQL,error,production,1523,0.3547211368896337,2,0.691949018988567,False
2600,hardcoded-secret,mixed,SonarQube,warning,production,456,0.57547066765642,5,0.5086077993372543,False
2601,rds-public,mixed,SonarQube,warning,production,548,0.09546730079404708,7,0.4116247843941262,True
2602,todo-comment,clear_fp,SonarQube,warning,production,209,0.7169861132232274,4,0.25940629024688133,True
2603,dom-xss,clear_vp,Semgrep,note,production,1149,0.14914880357871452,5,0.7058462540441491,False
2604,bare-except,clear_fp,Semgrep,error,config,1920,0.2604859287018041,2,0.8495516229953327,True
2605,deserialization,clear_vp,SonarQube,note,production,656,0.9691672663905854,1,0.3352956539609143,False
2606,bare-except,clear_fp,SonarQube,error,test,420,0.06035106495265807,3,0.5193780347144368,True
2607,hsts-missing,clear_fp,Semgrep,warning,production,781,0.33474476585905377,6,0.687498086697512,True
2608,unused-import,clear_fp,CodeQL,warning,config,946,0.14529735367587682,3,0.44903496626419015,True
2609,prototype-pollution,mixed,SonarQube,error,infra,816,0.729964581420454,3,0.2630354222897866,True
2610,unused-import,clear_fp,CodeQL,warning,test,10,0.4116999951881093,3,0.6061907913777321,True
2611,csrf-missing,mixed,Semgrep,warning,config,297,0.6212319904757898,3,0.843069272725063,True
2612,csrf-missing,mixed,SonarQube,error,test,746,0.1317245973610538,4,0.3559377266885211,False
2613,hardcoded-secret,mixed,Semgrep,warning,production,694,0.64106642687005,2,0.6397577124394452,True
2614,ssh-anomaly,mixed,CodeQL,warning,test,1196,0.6336387354152389,5,0.7504902434710338,True
2615,catch-generic,clear_fp,SonarQube,warning,production,1771,0.6652937381905463,5,0.6100690361975077,True
2616,rce-confirmed,clear_vp,CodeQL,warning,infra,52,0.1016583640049965,5,0.15885753598511154,False
2617,path-traversal,mixed,CodeQL,warning,config,1117,0.35490212526980025,5,0.6857192215857968,False
2618,sqli-confirmed,clear_vp,Semgrep,warning,production,209,0.7941799648786311,2,0.8388063350231355,False
2619,sqli-confirmed,clear_vp,CodeQL,note,production,28,0.3021641416485491,4,0.13566051300555937,False
2620,open-redirect,mixed,Semgrep,note,test,173,0.07985402266344521,5,0.9527596970216541,True
2621,weak-cipher,mixed,SonarQube,note,production,251,0.13923450130090154,2,0.7532004043267962,False
2622,rce-confirmed,clear_vp,SonarQube,note,production,206,0.545462900958622,3,0.8790789882621566,True
2623,xss-reflected,mixed,SonarQube,warning,production,284,0.8370057020975378,5,0.0662127886087609,False
2624,command-injection,clear_vp,SonarQube,note,test,1919,0.6466431289040213,5,0.3751498958294345,False
2625,path-traversal,mixed,Semgrep,none,test,525,0.3040412007374149,8,0.445673829049656,True
2626,insecure-deser,clear_vp,SonarQube,note,infra,1207,0.6773291332995683,3,0.5970689850296086,False
2627,bare-except,clear_fp,CodeQL,warning,infra,1062,0.9496474712140464,2,0.6360490831971792,True
2628,prototype-pollution,mixed,CodeQL,warning,production,469,0.4960014300716653,3,0.06169145106971119,False
2629,s3-no-encryption,mixed,Semgrep,note,production,304,0.763004935567106,3,0.8511903759383158,False
2630,weak-cipher,mixed,Semgrep,none,production,172,0.4246298457758879,6,0.12338896557671875,False
2631,malware-callback,clear_vp,SonarQube,note,test,1157,0.03403035735203508,6,0.06973491736182236,False
2632,deserialization,clear_vp,Semgrep,error,production,1708,0.6925870022556889,6,0.09884952926661261,False
2633,dns-exfiltration,clear_vp,CodeQL,warning,config,1180,0.8423276072603297,6,0.7048425694728376,False
2634,weak-cipher,mixed,SonarQube,note,config,1582,0.07878769593336499,2,0.026687426479218956,True
2635,prototype-pollution,mixed,SonarQube,none,test,988,0.3715493888554309,4,0.49298400784024143,True
2636,path-traversal,mixed,SonarQube,error,test,358,0.0626514310765165,4,0.04851202035785207,False
2637,sqli-confirmed,clear_vp,Semgrep,warning,production,236,0.11653282059212633,4,0.7868627237404655,False
2638,unused-import,clear_fp,SonarQube,none,production,142,0.053653308739827876,3,0.3166206831966254,True
2639,s3-no-encryption,mixed,Semgrep,none,production,791,0.6978568411977422,4,0.08672033057521134,True
2640,hardcoded-secret,mixed,CodeQL,none,test,311,0.7760999296899824,5,0.2632088499332925,True
2641,gdpr-data-leak,clear_vp,SonarQube,error,test,1593,0.30746395299078166,8,0.1059905484499587,False
2642,deserialization,clear_vp,CodeQL,none,production,783,0.6689488755160782,5,0.1688820865517333,True
2643,eval-detected,clear_fp,CodeQL,note,config,546,0.10170228367476108,3,0.841794197515044,True
2644,rce-confirmed,clear_vp,SonarQube,warning,infra,465,0.07238830214123637,4,0.09285273170458452,False
2645,public-subnet,mixed,Semgrep,warning,config,82,0.935689782152209,2,0.49332399151068784,True
2646,unused-import,clear_fp,CodeQL,warning,production,1845,0.8762068099979826,1,0.6546616285613827,True
2647,http-404-burst,clear_fp,CodeQL,note,production,459,0.4994867734907227,4,0.9439266380988796,True
2648,unused-import,clear_fp,SonarQube,error,infra,1210,0.041121896617392295,6,0.20291234415353265,True
2649,dns-exfiltration,clear_vp,SonarQube,warning,production,606,0.6748876816694735,4,0.686376357366453,False
2650,sqli-confirmed,clear_vp,Semgrep,warning,production,955,0.7224414032485759,4,0.252666200503471,False
2651,bare-except,clear_fp,Semgrep,warning,infra,1124,0.2717834870965422,7,0.4191785513970223,True
2652,eval-detected,clear_fp,CodeQL,warning,config,460,0.5674040420065989,5,0.8143831076479375,True
2653,bare-except,clear_fp,SonarQube,note,test,171,0.9435340214777406,4,0.5877414879452921,True
2654,rds-public,mixed,Semgrep,warning,production,119,0.8971354288729094,1,0.5619617982303888,False
2655,hardcoded-secret,mixed,CodeQL,error,production,1103,0.11448233846789047,3,0.9199737672850691,False
2656,hsts-missing,clear_fp,Semgrep,none,production,1873,0.6529346157015319,4,0.2929531710909934,True
2657,prototype-pollution,mixed,CodeQL,note,production,740,0.9781517330502119,4,0.8680372797401595,True
2658,rce-confirmed,clear_vp,CodeQL,error,infra,1724,0.9529383904262617,6,0.7924383673996058,False
2659,hsts-missing,clear_fp,SonarQube,warning,config,990,0.5476430130358478,3,0.7341002318190774,True
2660,path-traversal,mixed,SonarQube,note,production,502,0.31109918681524773,6,0.3758094694214478,True
2661,ssrf-request,clear_vp,CodeQL,warning,production,1543,0.20595455919829309,5,0.64689591689277,False
2662,rce-confirmed,clear_vp,Semgrep,warning,test,442,0.7926015082375532,4,0.7993495162534305,False
2663,xss-reflected,mixed,CodeQL,note,production,916,0.31660592565534473,3,0.19396615148356977,True
2664,assert-usage,clear_fp,SonarQube,note,test,1982,0.12103041229325662,5,0.06045226564788464,True
2665,xss-reflected,mixed,SonarQube,error,production,4,0.3896475079681758,5,0.8622264205966984,False
2666,bare-except,clear_fp,CodeQL,warning,production,420,0.37799823249982345,6,0.7527857572371326,True
2667,insecure-deser,clear_vp,Semgrep,error,config,1032,0.3930282582830137,3,0.4780993726982441,False
2668,rds-public,mixed,Semgrep,note,production,918,0.5898017368359689,3,0.8521589933947842,True
2669,line-too-long,clear_fp,CodeQL,warning,production,993,0.01897615020840404,4,0.3047317540737434,True
2670,assert-usage,clear_fp,Semgrep,note,production,1342,0.6830992903012024,3,0.8059779120365032,True
2671,insecure-deser,clear_vp,CodeQL,none,config,1399,0.5001472268783251,4,0.8108833319190691,False
2672,unused-import,clear_fp,Semgrep,error,config,867,0.13680198070314198,5,0.8141303644608071,True
2673,todo-comment,clear_fp,SonarQube,warning,test,1825,0.2580495172181174,3,0.6660236792738349,True
2674,path-traversal,mixed,SonarQube,note,config,103,0.628249940947531,4,0.1870322300058228,False
2675,ssrf-request,clear_vp,SonarQube,note,production,158,0.2385995161369412,2,0.7560109271761933,False
2676,malware-callback,clear_vp,SonarQube,note,test,213,0.1773104854277091,5,0.8841651038467899,False
2677,bare-except,clear_fp,Semgrep,error,production,462,0.6295956291008603,4,0.58217988984377,False
2678,bare-except,clear_fp,CodeQL,note,production,1177,0.9702434519041969,3,0.8234580764542382,True
2679,sql-injection,mixed,SonarQube,error,infra,501,0.06755865131734506,5,0.4233060985474687,True
2680,sqli-confirmed,clear_vp,CodeQL,none,config,185,0.3952540084845555,5,0.2794551553201312,False
2681,sql-injection,mixed,Semgrep,error,production,1527,0.9263704487055298,2,0.919409766872166,False
2682,eval-detected,clear_fp,SonarQube,warning,production,251,0.3336615586747318,4,0.1348220861564705,True
2683,line-too-long,clear_fp,CodeQL,note,production,293,0.9112456774581185,4,0.027759069220698485,True
2684,deserialization,clear_vp,CodeQL,warning,production,948,0.06370897083831328,4,0.5775116427971959,False
2685,ssh-anomaly,mixed,CodeQL,warning,infra,1167,0.9007154042019095,5,0.18582037551908526,False
2686,s3-no-encryption,mixed,CodeQL,note,production,1799,0.6060155842126664,4,0.07596108423720349,False
2687,sqli-confirmed,clear_vp,SonarQube,error,production,270,0.6888113215287561,2,0.7731014952019376,False
2688,weak-cipher,mixed,Semgrep,warning,test,609,0.8840129316995248,8,0.4030160009745227,True
2689,malware-callback,clear_vp,SonarQube,error,test,1944,0.5832192675233877,3,0.4401807743503571,False
2690,hardcoded-secret,mixed,CodeQL,none,production,1437,0.6505217824548465,3,0.7753098216179458,True
2691,path-traversal,mixed,Semgrep,note,infra,323,0.10145738050771314,3,0.1529937759784027,True
2692,weak-cipher,mixed,CodeQL,none,infra,113,0.44558696730652114,6,0.8265783676462115,True
2693,dom-xss,clear_vp,CodeQL,note,production,328,0.5580965748906498,4,0.026657724933027427,True
2694,rds-public,mixed,CodeQL,note,test,155,0.04933692295888514,3,0.018935533226771883,True
2695,xss-reflected,mixed,SonarQube,warning,config,875,0.9983815150970126,1,0.10948970841855665,True
2696,deserialization,clear_vp,CodeQL,note,test,1422,0.05256845878954941,7,0.8028013439679169,False
2697,csrf-missing,mixed,Semgrep,warning,config,804,0.6759107318023446,7,0.6806363924467327,True
2698,sqli-confirmed,clear_vp,SonarQube,error,production,1822,0.03818495267954802,3,0.1960297407292959,False
2699,dom-xss,clear_vp,Semgrep,error,test,1964,0.4742462065023887,3,0.3234687189422,True
2700,http-404-burst,clear_fp,SonarQube,warning,production,1443,0.89739667203008,2,0.846119699189944,True
2701,http-404-burst,clear_fp,Semgrep,note,test,144,0.6821301334851123,5,0.22972282158730672,True
2702,deserialization,clear_vp,Semgrep,warning,production,1234,0.6457027303012182,2,0.05772795880233217,False
2703,deserialization,clear_vp,CodeQL,warning,production,1341,0.10266012124955137,2,0.2549843590596351,False
2704,path-traversal,mixed,SonarQube,error,production,1698,0.7067415182393043,5,0.3177080037195177,False
2705,unused-import,clear_fp,CodeQL,warning,test,359,0.5312236379738056,5,0.43212324216977316,True
2706,hardcoded-secret,mixed,Semgrep,note,config,501,0.47424751540026955,4,0.6498232443114926,True
2707,http-404-burst,clear_fp,SonarQube,error,config,1545,0.33758445778154933,2,0.33217797710869135,True
2708,dom-xss,clear_vp,SonarQube,warning,config,1635,0.5930856281251098,2,0.6827323334218323,False
2709,dom-xss,clear_vp,Semgrep,warning,infra,702,0.8010575053355227,3,0.6048363552056498,True
2710,eval-detected,clear_fp,Semgrep,note,production,607,0.8117572653772116,5,0.8461913765848035,True
2711,catch-generic,clear_fp,CodeQL,warning,config,793,0.4253843386142614,4,0.9981639603286299,True
2712,insecure-deser,clear_vp,Semgrep,note,test,1848,0.5164670765835401,2,0.3429902064199032,False
2713,ssrf-request,clear_vp,CodeQL,warning,test,1236,0.9664145052470048,4,0.4086493153892714,False
2714,bare-except,clear_fp,CodeQL,error,infra,1105,0.6684213704056708,4,0.030205867011095178,True
2715,xss-reflected,mixed,Semgrep,none,test,396,0.3476266092689786,3,0.08734537513658991,True
2716,path-traversal,mixed,Semgrep,warning,test,1758,0.969825279747811,1,0.3587949616387115,True
2717,line-too-long,clear_fp,SonarQube,error,production,1555,0.5490421808222619,2,0.17866320533120383,True
2718,eval-detected,clear_fp,CodeQL,warning,production,1639,0.9649614468988891,5,0.47204609069753756,True
2719,http-404-burst,clear_fp,CodeQL,warning,production,775,0.223369051657887,2,0.9169438921695093,True
2720,catch-generic,clear_fp,Semgrep,warning,test,25,0.6523261694994593,3,0.6236482401045308,False
2721,weak-cipher,mixed,CodeQL,error,production,395,0.2559040428296555,4,0.3672352947652836,False
2722,path-traversal,mixed,CodeQL,note,production,148,0.5614156862337853,2,0.2948721417097855,True
2723,hsts-missing,clear_fp,Semgrep,error,infra,195,0.201577941633729,2,0.5263051322213006,True
2724,dom-xss,clear_vp,SonarQube,note,production,1726,0.7666214782535258,3,0.59115229296509,False
2725,gdpr-data-leak,clear_vp,Semgrep,warning,config,27,0.005416298342469705,7,0.9802647501025478,False
2726,dom-xss,clear_vp,Semgrep,note,infra,603,0.24012949034649755,4,0.029633819236693282,False
2727,path-traversal,mixed,SonarQube,warning,config,242,0.06497394247897537,6,0.8223656998612947,True
2728,latest-tag,clear_fp,Semgrep,note,production,1274,0.2186324808328537,4,0.6910573641234218,False
2729,catch-generic,clear_fp,Semgrep,none,test,1533,0.07666884458945422,4,0.3753458533825711,True
2730,deserialization,clear_vp,SonarQube,warning,infra,1990,0.8729272983110746,6,0.6224196007933448,False
2731,dom-xss,clear_vp,CodeQL,warning,test,57,0.6276126899186166,4,0.818768748912934,True
2732,hardcoded-secret,mixed,SonarQube,warning,production,224,0.6468574698844601,4,0.009000705863749792,False
2733,insecure-deser,clear_vp,CodeQL,error,production,1451,0.3716665464675081,5,0.439478228134477,False
2734,prototype-pollution,mixed,CodeQL,warning,config,1252,0.8353596470603865,4,0.5167927032459902,True
2735,ssrf-request,clear_vp,CodeQL,note,production,612,0.21328756476449506,6,0.13273014137120653,False
2736,deserialization,clear_vp,SonarQube,note,production,1061,0.6220010749151295,2,0.9096081801253559,True
2737,hardcoded-secret,mixed,SonarQube,warning,test,681,0.6512541859097379,5,0.7794434131562418,False
2738,s3-no-encryption,mixed,Semgrep,warning,production,632,0.01749630162549587,3,0.45956730888754826,True
2739,line-too-long,clear_fp,Semgrep,note,config,979,0.6657895610320113,2,0.7879674450144459,True
2740,catch-generic,clear_fp,CodeQL,warning,production,183,0.1888287366539485,4,0.9877289829230171,True
2741,weak-cipher,mixed,SonarQube,note,production,1844,0.6348560599317545,2,0.7235159669313079,False
2742,line-too-long,clear_fp,CodeQL,none,production,568,0.14394672495027694,6,0.8418106196221657,True
2743,eval-detected,clear_fp,SonarQube,warning,production,128,0.9341394380831445,4,0.9609759589063998,True
2744,rds-public,mixed,Semgrep,none,production,1797,0.8221162343100088,4,0.14612714329278276,False
2745,command-injection,clear_vp,SonarQube,warning,test,808,0.3297030369681381,3,0.7836401112590298,False
2746,prototype-pollution,mixed,SonarQube,warning,infra,1977,0.349317098324776,2,0.2680337126513016,False
2747,sql-injection,mixed,SonarQube,error,production,1673,0.5763181497494501,3,0.022337654381037075,False
2748,eval-detected,clear_fp,SonarQube,note,production,721,0.8659456182976709,3,0.8004639262072368,True
2749,hardcoded-secret,mixed,CodeQL,note,production,790,0.49162273061164863,3,0.9896824949300881,False
2750,todo-comment,clear_fp,CodeQL,warning,infra,999,0.03980241952058383,5,0.8823674758021949,True
2751,rce-confirmed,clear_vp,SonarQube,warning,test,1423,0.39169312999123684,4,0.5041089276996009,False
2752,xss-reflected,mixed,CodeQL,error,test,1210,0.7177367937066162,4,0.374101567431258,False
2753,assert-usage,clear_fp,SonarQube,note,production,190,0.712234112335033,4,0.08800871221850226,True
2754,s3-no-encryption,mixed,CodeQL,warning,infra,954,0.5536397575683929,2,0.6180183384861815,False
2755,hardcoded-secret,mixed,SonarQube,error,test,1695,0.6064149319790781,3,0.6392204468835359,False
2756,malware-callback,clear_vp,CodeQL,note,production,223,0.8015261376293442,5,0.9991623003272926,False
2757,malware-callback,clear_vp,CodeQL,warning,production,1948,0.16375912284704297,3,0.8767015557252138,False
2758,sqli-confirmed,clear_vp,CodeQL,note,production,1961,0.8969227410227758,5,0.8692175321661997,False
2759,unused-import,clear_fp,SonarQube,note,production,1083,0.7557407765033082,2,0.08166788361087662,True
2760,catch-generic,clear_fp,CodeQL,note,production,114,0.8811283963046104,7,0.37306214685843897,True
2761,command-injection,clear_vp,CodeQL,none,production,971,0.37153008585358105,3,0.2318307061698115,True
2762,rds-public,mixed,SonarQube,warning,production,90,0.16094226747522455,4,0.07810518692441826,False
2763,catch-generic,clear_fp,Semgrep,warning,production,1016,0.4215556205157256,3,0.6989574070047861,True
2764,unused-import,clear_fp,SonarQube,none,test,139,0.13677925504509458,4,0.6126322077892984,True
2765,assert-usage,clear_fp,Semgrep,note,production,1884,0.754775391136719,5,0.9842468433298002,True
2766,sqli-confirmed,clear_vp,Semgrep,note,test,887,0.5115030223878058,5,0.37825850647433734,False
2767,gdpr-data-leak,clear_vp,SonarQube,none,production,349,0.5600041612552491,4,0.42045549256776105,False
2768,assert-usage,clear_fp,SonarQube,note,test,835,0.17008236801808196,2,0.6670628763917479,True
2769,dom-xss,clear_vp,SonarQube,error,production,1572,0.8468202360767562,4,0.5602808717789113,True
2770,command-injection,clear_vp,CodeQL,warning,production,711,0.31853146862983217,4,0.3182230752539196,False
2771,assert-usage,clear_fp,SonarQube,warning,infra,1724,0.6537164983321676,6,0.1161382996501229,True
2772,prototype-pollution,mixed,Semgrep,warning,production,299,0.5347444571072109,2,0.7981667328791635,True
2773,latest-tag,clear_fp,SonarQube,none,production,1399,0.961685995222256,7,0.8300290022062566,False
2774,unused-import,clear_fp,Semgrep,warning,test,1378,0.9721524851245122,4,0.9883981102235291,True
2775,line-too-long,clear_fp,Semgrep,none,production,1594,0.31417509728973836,6,0.736767094067595,True
2776,gdpr-data-leak,clear_vp,SonarQube,note,test,284,0.9081983394580183,5,0.5123595169750865,False
2777,insecure-deser,clear_vp,Semgrep,note,test,699,0.3731331667482952,4,0.7490439156123414,False
2778,deserialization,clear_vp,SonarQube,warning,test,1784,0.43198897065041864,2,0.6630110034940242,False
2779,dom-xss,clear_vp,SonarQube,note,test,1405,0.6485051380715374,6,0.24356461783906236,False
2780,http-404-burst,clear_fp,CodeQL,warning,test,795,0.4150897026278759,4,0.8640086835624805,True
2781,path-traversal,mixed,CodeQL,error,production,1961,0.5031324426464713,3,0.5145474351210202,False
2782,weak-cipher,mixed,Semgrep,none,config,1775,0.13070310198598334,3,0.37921800985779075,True
2783,command-injection,clear_vp,CodeQL,note,production,143,0.3434157372618859,3,0.49876945155513064,False
2784,eval-detected,clear_fp,CodeQL,note,production,943,0.6694129145425122,3,0.9157504769232789,True
2785,open-redirect,mixed,SonarQube,warning,production,622,0.47729521263154395,3,0.42184396825873915,True
2786,assert-usage,clear_fp,SonarQube,note,production,814,0.5982591739818802,7,0.1193114592570097,False
2787,rds-public,mixed,Semgrep,error,infra,951,0.5524301669714589,3,0.3203659203291356,False
2788,prototype-pollution,mixed,SonarQube,none,test,1886,0.1724956843264327,4,0.9983851496257438,True
2789,insecure-deser,clear_vp,Semgrep,error,test,1926,0.7660080638040772,5,0.5720161414842972,False
2790,hardcoded-secret,mixed,Semgrep,note,production,1904,0.21108613632695583,4,0.8241967365547196,True
2791,rce-confirmed,clear_vp,SonarQube,note,production,414,0.5490094822622833,2,0.25825760095285655,False
2792,insecure-deser,clear_vp,Semgrep,note,production,1270,0.6115153223922026,7,0.4951498536605241,False
2793,ssh-anomaly,mixed,Semgrep,warning,production,97,0.937774546688964,2,0.8215289843235476,False
2794,rce-confirmed,clear_vp,Semgrep,warning,test,1288,0.727981213194079,1,0.7963536496661862,False
2795,line-too-long,clear_fp,Semgrep,warning,production,868,0.22086963010645522,3,0.3311592461534769,True
2796,s3-no-encryption,mixed,CodeQL,note,production,408,0.5948255413783857,4,0.9094869361377274,False
2797,bare-except,clear_fp,Semgrep,none,production,164,0.1813646856171145,4,0.2996641711873148,True
2798,eval-detected,clear_fp,CodeQL,warning,config,1790,0.7488957995367868,3,0.7105871649073474,True
2799,path-traversal,mixed,CodeQL,warning,production,248,0.10577965216463159,3,0.13903784824340015,False
2800,dns-exfiltration,clear_vp,Semgrep,warning,infra,1290,0.16539515797428694,3,0.7913349314266095,False
2801,assert-usage,clear_fp,Semgrep,warning,test,828,0.2846546986550732,6,0.652434700282305,True
2802,command-injection,clear_vp,Semgrep,warning,production,1199,0.7603250750272132,7,0.9939305997049087,True
2803,path-traversal,mixed,SonarQube,warning,production,1778,0.6240421478444828,3,0.1431028652649431,True
2804,insecure-deser,clear_vp,CodeQL,warning,production,895,0.6051244313557643,6,0.7232423940479092,False
2805,rce-confirmed,clear_vp,CodeQL,none,production,40,0.6605662867602944,3,0.09449286833249537,False
2806,rce-confirmed,clear_vp,CodeQL,error,infra,1998,0.07152705276920712,3,0.3155827860758025,False
2807,sqli-confirmed,clear_vp,CodeQL,note,production,964,0.07006204598924659,4,0.2292400198119392,False
2808,unused-import,clear_fp,Semgrep,note,production,633,0.6548390098671014,6,0.2963939612376061,True
2809,sqli-confirmed,clear_vp,SonarQube,note,test,942,0.8701152948210074,9,0.5382171706131649,False
2810,sql-injection,mixed,Semgrep,warning,production,1850,0.8874048021527162,3,0.1968411013265644,True
2811,command-injection,clear_vp,Semgrep,warning,production,384,0.2580508047478913,5,0.4378976367294173,False
2812,sqli-confirmed,clear_vp,CodeQL,error,config,1271,0.32946355595993637,4,0.07894027849819019,False
2813,xss-reflected,mixed,CodeQL,note,production,1355,0.5434453221816085,2,0.32031857356975946,False
2814,bare-except,clear_fp,CodeQL,warning,production,538,0.6254506185589501,4,0.8648304307032253,True
2815,weak-cipher,mixed,CodeQL,warning,production,1642,0.6892607467174432,4,0.000165496501144613,True
2816,command-injection,clear_vp,Semgrep,error,test,558,0.9883045675907983,5,0.19810766454843354,False
2817,rds-public,mixed,SonarQube,note,infra,1795,0.5496169934714269,2,0.8651704734863306,True
2818,deserialization,clear_vp,Semgrep,none,production,816,0.7897769073947838,3,0.9165993889009445,True
2819,hardcoded-secret,mixed,Semgrep,note,production,1225,0.34894982214881287,4,0.36253716900196575,False
2820,assert-usage,clear_fp,Semgrep,error,production,1321,0.10070071762548627,2,0.7708982213861482,True
2821,gdpr-data-leak,clear_vp,SonarQube,error,test,357,0.716050889496212,6,0.8197706910266512,False
2822,latest-tag,clear_fp,CodeQL,warning,production,562,0.6919452358975486,2,0.6740895997545487,True
2823,sql-injection,mixed,Semgrep,warning,production,494,0.03908948890834185,5,0.24375362111201393,True
2824,weak-cipher,mixed,SonarQube,warning,test,770,0.07054700436853134,5,0.24575197097118762,True
2825,csrf-missing,mixed,SonarQube,warning,production,1444,0.5069812116160032,6,0.5658572551096086,False
2826,open-redirect,mixed,SonarQube,note,test,1966,0.2271235554389075,6,0.01680174977386284,True
2827,eval-detected,clear_fp,SonarQube,warning,test,494,0.7860563659352244,4,0.11150710420695753,True
2828,public-subnet,mixed,Semgrep,warning,production,1009,0.03069848678577458,3,0.6017380497703043,True
2829,line-too-long,clear_fp,SonarQube,note,production,1052,0.2256344276067841,3,0.7663722370132332,True
2830,dns-exfiltration,clear_vp,Semgrep,none,production,883,0.21855929128682905,3,0.27572225094293445,True
2831,dom-xss,clear_vp,CodeQL,warning,config,140,0.2677669612982412,3,0.5590249647798456,False
2832,gdpr-data-leak,clear_vp,Semgrep,none,production,1993,0.17059866942746005,4,0.5478976016990269,False
2833,todo-comment,clear_fp,SonarQube,note,test,31,0.15305654482313802,4,0.012069347258406249,True
2834,weak-cipher,mixed,SonarQube,warning,test,366,0.9064074290263412,4,0.653924490067314,True
2835,path-traversal,mixed,SonarQube,warning,test,1359,0.4618343116711965,4,0.5398416278669022,True
2836,todo-comment,clear_fp,SonarQube,note,production,968,0.8329614298586506,7,0.6385865502344524,True
2837,deserialization,clear_vp,Semgrep,note,production,389,0.9450789770967906,6,0.9202892090123392,False
2838,ssh-anomaly,mixed,CodeQL,warning,production,281,0.7821833953132099,2,0.4826101705936361,False
2839,bare-except,clear_fp,SonarQube,note,infra,1275,0.12003823612214926,5,0.3303907505864301,True
2840,rce-confirmed,clear_vp,SonarQube,note,production,1378,0.021614717751216372,4,0.6746344439551895,False
2841,public-subnet,mixed,CodeQL,warning,config,930,0.25738706360914787,4,0.9900554577748348,True
2842,deserialization,clear_vp,SonarQube,warning,production,1188,0.4232102551753223,2,0.37391602721856676,False
2843,rds-public,mixed,Semgrep,note,production,353,0.006865600247428216,8,0.1409947983203148,True
2844,rds-public,mixed,SonarQube,error,config,1869,0.08848786353275317,3,0.4931932091963478,True
2845,latest-tag,clear_fp,CodeQL,warning,test,1626,0.1818694324216663,4,0.6569821959233272,True
2846,s3-no-encryption,mixed,CodeQL,error,config,8,0.12361185796259677,3,0.5033840502190544,True
2847,xss-reflected,mixed,SonarQube,note,test,1809,0.10928141871350416,3,0.7628516453057635,True
2848,hardcoded-secret,mixed,SonarQube,error,production,668,0.7524175003792587,7,0.8341843464123241,False
2849,latest-tag,clear_fp,CodeQL,error,production,117,0.5897549217802704,3,0.09624806944343611,True
2850,dns-exfiltration,clear_vp,SonarQube,note,production,1190,0.6712805779976581,4,0.3123883404953154,False
2851,command-injection,clear_vp,SonarQube,note,production,1916,0.5765301045955619,5,0.41719663782268146,False
2852,rce-confirmed,clear_vp,CodeQL,note,infra,861,0.9351141346168895,3,0.8368298435941617,True
2853,hsts-missing,clear_fp,SonarQube,note,config,352,0.2995277522618829,4,0.04326488065154954,True
2854,hardcoded-secret,mixed,SonarQube,note,config,1978,0.30458614408807394,6,0.9084443527574094,False
2855,s3-no-encryption,mixed,SonarQube,note,infra,633,0.06982986297372573,8,0.5282907317039571,True
2856,todo-comment,clear_fp,CodeQL,warning,production,448,0.08728487332546486,3,0.9544391365598057,True
2857,ssrf-request,clear_vp,SonarQube,warning,production,919,0.28963872999190676,3,0.3865581687096312,False
2858,catch-generic,clear_fp,Semgrep,warning,production,1945,0.40729707771700085,3,0.7837063251165663,True
2859,bare-except,clear_fp,CodeQL,error,production,1924,0.5982180918314104,3,0.121403850225688,False
2860,weak-cipher,mixed,SonarQube,error,production,1926,0.02899167881754461,3,0.18642044575855865,False
2861,eval-detected,clear_fp,SonarQube,warning,test,1268,0.7162007785535768,7,0.7597208030624838,True
2862,dom-xss,clear_vp,SonarQube,error,test,110,0.5906355657946374,2,0.5376820085536167,False
2863,s3-no-encryption,mixed,SonarQube,warning,config,1916,0.8752868048162886,4,0.2424861708072964,False
2864,xss-reflected,mixed,SonarQube,warning,production,1877,0.8753799779190867,3,0.009681085279649504,True
2865,s3-no-encryption,mixed,CodeQL,none,production,1681,0.7292798338411035,7,0.7109945317392338,True
2866,s3-no-encryption,mixed,SonarQube,error,config,1980,0.9535979358149531,2,0.7968721137951253,False
2867,unused-import,clear_fp,Semgrep,note,production,1860,0.9270295240466113,2,0.7235937619811401,True
2868,gdpr-data-leak,clear_vp,Semgrep,warning,production,718,0.9162612150932193,3,0.4966542322198928,False
2869,line-too-long,clear_fp,SonarQube,warning,production,1007,0.07718126722073726,3,0.5649608840529802,True
2870,dns-exfiltration,clear_vp,SonarQube,warning,config,1354,0.9394427648991306,7,0.07804530935193443,False
2871,todo-comment,clear_fp,CodeQL,warning,production,1140,0.7023418292926358,4,0.22070470375632378,True
2872,hsts-missing,clear_fp,SonarQube,note,production,818,0.6162194328412611,4,0.4303953268743158,True
2873,ssh-anomaly,mixed,SonarQube,note,production,413,0.5539687888070619,5,0.5353973554365282,True
2874,ssh-anomaly,mixed,Semgrep,error,infra,429,0.9639380394360398,3,0.817033027220336,False
2875,latest-tag,clear_fp,CodeQL,note,production,1396,0.056507586858490555,4,0.2891781270523328,True
2876,unused-import,clear_fp,CodeQL,warning,config,1162,0.4393488770113805,3,0.4825339895444567,True
2877,csrf-missing,mixed,SonarQube,note,production,880,0.3293159916723065,5,0.7089339024832891,False
2878,open-redirect,mixed,CodeQL,error,infra,1892,0.3703512767932945,3,0.8901499966261394,False
2879,latest-tag,clear_fp,Semgrep,warning,infra,1090,0.6935406873037668,3,0.3652373420507554,True
2880,weak-cipher,mixed,CodeQL,warning,production,83,0.013444954461549696,4,0.524504689720579,False
2881,sql-injection,mixed,Semgrep,warning,config,1262,0.21701640845730608,4,0.492116756191332,False
2882,eval-detected,clear_fp,CodeQL,note,infra,1784,0.5005622135179049,3,0.2860038168422627,True
2883,ssh-anomaly,mixed,Semgrep,error,test,222,0.4974961887305118,6,0.1625574398456523,True
2884,http-404-burst,clear_fp,Semgrep,warning,production,774,0.13380140150141373,4,0.02012263184851626,True
2885,http-404-burst,clear_fp,CodeQL,note,production,1190,0.7162632617932116,4,0.3573557852615721,True
2886,rce-confirmed,clear_vp,SonarQube,warning,test,1217,0.2918099079168437,6,0.8763969377444393,False
2887,ssrf-request,clear_vp,Semgrep,warning,test,1768,0.8797826435449612,4,0.07876090363563926,False
2888,eval-detected,clear_fp,SonarQube,note,production,1836,0.6732055732893966,3,0.31329234813700324,True
2889,deserialization,clear_vp,CodeQL,note,production,1828,0.8423085646703586,5,0.41146606625085225,False
2890,line-too-long,clear_fp,Semgrep,error,test,1840,0.9097633849960864,3,0.27345790276272475,True
2891,hardcoded-secret,mixed,Semgrep,error,test,1420,0.9138092881740527,2,0.0859440267284296,True
2892,dns-exfiltration,clear_vp,CodeQL,note,config,1678,0.4401897971116888,2,0.33683584489323304,False
2893,xss-reflected,mixed,Semgrep,warning,production,1658,0.06024049685717037,2,0.4075142742783431,True
2894,rds-public,mixed,CodeQL,error,production,1689,0.3137691915878138,4,0.33122628942364996,False
2895,open-redirect,mixed,CodeQL,warning,production,941,0.7134838782612906,2,0.18431963563871068,False
2896,hsts-missing,clear_fp,SonarQube,note,production,1780,0.07951530416441388,3,0.40493109446629616,True
2897,xss-reflected,mixed,CodeQL,none,test,1231,0.9376752254885982,7,0.7687299825138518,True
2898,sqli-confirmed,clear_vp,Semgrep,warning,production,169,0.7372032514262531,1,0.06019404030129183,False
2899,csrf-missing,mixed,SonarQube,error,config,316,0.9066442998506337,3,0.39005563167360646,True
2900,dom-xss,clear_vp,SonarQube,none,production,1620,0.630283655822188,3,0.11499952665982394,False
2901,csrf-missing,mixed,SonarQube,none,production,530,0.27305280883823724,6,0.8641238803546324,True
2902,rds-public,mixed,Semgrep,warning,infra,1338,0.1419681731977046,4,0.24897780434935557,False
2903,line-too-long,clear_fp,CodeQL,warning,production,314,0.4089743941380224,3,0.9641109527463213,False
2904,gdpr-data-leak,clear_vp,CodeQL,error,production,852,0.5917864836504955,3,0.6197578007244221,False
2905,unused-import,clear_fp,Semgrep,note,production,51,0.05379294372773402,4,0.695065606062055,True
2906,csrf-missing,mixed,SonarQube,error,production,429,0.5967269645343475,5,0.8246227747563402,False
2907,sqli-confirmed,clear_vp,CodeQL,none,production,933,0.3397818564453181,5,0.5777863032306767,False
2908,assert-usage,clear_fp,Semgrep,none,production,1656,0.2137677448698141,4,0.26851299513845694,True
2909,deserialization,clear_vp,CodeQL,note,config,41,0.7384974791518053,3,0.6793554595127816,False
2910,bare-except,clear_fp,CodeQL,error,infra,1459,0.16759731511475628,3,0.6222082096378274,False
2911,gdpr-data-leak,clear_vp,Semgrep,error,test,1007,0.11540206962356914,2,0.27388117354971686,True
2912,assert-usage,clear_fp,SonarQube,warning,test,57,0.7029362268790446,8,0.1065932585042193,True
2913,http-404-burst,clear_fp,Semgrep,note,production,1746,0.6714130996720948,5,0.4682720216565569,True
2914,dom-xss,clear_vp,SonarQube,none,production,1462,0.5768954210424889,2,0.8426896714336686,False
2915,todo-comment,clear_fp,SonarQube,error,production,1100,0.9927371907771425,6,0.7071839273124577,False
2916,insecure-deser,clear_vp,Semgrep,note,infra,565,0.733146467924249,5,0.2684624621318017,False
2917,hsts-missing,clear_fp,SonarQube,note,production,168,0.2142837686770066,3,0.5035359357550362,True
2918,weak-cipher,mixed,SonarQube,warning,production,1513,0.9131000688020193,2,0.5346077874911287,False
2919,hardcoded-secret,mixed,Semgrep,warning,config,428,0.7441304363686443,7,0.9662705595916176,False
2920,hsts-missing,clear_fp,Semgrep,warning,config,388,0.19341859914354997,5,0.4136781134268045,True
2921,public-subnet,mixed,CodeQL,warning,production,959,0.2820457008343439,4,0.0844786466159656,False
2922,dns-exfiltration,clear_vp,CodeQL,warning,test,1953,0.8181754166205494,3,0.9798020259135864,False
2923,dns-exfiltration,clear_vp,CodeQL,note,production,1753,0.2220045146443994,5,0.1334136227740781,False
2924,dom-xss,clear_vp,CodeQL,none,production,850,0.7729847545709517,4,0.83871009132835,False
2925,todo-comment,clear_fp,CodeQL,error,config,1918,0.22311321476110857,3,0.6270961110207207,True
2926,xss-reflected,mixed,CodeQL,error,production,1856,0.3193824865624758,1,0.6304912721872625,True
2927,hardcoded-secret,mixed,SonarQube,none,config,266,0.2391089424054087,3,0.3991007572252393,True
2928,gdpr-data-leak,clear_vp,CodeQL,none,production,894,0.5889316836356218,4,0.27242508895342554,True
2929,dns-exfiltration,clear_vp,Semgrep,warning,production,1503,0.4996842553164812,3,0.6692500643838276,False
2930,latest-tag,clear_fp,SonarQube,error,production,311,0.0024886392349403597,2,0.24354760685789512,True
2931,gdpr-data-leak,clear_vp,Semgrep,note,production,492,0.5161914666952521,5,0.49681747814357036,False
2932,sql-injection,mixed,CodeQL,none,test,1137,0.2569598307915649,7,0.18731498464335106,True
2933,todo-comment,clear_fp,SonarQube,note,production,6,0.8060918571559321,5,0.5453041723980072,True
2934,sql-injection,mixed,Semgrep,warning,production,1433,0.9733541127929896,3,0.11890266041882103,False
2935,sql-injection,mixed,Semgrep,error,production,178,0.7427889752276653,1,0.6317121026751724,False
2936,command-injection,clear_vp,Semgrep,note,config,1773,0.05698245351045239,2,0.21997000410865464,False
2937,sql-injection,mixed,SonarQube,note,test,967,0.3310516935874396,3,0.6233432413014943,True
2938,dns-exfiltration,clear_vp,Semgrep,error,production,884,0.705871856767533,7,0.810533143214728,False
2939,xss-reflected,mixed,Semgrep,warning,production,1523,0.8892107950108665,4,0.5272937788595542,True
2940,sqli-confirmed,clear_vp,CodeQL,warning,test,214,0.3542397241465354,5,0.7283104420478259,False
2941,dns-exfiltration,clear_vp,SonarQube,note,test,237,0.6921689308424392,2,0.31408495032402595,False
2942,rce-confirmed,clear_vp,SonarQube,note,test,1365,0.4078423113495825,4,0.30769795188724003,False
2943,weak-cipher,mixed,CodeQL,warning,test,669,0.7810264103082412,7,0.7464408330220916,True
2944,eval-detected,clear_fp,Semgrep,note,production,1272,0.738099377307776,4,0.9289775964869009,True
2945,unused-import,clear_fp,CodeQL,note,production,464,0.29238682231425195,3,0.46223417284844603,True
2946,hsts-missing,clear_fp,SonarQube,note,config,370,0.8992752316177157,3,0.4924792863778159,True
2947,hardcoded-secret,mixed,CodeQL,error,test,1778,0.851897738445768,5,0.995768296964466,True
2948,malware-callback,clear_vp,CodeQL,note,production,1515,0.5628720754940071,4,0.47601803788410735,False
2949,latest-tag,clear_fp,SonarQube,error,config,120,0.6126831030547487,6,0.3372108724538062,True
2950,path-traversal,mixed,Semgrep,note,test,902,0.8676524545079926,4,0.2037662595319999,False
2951,path-traversal,mixed,SonarQube,error,production,331,0.21007419508678138,3,0.2912967579780851,False
2952,insecure-deser,clear_vp,SonarQube,note,infra,1943,0.11912719658509285,5,0.9903425237944137,False
2953,http-404-burst,clear_fp,SonarQube,error,production,1275,0.27522255917928606,5,0.650806243362988,False
2954,unused-import,clear_fp,SonarQube,note,production,448,0.46652379670681565,4,0.24513643625226889,True
2955,catch-generic,clear_fp,SonarQube,note,production,542,0.3342746462890308,6,0.25310225526489594,True
2956,open-redirect,mixed,SonarQube,note,test,463,0.30921709250367235,3,0.27613688767412903,True
2957,sql-injection,mixed,Semgrep,warning,config,707,0.17749387840959563,2,0.7420463606006766,True
2958,gdpr-data-leak,clear_vp,CodeQL,error,test,237,0.3100089645699209,1,0.7348674669691331,False
2959,todo-comment,clear_fp,CodeQL,warning,test,1255,0.3067821061920605,3,0.9055286693572194,True
2960,xss-reflected,mixed,CodeQL,note,config,1301,0.5115877622667807,8,0.444020680256224,True
2961,hsts-missing,clear_fp,CodeQL,warning,production,755,0.9736619337658493,1,0.7390315431131261,True
2962,xss-reflected,mixed,Semgrep,note,test,715,0.3616665371665032,4,0.8032892973145042,True
2963,open-redirect,mixed,CodeQL,error,production,83,0.17300737021736068,4,0.8205112577586213,False
2964,s3-no-encryption,mixed,Semgrep,warning,test,1126,0.12014243835559513,5,0.8720536538308254,False
2965,sql-injection,mixed,CodeQL,none,test,173,0.796812361586308,6,0.5608338281117115,True
2966,hardcoded-secret,mixed,SonarQube,error,infra,1838,0.9593627732679462,5,0.5001103714578224,False
2967,catch-generic,clear_fp,SonarQube,error,config,628,0.5570190766436606,2,0.06692306252329205,True
2968,hsts-missing,clear_fp,Semgrep,error,production,1287,0.4692050006196382,5,0.24350701595129964,True
2969,bare-except,clear_fp,SonarQube,note,test,759,0.25742742767469584,3,0.07447079886853569,True
2970,path-traversal,mixed,Semgrep,warning,test,228,0.583077693758695,6,0.047515782685644714,True
2971,ssrf-request,clear_vp,SonarQube,note,production,231,0.9016100561883221,3,0.7749780101363207,False
2972,catch-generic,clear_fp,CodeQL,warning,production,918,0.6653812618209913,2,0.1798427496812367,True
2973,open-redirect,mixed,CodeQL,none,production,1296,0.6044495628387639,8,0.8856229103941606,True
2974,path-traversal,mixed,Semgrep,note,production,1528,0.857169164309525,4,0.19543535839126824,False
2975,hardcoded-secret,mixed,SonarQube,note,infra,1587,0.7985791285126597,6,0.10211352099024629,True
2976,hsts-missing,clear_fp,Semgrep,error,production,584,0.7720835424443078,4,0.8374176088409688,True
2977,ssh-anomaly,mixed,CodeQL,warning,config,496,0.738856934882911,4,0.5148297815580215,False
2978,latest-tag,clear_fp,SonarQube,note,config,1169,0.5300234051992759,1,0.03145775180772026,True
2979,line-too-long,clear_fp,SonarQube,note,config,665,0.915170628945463,2,0.7117741338304677,True
2980,http-404-burst,clear_fp,Semgrep,warning,infra,1389,0.6561329442444077,6,0.34511071398874016,True
2981,assert-usage,clear_fp,CodeQL,warning,production,198,0.5109652188979777,3,0.8345084503802029,True
2982,open-redirect,mixed,Semgrep,note,test,701,0.2313467315877048,4,0.8665257989815097,True
2983,command-injection,clear_vp,CodeQL,warning,infra,196,0.5939842838125028,9,0.26069735907690117,False
2984,command-injection,clear_vp,CodeQL,none,infra,583,0.6123499091480522,2,0.623449895305657,False
2985,ssh-anomaly,mixed,Semgrep,note,test,149,0.7495361853520552,7,0.9059542500117211,True
2986,sqli-confirmed,clear_vp,SonarQube,note,production,1563,0.9293680900023313,3,0.2723674327202794,False
2987,public-subnet,mixed,Semgrep,error,test,908,0.819496185591406,5,0.6580055798004539,False
2988,eval-detected,clear_fp,SonarQube,warning,production,17,0.9459053283746037,3,0.35079689845063067,True
2989,xss-reflected,mixed,Semgrep,note,test,1904,0.505667163274181,7,0.8489920452379168,True
2990,s3-no-encryption,mixed,Semgrep,warning,production,1709,0.3434603769187963,2,0.092823567761391,False
2991,prototype-pollution,mixed,Semgrep,warning,test,368,0.3674119425853156,8,0.7822947645757953,False
2992,http-404-burst,clear_fp,Semgrep,warning,production,1537,0.5842472908539522,4,0.5913406333166802,True
2993,line-too-long,clear_fp,Semgrep,warning,test,1570,0.0596320581382096,5,0.43051284600378936,True
2994,gdpr-data-leak,clear_vp,SonarQube,error,production,195,0.29475728755448427,4,0.2599392901342833,False
2995,http-404-burst,clear_fp,SonarQube,warning,test,727,0.9254494465940414,1,0.6549285066028165,True
2996,sqli-confirmed,clear_vp,CodeQL,warning,test,1283,0.7055896633791784,3,0.6877091886413322,False
2997,assert-usage,clear_fp,CodeQL,warning,production,1611,0.8377129619599771,2,0.2721284710741687,True
2998,ssrf-request,clear_vp,SonarQube,warning,production,150,0.9053973140649156,1,0.6005775279913467,True
2999,bare-except,clear_fp,SonarQube,none,infra,1745,0.7897447263329782,5,0.25526425799591634,True
3000,hardcoded-secret,mixed,CodeQL,none,production,1535,0.7050803918953237,6,0.6164365009995645,True
3001,sqli-confirmed,clear_vp,CodeQL,warning,production,1418,0.7489908777485041,4,0.9082905044151319,False
3002,weak-cipher,mixed,Semgrep,warning,test,45,0.5316051316503992,5,0.5775163130849394,True
3003,csrf-missing,mixed,SonarQube,warning,test,851,0.7259026555267517,4,0.33380629673476603,True
3004,open-redirect,mixed,Semgrep,warning,production,1451,0.35640709555218464,5,0.016955021490728694,False
3005,xss-reflected,mixed,CodeQL,none,infra,1725,0.9664130600980051,2,0.4277614078495259,False
3006,catch-generic,clear_fp,SonarQube,none,production,298,0.12531925790785114,4,0.7473430084435303,True
3007,todo-comment,clear_fp,SonarQube,none,production,803,0.3123481584579717,2,0.7110638084011273,True
3008,rce-confirmed,clear_vp,Semgrep,warning,test,1137,0.21089814862448675,4,0.5195111673149078,False
3009,xss-reflected,mixed,Semgrep,error,infra,87,0.5017669207840038,3,0.42957335103791394,False
3010,sql-injection,mixed,CodeQL,error,production,1254,0.7151231927693746,4,0.34884552894615184,False
3011,ssrf-request,clear_vp,SonarQube,error,production,1105,0.5521008444102302,7,0.47522422765959715,False
3012,latest-tag,clear_fp,Semgrep,warning,infra,920,0.29204874580005813,3,0.534969612357899,True
3013,command-injection,clear_vp,SonarQube,warning,production,1584,0.9073072828603244,4,0.117060623744776,False
3014,s3-no-encryption,mixed,CodeQL,note,test,1024,0.7433658183977891,5,0.5193845010185388,True
3015,sql-injection,mixed,Semgrep,warning,config,387,0.8561510016043397,7,0.6323736361604201,True
3016,insecure-deser,clear_vp,SonarQube,note,production,1153,0.33088694006036556,4,0.358191215252584,True
3017,csrf-missing,mixed,SonarQube,warning,production,393,0.2600937135077649,9,0.9483213199987064,False
3018,unused-import,clear_fp,CodeQL,note,production,992,0.5793308066703147,2,0.973601290146427,True
3019,prototype-pollution,mixed,CodeQL,error,infra,453,0.41605986479531165,6,0.39841166181514964,False
3020,http-404-burst,clear_fp,Semgrep,warning,production,1205,0.7513047012097939,2,0.5431934078103361,True
3021,s3-no-encryption,mixed,Semgrep,error,production,1433,0.218567011871741,2,0.6672701648905253,False
3022,ssrf-request,clear_vp,Semgrep,note,production,607,0.6115039431796471,4,0.6261121806334554,False
3023,unused-import,clear_fp,Semgrep,error,production,1116,0.6475920692238667,4,0.34097854739930034,False
3024,assert-usage,clear_fp,Semgrep,note,config,1269,0.1315185450192249,1,0.6439030594358025,True
3025,todo-comment,clear_fp,SonarQube,warning,production,195,0.7092206304912825,2,0.0005223843364001723,True
3026,malware-callback,clear_vp,CodeQL,error,config,490,0.5154493017802869,3,0.462103022474034,False
3027,csrf-missing,mixed,SonarQube,warning,infra,777,0.3741366937380777,2,0.36275320231678376,False
3028,sqli-confirmed,clear_vp,Semgrep,none,production,431,0.9414498501496531,3,0.5972176035440051,False
3029,s3-no-encryption,mixed,SonarQube,error,infra,118,0.5298260444137933,5,0.6379174029114649,False
3030,ssrf-request,clear_vp,Semgrep,warning,config,1015,0.36478724325015166,4,0.563129065384929,False
3031,latest-tag,clear_fp,Semgrep,none,production,926,0.8373780294652269,6,0.6527952026242663,True
3032,gdpr-data-leak,clear_vp,Semgrep,warning,infra,1967,0.5845948727631959,6,0.9701071595266532,False
3033,s3-no-encryption,mixed,CodeQL,error,test,807,0.5651716870992748,1,0.9330799035904191,True
3034,bare-except,clear_fp,CodeQL,error,production,76,0.7108471090254177,5,0.36580461652764473,True
3035,sqli-confirmed,clear_vp,Semgrep,warning,config,862,0.49623817921693947,7,0.78462029238536,False
3036,sql-injection,mixed,SonarQube,note,config,1239,0.6012079656047576,3,0.5797934606979056,True
3037,assert-usage,clear_fp,SonarQube,warning,production,767,0.015102809539694007,2,0.6254053570139048,True
3038,malware-callback,clear_vp,SonarQube,warning,production,567,0.35908527059202267,5,0.011529763509722457,False
3039,xss-reflected,mixed,CodeQL,warning,production,172,0.3555087074308265,6,0.29151354546914365,True
3040,bare-except,clear_fp,SonarQube,none,test,1830,0.07045705482587716,6,0.15223095675393428,True
3041,bare-except,clear_fp,SonarQube,warning,production,1972,0.9882640901234684,3,0.9092987444150288,True
3042,assert-usage,clear_fp,CodeQL,note,production,1725,0.5145078780784053,2,0.41355155923488807,True
3043,csrf-missing,mixed,Semgrep,error,infra,1679,0.7056659268079156,2,0.9787809961771508,False
3044,deserialization,clear_vp,SonarQube,warning,production,1613,0.9881915595037108,5,0.8214396316273861,False
3045,hsts-missing,clear_fp,SonarQube,warning,production,385,0.055440301444657725,3,0.6318767510068914,False
3046,weak-cipher,mixed,CodeQL,note,production,503,0.6950750787548786,8,0.5644629183945907,True
3047,ssrf-request,clear_vp,SonarQube,warning,test,1568,0.35125033037648623,6,0.2454982591265602,False
3048,hsts-missing,clear_fp,CodeQL,none,production,612,0.05555749580856295,4,0.4863659777128858,True
3049,malware-callback,clear_vp,SonarQube,note,production,1397,0.8848035361863323,4,0.9680066562066106,False
3050,sql-injection,mixed,SonarQube,warning,production,1360,0.9947287692291529,2,0.5949769864795068,True
3051,sqli-confirmed,clear_vp,CodeQL,warning,test,1931,0.55114619255693,3,0.9174980964820548,False
3052,prototype-pollution,mixed,Semgrep,error,production,1625,0.22177385765553292,6,0.8340917963063003,True
3053,todo-comment,clear_fp,CodeQL,none,test,3,0.9998996843022911,6,0.9949559437693898,True
3054,unused-import,clear_fp,SonarQube,warning,production,1909,0.05101468292135114,4,0.3520611695653535,True
3055,todo-comment,clear_fp,Semgrep,warning,config,1203,0.4536997923966324,5,0.8371543451013388,True
3056,csrf-missing,mixed,SonarQube,none,production,1357,0.22393214444273724,2,0.6495511839914658,False
3057,hsts-missing,clear_fp,CodeQL,note,production,914,0.6877916093334924,3,0.2562207961778389,True
3058,dns-exfiltration,clear_vp,Semgrep,note,production,1926,0.990008006756898,5,0.9835720017720195,False
3059,public-subnet,mixed,CodeQL,warning,infra,287,0.5950465916773,4,0.020930649066047247,False
3060,malware-callback,clear_vp,SonarQube,error,production,226,0.7398617813639149,5,0.15220244752845924,False
3061,dns-exfiltration,clear_vp,Semgrep,none,config,1317,0.5909534697203844,2,0.03588772882264424,False
3062,dns-exfiltration,clear_vp,SonarQube,error,production,479,0.7393013730210762,2,0.6583683986443932,False
3063,rds-public,mixed,Semgrep,error,production,1722,0.551917307122299,3,0.5062422049084055,False
3064,catch-generic,clear_fp,CodeQL,warning,production,1269,0.49353527643203265,4,0.5584115764642141,True
3065,bare-except,clear_fp,Semgrep,none,production,1687,0.7120775120714814,4,0.41896844764114716,True
3066,ssrf-request,clear_vp,Semgrep,warning,test,284,0.10637594342233325,5,0.21121401350190006,False
3067,dns-exfiltration,clear_vp,SonarQube,note,infra,83,0.41467894784339876,5,0.21314498820534755,False
3068,dns-exfiltration,clear_vp,CodeQL,error,production,695,0.8556965204939717,5,0.6412292758644108,False
3069,public-subnet,mixed,CodeQL,warning,production,786,0.32369680300831727,5,0.15886056605782994,False
3070,rce-confirmed,clear_vp,CodeQL,note,config,1374,0.5890448379817035,3,0.583842317347175,False
3071,dom-xss,clear_vp,CodeQL,warning,production,1378,0.32186013182343765,2,0.23940570730933997,False
3072,s3-no-encryption,mixed,CodeQL,note,infra,470,0.09206025472570234,5,0.5000759004962785,True
3073,sqli-confirmed,clear_vp,SonarQube,note,production,779,0.21274883984850868,3,0.9931707691262446,False
3074,ssrf-request,clear_vp,SonarQube,warning,test,1631,0.8674501914945482,5,0.02833356062258019,False
3075,dns-exfiltration,clear_vp,SonarQube,error,production,969,0.7654306218780279,3,0.06396277204395162,False
3076,rds-public,mixed,CodeQL,note,production,1909,0.3041746965444232,6,0.48148692792446013,True
3077,command-injection,clear_vp,SonarQube,error,config,484,0.1685178058380945,3,0.5717464730485265,True
3078,rce-confirmed,clear_vp,SonarQube,none,test,52,0.6185698453701755,3,0.6827568223016112,False
3079,gdpr-data-leak,clear_vp,SonarQube,none,production,1419,0.9514874716617904,3,0.953030418463236,False
3080,public-subnet,mixed,Semgrep,none,infra,997,0.8867420735450939,1,0.40059492711214273,True
3081,malware-callback,clear_vp,SonarQube,note,test,1634,0.5735470220107426,7,0.9445785962633931,False
3082,bare-except,clear_fp,Semgrep,note,production,1143,0.9860666583399056,4,0.8822438005689459,True
3083,latest-tag,clear_fp,SonarQube,warning,test,523,0.29647200331473333,5,0.7145027467002218,True
3084,hsts-missing,clear_fp,CodeQL,warning,config,949,0.8162269652808597,3,0.20543393498074491,True
3085,catch-generic,clear_fp,Semgrep,error,production,1674,0.22664677375652043,4,0.036186130475865164,True
3086,assert-usage,clear_fp,CodeQL,error,production,776,0.40508411672274003,4,0.16649066565833048,False
3087,sqli-confirmed,clear_vp,CodeQL,error,infra,1411,0.5027904542095192,2,0.061243192425916027,False
3088,rds-public,mixed,CodeQL,warning,production,451,0.5804795944416334,4,0.3384156910951093,False
3089,gdpr-data-leak,clear_vp,CodeQL,warning,test,187,0.7484887623402859,3,0.5130962002834701,True
3090,latest-tag,clear_fp,Semgrep,error,production,468,0.21119155889056507,5,0.2806916200239463,False
3091,http-404-burst,clear_fp,SonarQube,warning,infra,1424,0.9149721609463799,7,0.5762213840517733,True
3092,unused-import,clear_fp,Semgrep,warning,test,598,0.7957876329822265,4,0.09716431704366202,True
3093,latest-tag,clear_fp,Semgrep,warning,production,1257,0.6159539610767438,3,0.31121337180368447,True
3094,command-injection,clear_vp,CodeQL,none,production,1362,0.43510873269089667,3,0.8965572133832608,False
3095,deserialization,clear_vp,CodeQL,note,test,1629,0.3422412370770831,5,0.08576613721628878,False
3096,rce-confirmed,clear_vp,CodeQL,warning,infra,660,0.7484928917339906,2,0.2396173576322398,False
3097,ssrf-request,clear_vp,CodeQL,none,production,954,0.39626161071486166,2,0.889776901848325,False
3098,ssrf-request,clear_vp,Semgrep,warning,production,790,0.028596470404821606,2,0.8101763558144034,False
3099,malware-callback,clear_vp,SonarQube,warning,production,795,0.598970614690532,2,0.01835307229850447,False
3100,path-traversal,mixed,SonarQube,note,infra,1005,0.41568822767663627,4,0.784247004040932,False
3101,deserialization,clear_vp,CodeQL,warning,production,469,0.2929826616998449,7,0.9717401266029669,False
3102,catch-generic,clear_fp,CodeQL,warning,production,778,0.6060807775021575,3,0.44185962381062394,True
3103,command-injection,clear_vp,SonarQube,none,config,75,0.585364043088831,2,0.5336776205871975,False
3104,bare-except,clear_fp,SonarQube,error,production,905,0.38759754546785474,7,0.10012439085087188,True
3105,eval-detected,clear_fp,Semgrep,error,test,341,0.8748983341077978,3,0.2245467696437191,True
3106,csrf-missing,mixed,Semgrep,note,production,27,0.9726445159104817,4,0.6759464706423063,False
3107,command-injection,clear_vp,CodeQL,warning,config,465,0.832543420730357,2,0.5192671681369179,False
3108,dom-xss,clear_vp,SonarQube,warning,config,485,0.4241441737795024,4,0.3014552064986483,False
3109,eval-detected,clear_fp,Semgrep,note,test,1236,0.8995857508483531,5,0.2987792197116912,True
3110,assert-usage,clear_fp,SonarQube,warning,production,1492,0.5833015290548691,5,0.7775468636503712,True
3111,latest-tag,clear_fp,SonarQube,warning,config,221,0.720562060393825,2,0.40870129120884324,True
3112,sqli-confirmed,clear_vp,Semgrep,note,production,1761,0.5326226331674253,5,0.3961475380448434,False
3113,sqli-confirmed,clear_vp,CodeQL,none,test,1768,0.8703935440525943,2,0.12528445857799198,False
3114,public-subnet,mixed,Semgrep,warning,infra,1735,0.26450508986484866,2,0.3003154234639268,False
3115,unused-import,clear_fp,CodeQL,none,production,1003,0.5758218365217512,5,0.5742658027268586,True
3116,sqli-confirmed,clear_vp,SonarQube,error,test,1170,0.595460124162075,6,0.24546325801944102,False
3117,eval-detected,clear_fp,CodeQL,error,production,1137,0.6007422533324511,5,0.07905611343050767,False
3118,ssrf-request,clear_vp,Semgrep,none,config,1718,0.20307804819947917,3,0.7295792552845908,False
3119,path-traversal,mixed,SonarQube,note,production,1560,0.38439834194939615,3,0.04878181759871936,True
3120,latest-tag,clear_fp,SonarQube,note,production,992,0.016166509513597105,2,0.7210358225502829,True
3121,line-too-long,clear_fp,CodeQL,note,infra,230,0.3075615916806196,4,0.6091477381842527,True
3122,http-404-burst,clear_fp,SonarQube,note,infra,1899,0.5117640055755714,2,0.3718043598901165,True
3123,dom-xss,clear_vp,CodeQL,warning,config,85,0.31593834722319525,1,0.899154186648505,False
3124,command-injection,clear_vp,CodeQL,warning,production,974,0.5139811852170688,3,0.9227136094915631,False
3125,gdpr-data-leak,clear_vp,SonarQube,note,production,1371,0.6890146183619537,4,0.49384659796084285,False
3126,eval-detected,clear_fp,Semgrep,note,infra,1474,0.30005083608380745,4,0.8677639141153135,True
3127,dns-exfiltration,clear_vp,Semgrep,warning,production,1828,0.3864992253255707,4,0.7068916177388872,False
3128,eval-detected,clear_fp,Semgrep,warning,production,398,0.7594793021797208,6,0.38883923312269475,True
3129,bare-except,clear_fp,SonarQube,warning,infra,642,0.9612545187673148,2,0.7241220701457083,True
3130,sqli-confirmed,clear_vp,Semgrep,error,production,1130,0.8685469225615354,3,0.3603662220700541,False
3131,assert-usage,clear_fp,CodeQL,warning,config,401,0.9196720842164606,4,0.022164548539860607,True
3132,bare-except,clear_fp,CodeQL,warning,config,1774,0.586171184815685,2,0.8799560419315606,True
3133,http-404-burst,clear_fp,Semgrep,warning,config,1494,0.9579958210562277,5,0.165602999813234,True
3134,prototype-pollution,mixed,CodeQL,error,config,177,0.48739694556571067,4,0.9392647955104453,False
3135,sql-injection,mixed,SonarQube,warning,production,256,0.972508373716378,5,0.7279027858776651,True
3136,dns-exfiltration,clear_vp,SonarQube,note,production,1399,0.9173000597874574,5,0.15842949480520674,True
3137,todo-comment,clear_fp,Semgrep,warning,production,1925,0.3299482414009638,1,0.8058914035609553,True
3138,latest-tag,clear_fp,SonarQube,note,production,127,0.5280345595713141,1,0.12692699942039154,False
3139,bare-except,clear_fp,CodeQL,none,production,1926,0.07770594918541984,3,0.8652704728191466,True
3140,open-redirect,mixed,SonarQube,note,config,1490,0.37712694285185266,1,0.17747223826095038,True
3141,assert-usage,clear_fp,Semgrep,note,infra,284,0.12955096104324026,8,0.4736690126837009,True
3142,rds-public,mixed,Semgrep,note,production,593,0.4969976435336264,3,0.1781533312461292,False
3143,sqli-confirmed,clear_vp,CodeQL,note,test,855,0.9360264368996433,4,0.5551156275905007,False
3144,command-injection,clear_vp,Semgrep,warning,test,1309,0.11678504134013656,3,0.002253054335611515,False
3145,xss-reflected,mixed,CodeQL,note,infra,1408,0.22432024302857312,7,0.5290962830436293,True
3146,csrf-missing,mixed,SonarQube,warning,production,1013,0.9276203314574386,1,0.9391691148254061,False
3147,csrf-missing,mixed,Semgrep,error,production,1017,0.19170677096173772,2,0.03786561210705042,False
3148,unused-import,clear_fp,Semgrep,warning,production,977,0.44529406393769577,6,0.2168939412390578,True
3149,eval-detected,clear_fp,CodeQL,note,production,1354,0.9309012795823118,3,0.07082339829292572,True
3150,dom-xss,clear_vp,Semgrep,error,config,1594,0.5716295972101096,1,0.7916245172784302,False
3151,eval-detected,clear_fp,Semgrep,none,production,1223,0.9106095496429052,6,0.806783521123471,True
3152,command-injection,clear_vp,SonarQube,warning,production,764,0.5595464687447742,3,0.0880240291902269,False
3153,prototype-pollution,mixed,Semgrep,warning,production,1121,0.6926322366430687,4,0.11932458971287796,True
3154,sql-injection,mixed,CodeQL,error,config,72,0.8377097463941272,7,0.9371839789044766,False
3155,line-too-long,clear_fp,Semgrep,note,production,1055,0.807663815694622,9,0.4067200068330695,True
3156,sqli-confirmed,clear_vp,SonarQube,warning,production,1979,0.0803251242232298,3,0.6606742518453236,False
3157,hsts-missing,clear_fp,CodeQL,none,test,1219,0.5593821740145201,3,0.7746007463887835,True
3158,command-injection,clear_vp,CodeQL,error,production,796,0.1382867936864034,5,0.9038013280480026,True
3159,open-redirect,mixed,CodeQL,note,test,1879,0.2371331564550696,4,0.6084721170244956,True
3160,bare-except,clear_fp,CodeQL,note,test,586,0.3467253538834265,4,0.6035117908141298,True
3161,ssrf-request,clear_vp,SonarQube,warning,config,513,0.841501020071259,6,0.7225702680596962,False
3162,bare-except,clear_fp,Semgrep,note,production,945,0.29513031783301646,2,0.6161734854131468,True
3163,catch-generic,clear_fp,CodeQL,warning,infra,295,0.26021691187074303,1,0.9878491374849709,True
3164,insecure-deser,clear_vp,SonarQube,warning,production,1948,0.776655442237305,3,0.42488503789965115,False
3165,deserialization,clear_vp,CodeQL,error,infra,762,0.06735621644022483,4,0.8293999275250313,False
3166,rds-public,mixed,Semgrep,warning,production,1632,0.79109386418403,6,0.9966797391537764,True
3167,csrf-missing,mixed,SonarQube,warning,infra,785,0.9861781124202467,3,0.19967955133737447,True
3168,path-traversal,mixed,SonarQube,note,production,648,0.44968953698496983,2,0.38031537124764336,True
3169,unused-import,clear_fp,SonarQube,warning,production,778,0.8689186116707115,3,0.5752618121006702,True
3170,hardcoded-secret,mixed,SonarQube,note,production,1988,0.31272811606729445,5,0.27276565921002904,False
3171,insecure-deser,clear_vp,Semgrep,note,production,1603,0.8315027192426964,4,0.645243459209058,False
3172,hardcoded-secret,mixed,CodeQL,note,test,1357,0.10877873023261375,4,0.9609742145155739,True
3173,line-too-long,clear_fp,SonarQube,warning,production,1654,0.8570223750092143,5,0.4788799646250942,True
3174,rds-public,mixed,SonarQube,note,infra,1045,0.021425148834860797,4,0.3988472634715381,True
3175,line-too-long,clear_fp,CodeQL,warning,test,1918,0.08087166842583537,4,0.8901175088244407,True
3176,command-injection,clear_vp,SonarQube,warning,production,766,0.4832205516980166,3,0.9472045897481792,False
3177,bare-except,clear_fp,CodeQL,warning,infra,704,0.5361436118796697,4,0.16209320201306132,True
3178,bare-except,clear_fp,SonarQube,warning,infra,504,0.7227231504089364,5,0.6936043419218791,True
3179,assert-usage,clear_fp,SonarQube,error,production,1996,0.34272971243340666,3,0.18119457527011473,False
3180,line-too-long,clear_fp,Semgrep,note,config,1053,0.15709467281478906,4,0.5500494719125095,True
3181,bare-except,clear_fp,CodeQL,note,config,610,0.48257195367677574,2,0.04503549730651868,True
3182,sqli-confirmed,clear_vp,SonarQube,error,config,267,0.27630661933405176,2,0.4722684611433695,False
3183,latest-tag,clear_fp,Semgrep,warning,production,1106,0.9754287616656391,3,0.7194148797901987,True
3184,assert-usage,clear_fp,SonarQube,none,config,1203,0.9578723348416694,4,0.014079092187602837,True
3185,command-injection,clear_vp,SonarQube,warning,config,233,0.7075530602113299,6,0.8191612691668634,False
3186,gdpr-data-leak,clear_vp,Semgrep,none,production,791,0.898444744991303,3,0.9849024361750361,True
3187,prototype-pollution,mixed,CodeQL,error,test,259,0.6662512093647753,5,0.1879577177065883,True
3188,rce-confirmed,clear_vp,Semgrep,note,infra,436,0.36633644241196495,3,0.04034575873236779,False
3189,deserialization,clear_vp,Semgrep,error,production,1712,0.21615271013560233,3,0.006176829497631875,False
3190,malware-callback,clear_vp,CodeQL,warning,config,471,0.46209646807515325,2,0.11304303368610724,False
3191,malware-callback,clear_vp,CodeQL,warning,production,104,0.7646539852926293,5,0.37420074224714484,False
3192,bare-except,clear_fp,CodeQL,error,production,1519,0.04871139567754168,4,0.5847822031080313,True
3193,gdpr-data-leak,clear_vp,SonarQube,warning,config,1415,0.11387620382900931,3,0.9358103487724853,False
3194,sql-injection,mixed,SonarQube,none,test,806,0.33873126040948986,5,0.7218596530262102,True
3195,insecure-deser,clear_vp,SonarQube,error,test,1595,0.22127728677645053,3,0.847486857330783,False
3196,gdpr-data-leak,clear_vp,CodeQL,error,test,386,0.4418673326716117,7,0.8407212859954108,True
3197,rds-public,mixed,SonarQube,warning,infra,1719,0.9599658137120642,4,0.7321832739567051,False
3198,open-redirect,mixed,SonarQube,error,infra,325,0.40616149320424166,3,0.10652961620864676,False
3199,bare-except,clear_fp,Semgrep,warning,test,695,0.4143163618378992,6,0.581466284868711,True
3200,prototype-pollution,mixed,Semgrep,error,production,1923,0.1464274066080794,6,0.9251620902291506,False
3201,sql-injection,mixed,Semgrep,note,production,1756,0.17488479594746265,4,0.2146390798534058,False
3202,prototype-pollution,mixed,Semgrep,note,production,132,0.4972477395624022,3,0.7233183519607721,False
3203,sqli-confirmed,clear_vp,CodeQL,note,infra,243,0.4105669452939201,3,0.719921452170455,False
3204,public-subnet,mixed,CodeQL,error,production,1187,0.44789919252306354,3,0.5519360472466592,False
3205,open-redirect,mixed,SonarQube,error,production,1889,0.6351512547374691,3,0.8855104375765616,False
3206,weak-cipher,mixed,CodeQL,note,production,715,0.7561231699473627,3,0.3135340045778371,True
3207,hardcoded-secret,mixed,SonarQube,warning,test,1687,0.14563855184010288,7,0.22455160164268984,True
3208,xss-reflected,mixed,SonarQube,none,production,492,0.9561461831310918,6,0.3189211918824765,True
3209,eval-detected,clear_fp,SonarQube,warning,production,1081,0.7526395594523189,3,0.15731859396127024,True
3210,ssh-anomaly,mixed,SonarQube,error,test,774,0.5169007154104291,3,0.70335771047286,True
3211,assert-usage,clear_fp,CodeQL,error,config,1954,0.7279140965719407,7,0.10236622095295644,True
3212,dns-exfiltration,clear_vp,SonarQube,error,production,1735,0.6216924551932246,5,0.8714619933027932,False
3213,line-too-long,clear_fp,SonarQube,error,production,921,0.6675506465571388,8,0.9135421494348166,True
3214,gdpr-data-leak,clear_vp,CodeQL,note,production,1912,0.7235125180892824,4,0.7356618825495312,False
3215,deserialization,clear_vp,SonarQube,note,production,1450,0.5310673828665976,4,0.7958088478426211,False
3216,xss-reflected,mixed,Semgrep,warning,config,431,0.6628109362497648,3,0.8077062260940501,False
3217,todo-comment,clear_fp,SonarQube,note,production,1084,0.4046665789361159,2,0.22760153122872562,True
3218,insecure-deser,clear_vp,Semgrep,warning,production,194,0.9844620049479493,2,0.04501781855313325,False
3219,latest-tag,clear_fp,Semgrep,error,production,782,0.6532735209589215,4,0.16833970321569403,True
3220,insecure-deser,clear_vp,CodeQL,none,test,1230,0.5644640277151673,7,0.8832027176988321,False
3221,command-injection,clear_vp,CodeQL,error,production,157,0.9215312711874173,4,0.33728621338358966,False
3222,insecure-deser,clear_vp,Semgrep,warning,production,15,0.8669327045695222,4,0.4417844589923028,False
3223,weak-cipher,mixed,Semgrep,warning,test,625,0.5415233815949703,5,0.4554773776566151,True
3224,gdpr-data-leak,clear_vp,SonarQube,none,production,537,0.7665354945822469,8,0.9296676741531098,False
3225,sqli-confirmed,clear_vp,Semgrep,note,test,935,0.3369277257257317,5,0.412395246313771,False
3226,xss-reflected,mixed,CodeQL,note,production,280,0.8766268316137537,3,0.9533088632672171,True
3227,rds-public,mixed,Semgrep,warning,test,1861,0.23196575864069213,5,0.4951752504160698,False
3228,line-too-long,clear_fp,CodeQL,warning,production,1325,0.09547391448251685,4,0.4359266219416439,True
3229,hsts-missing,clear_fp,CodeQL,error,test,1971,0.05075229112347779,3,0.7325642148708913,True
3230,todo-comment,clear_fp,CodeQL,warning,config,1107,0.45567512706488944,3,0.18056032390094146,True
3231,http-404-burst,clear_fp,CodeQL,error,production,930,0.03925159115030974,5,0.7776900559701825,True
3232,insecure-deser,clear_vp,SonarQube,warning,production,455,0.5614845663323189,4,0.476825706434835,False
3233,latest-tag,clear_fp,CodeQL,note,config,1979,0.989761951192068,2,0.9773801736344604,True
3234,hsts-missing,clear_fp,SonarQube,none,config,954,0.5021814599300435,1,0.2078373091263589,True
3235,insecure-deser,clear_vp,CodeQL,warning,config,246,0.6804043667388696,3,0.1923922635931793,False
3236,insecure-deser,clear_vp,CodeQL,warning,infra,769,0.9971189971978406,4,0.03037316778562349,False
3237,sql-injection,mixed,Semgrep,warning,production,389,0.13264302402660155,8,0.6944902714581096,False
3238,csrf-missing,mixed,Semgrep,error,test,697,0.7078557504087931,3,0.021747430639843746,True
3239,hardcoded-secret,mixed,Semgrep,note,test,799,0.2720741560234159,6,0.717767334701974,True
3240,sql-injection,mixed,SonarQube,warning,test,1010,0.4503415858618516,9,0.4019106544006238,True
3241,latest-tag,clear_fp,CodeQL,error,test,179,0.8571151500251062,2,0.30087566362431895,True
3242,dom-xss,clear_vp,CodeQL,error,test,1287,0.6796276966919963,7,0.05117275233195617,False
3243,dns-exfiltration,clear_vp,SonarQube,error,config,194,0.10852240356009701,6,0.061346409895119525,False
3244,http-404-burst,clear_fp,SonarQube,note,production,196,0.09836741669818971,5,0.37605295120786664,True
3245,prototype-pollution,mixed,CodeQL,error,production,931,0.3644688588483137,2,0.13028342042139018,False
3246,s3-no-encryption,mixed,Semgrep,error,production,10,0.575932454035792,4,0.3965293028312341,True
3247,open-redirect,mixed,CodeQL,warning,production,890,0.43081204608620116,7,0.9579058649945081,True
3248,command-injection,clear_vp,SonarQube,warning,test,329,0.30516917180954906,2,0.17309480395950794,False
3249,ssrf-request,clear_vp,Semgrep,error,production,157,0.2995621180903394,2,0.22738834481425096,False
3250,dns-exfiltration,clear_vp,SonarQube,warning,production,776,0.5129016528936132,4,0.9444476320383255,False
3251,s3-no-encryption,mixed,SonarQube,error,infra,1524,0.9936885813696595,7,0.4070869970724895,False
3252,http-404-burst,clear_fp,SonarQube,warning,production,1225,0.4402795234148238,7,0.9045099398384667,True
3253,malware-callback,clear_vp,SonarQube,error,test,1369,0.9194798974718037,2,0.25473961004774215,False
3254,csrf-missing,mixed,SonarQube,warning,production,509,0.7680081386425546,1,0.7789100627055763,False
3255,weak-cipher,mixed,Semgrep,none,infra,1641,0.6985829979590705,6,0.7083359801659767,True
3256,ssh-anomaly,mixed,CodeQL,note,test,1014,0.5461847026267495,3,0.16332730956185915,True
3257,command-injection,clear_vp,CodeQL,warning,production,450,0.9277903714639264,5,0.4378487094426966,False
3258,csrf-missing,mixed,Semgrep,note,production,1495,0.6964580918369042,3,0.9406188029304484,True
3259,sql-injection,mixed,Semgrep,none,test,437,0.21282248565215156,5,0.05650372072961962,True
3260,malware-callback,clear_vp,SonarQube,note,test,1382,0.556552138442311,2,0.6942330820173632,False
3261,assert-usage,clear_fp,CodeQL,note,test,1264,0.44087700084780423,4,0.19408187896629403,True
3262,ssrf-request,clear_vp,CodeQL,note,production,1592,0.9135930815452968,2,0.7067479035762552,False
3263,hardcoded-secret,mixed,Semgrep,note,production,1697,0.18539960107646203,3,0.7065547939299027,True
3264,http-404-burst,clear_fp,CodeQL,none,infra,1661,0.3144515267303951,6,0.7842556898857781,True
3265,xss-reflected,mixed,SonarQube,error,infra,1144,0.5211911273373402,3,0.4735027142174564,False
3266,todo-comment,clear_fp,CodeQL,note,infra,1426,0.2853995774458675,5,0.46140494483266137,True
3267,dom-xss,clear_vp,Semgrep,note,test,211,0.16722685702327023,4,0.4739362034994854,False
3268,hardcoded-secret,mixed,SonarQube,none,production,590,0.3854161775768076,7,0.805300027492217,True
3269,gdpr-data-leak,clear_vp,SonarQube,note,test,1310,0.6690837393220421,1,0.12284466096211977,True
3270,ssrf-request,clear_vp,CodeQL,warning,production,1427,0.9307619030409771,3,0.49167477228792345,False
3271,line-too-long,clear_fp,SonarQube,note,production,1676,0.11853224094958825,3,0.930410402629527,True
3272,latest-tag,clear_fp,Semgrep,warning,infra,637,0.9732404167532055,3,0.28930921395353393,True
3273,dom-xss,clear_vp,SonarQube,error,config,1113,0.07677872368646699,7,0.6135143681111254,False
3274,http-404-burst,clear_fp,CodeQL,none,infra,89,0.6588647640728128,4,0.8204564875289386,True
3275,weak-cipher,mixed,CodeQL,error,production,1580,0.4374489194248349,5,0.27717317277051345,False
3276,bare-except,clear_fp,SonarQube,warning,production,1354,0.546338095965995,3,0.3850577345418712,True
3277,insecure-deser,clear_vp,Semgrep,error,infra,1645,0.14053877902742284,2,0.284142617729526,False
3278,gdpr-data-leak,clear_vp,CodeQL,error,test,436,0.682956055963137,6,0.2910100294109561,False
3279,bare-except,clear_fp,CodeQL,warning,production,1630,0.5768431821090425,2,0.35615018567476486,True
3280,catch-generic,clear_fp,CodeQL,warning,config,237,0.7639780976739593,3,0.5182803673409924,True
3281,gdpr-data-leak,clear_vp,Semgrep,warning,config,462,0.4721778826475085,5,0.8069086197233739,False
3282,catch-generic,clear_fp,SonarQube,note,test,141,0.7032486729610783,3,0.5512179018964732,True
3283,bare-except,clear_fp,CodeQL,error,production,266,0.930223734391602,7,0.6043506363040215,True
3284,prototype-pollution,mixed,Semgrep,warning,production,573,0.4841456504431918,5,0.08111467125112337,False
3285,public-subnet,mixed,SonarQube,warning,production,1777,0.8158873592789869,2,0.9133701453231223,False
3286,line-too-long,clear_fp,Semgrep,warning,production,1807,0.7284372056846592,1,0.8872117227318536,True
3287,eval-detected,clear_fp,SonarQube,warning,test,1140,0.3498420142983595,4,0.06160691426546194,True
3288,public-subnet,mixed,Semgrep,error,production,1035,0.5921308513442985,1,0.4429047514182787,False
3289,xss-reflected,mixed,SonarQube,warning,production,1437,0.8789791840071259,6,0.06898639242023785,False
3290,unused-import,clear_fp,Semgrep,note,infra,1689,0.09413549758813744,5,0.06745664795042627,True
3291,sqli-confirmed,clear_vp,Semgrep,warning,infra,674,0.7298865065085893,3,0.3759151931853081,False
3292,s3-no-encryption,mixed,CodeQL,warning,infra,615,0.6462235620980958,3,0.22334978000933403,False
3293,eval-detected,clear_fp,CodeQL,error,config,1248,0.5972032822521003,6,0.5338817248797403,True
3294,unused-import,clear_fp,Semgrep,warning,production,641,0.38385029519810865,4,0.40588943876914296,True
3295,gdpr-data-leak,clear_vp,Semgrep,error,production,232,0.2885257348054391,3,0.16332662253714114,False
3296,xss-reflected,mixed,CodeQL,warning,infra,436,0.48496078565339584,4,0.9646851724430052,True
3297,dom-xss,clear_vp,SonarQube,error,test,1766,0.9502415754720828,4,0.1629317292271002,False
3298,sqli-confirmed,clear_vp,Semgrep,error,production,333,0.9762537839761299,5,0.38697324481818385,False
3299,open-redirect,mixed,Semgrep,warning,production,724,0.9266964289027229,2,0.9303773998991519,True
3300,ssrf-request,clear_vp,SonarQube,warning,production,1267,0.23548129298649134,5,0.6805095671303348,False
3301,xss-reflected,mixed,Semgrep,error,config,1895,0.7081479951106119,4,0.07791215847082011,False
3302,http-404-burst,clear_fp,Semgrep,error,config,139,0.9430212717005069,4,0.7546355032196034,True
3303,http-404-burst,clear_fp,Semgrep,error,production,641,0.32272392754167134,2,0.336596457851461,False
3304,rce-confirmed,clear_vp,CodeQL,note,production,1849,0.4804558915744864,3,0.847506826505088,False
3305,rce-confirmed,clear_vp,SonarQube,note,production,831,0.8884655588699109,2,0.9764584829794019,False
3306,prototype-pollution,mixed,CodeQL,warning,production,221,0.9367229869005542,5,0.037630984151876046,False
3307,ssrf-request,clear_vp,CodeQL,note,production,382,0.5749351480917936,7,0.7779089834312092,True
3308,rce-confirmed,clear_vp,SonarQube,error,infra,919,0.652648774224321,1,0.4069610383190131,False
3309,s3-no-encryption,mixed,Semgrep,note,infra,1767,0.14003501003024843,1,0.30858738034175515,True
3310,latest-tag,clear_fp,Semgrep,none,test,217,0.756351139498876,5,0.7231362220325122,True
3311,path-traversal,mixed,CodeQL,none,production,462,0.8169859876514336,7,0.3728139719210396,True
3312,rce-confirmed,clear_vp,CodeQL,note,infra,1422,0.08996019031050861,3,0.6339670482444848,False
3313,sqli-confirmed,clear_vp,CodeQL,warning,test,247,0.311128182724423,7,0.6739091114551452,False
3314,ssh-anomaly,mixed,SonarQube,warning,production,1016,0.9399983176304376,3,0.7167232833851209,False
3315,prototype-pollution,mixed,Semgrep,warning,production,1623,0.5526980163181416,7,0.258481355722039,True
3316,deserialization,clear_vp,SonarQube,warning,production,1417,0.0265574481792632,2,0.022363674647081888,False
3317,dns-exfiltration,clear_vp,Semgrep,note,test,1065,0.12871751953450516,4,0.19119035690589237,False
3318,malware-callback,clear_vp,SonarQube,none,test,775,0.797521791049767,7,0.5426601869600611,False
3319,hardcoded-secret,mixed,CodeQL,error,production,1523,0.29020188093931387,3,0.8327083552906172,False
3320,command-injection,clear_vp,CodeQL,error,test,1837,0.98435386681707,3,0.7777953329040571,False
3321,unused-import,clear_fp,CodeQL,error,production,1826,0.0409993481596308,5,0.0450201494571042,True
3322,todo-comment,clear_fp,CodeQL,note,test,1824,0.07205939743987211,2,0.5133966911948447,True
3323,command-injection,clear_vp,SonarQube,error,infra,1884,0.6309890468807041,7,0.049898637457442385,True
3324,todo-comment,clear_fp,CodeQL,none,test,670,0.7049471601227696,3,0.4245011800656404,True
3325,line-too-long,clear_fp,CodeQL,warning,production,1091,0.8521592839149136,4,0.3318744430807601,True
3326,sql-injection,mixed,CodeQL,note,production,1417,0.03506383365595189,4,0.8493043972535758,False
3327,dom-xss,clear_vp,Semgrep,note,production,1605,0.29041510353615596,6,0.9315299641843527,True
3328,ssrf-request,clear_vp,CodeQL,none,production,408,0.931720396608368,7,0.4955690112705492,False
3329,deserialization,clear_vp,CodeQL,error,production,1665,0.06098556161713575,3,0.016828930711486834,False
3330,s3-no-encryption,mixed,SonarQube,warning,test,277,0.6826893790961647,7,0.13454366563501097,True
3331,s3-no-encryption,mixed,Semgrep,error,infra,1481,0.17626684698929695,6,0.8986739040438025,False
3332,bare-except,clear_fp,SonarQube,note,production,1899,0.9294915692398189,4,0.05822387807126117,False
3333,ssrf-request,clear_vp,Semgrep,warning,production,1529,0.6843681516795805,4,0.2923348250729789,False
3334,prototype-pollution,mixed,SonarQube,error,test,16,0.04667284783556369,4,0.6979505425072526,False
3335,path-traversal,mixed,CodeQL,error,test,843,0.24788631398406247,7,0.2264406203310816,True
3336,catch-generic,clear_fp,Semgrep,warning,test,942,0.33199681482662213,2,0.06293595440244149,True
3337,sql-injection,mixed,Semgrep,note,infra,258,0.6714089846285893,5,0.3138208805419779,True
3338,dns-exfiltration,clear_vp,CodeQL,error,config,21,0.7679289006316287,3,0.8700369681977288,False
3339,weak-cipher,mixed,Semgrep,error,config,1375,0.38432652959301306,4,0.4630495696322142,False
3340,dom-xss,clear_vp,SonarQube,note,production,1399,0.2664988967059386,2,0.9668164258397841,False
3341,latest-tag,clear_fp,Semgrep,warning,test,1715,0.6261151488956315,3,0.4843547016086196,True
3342,insecure-deser,clear_vp,Semgrep,note,production,1980,0.9691823039377393,2,0.8746789038981754,False
3343,open-redirect,mixed,CodeQL,warning,production,722,0.124266498863284,5,0.31028828775652517,False
3344,latest-tag,clear_fp,CodeQL,error,production,48,0.2853986613822973,4,0.1516798073055432,True
3345,open-redirect,mixed,Semgrep,note,config,1529,0.46232008577186134,4,0.29577855598936875,True
3346,open-redirect,mixed,Semgrep,note,config,1815,0.6269988952319576,3,0.20070154217437253,True
3347,open-redirect,mixed,SonarQube,note,production,151,0.24787027097077563,4,0.3216086960262382,False
3348,deserialization,clear_vp,Semgrep,warning,production,1913,0.9638129938401674,7,0.09108077277068172,True
3349,hsts-missing,clear_fp,Semgrep,note,test,508,0.9912696131422607,5,0.8541130070213316,True
3350,command-injection,clear_vp,CodeQL,error,production,759,0.5749321773654529,3,0.5023309509295303,False
3351,xss-reflected,mixed,CodeQL,warning,config,995,0.20382248046329854,6,0.249890508904558,False
3352,xss-reflected,mixed,SonarQube,warning,infra,637,0.3238179864305918,7,0.546437658164945,True
3353,insecure-deser,clear_vp,Semgrep,note,production,1697,0.7319263575069936,3,0.066438094328088,False
3354,todo-comment,clear_fp,CodeQL,error,test,1713,0.8213570309273026,3,0.3774024351143124,True
3355,hsts-missing,clear_fp,SonarQube,error,production,839,0.7579700524606616,4,0.7766353218843638,True
3356,unused-import,clear_fp,Semgrep,warning,infra,1021,0.9415953599678933,6,0.29817398643439097,True
3357,command-injection,clear_vp,CodeQL,warning,production,10,0.14319873792536397,5,0.7737358845808513,False
3358,public-subnet,mixed,SonarQube,warning,infra,1251,0.9323556115490034,2,0.3111121380996277,False
3359,gdpr-data-leak,clear_vp,SonarQube,warning,test,1907,0.2242591024304904,5,0.47088880072778894,False
3360,csrf-missing,mixed,Semgrep,error,test,366,0.9724514690624383,7,0.8548731157747764,False
3361,latest-tag,clear_fp,SonarQube,warning,config,643,0.0397791973977184,3,0.007892226008050951,True
3362,eval-detected,clear_fp,CodeQL,warning,infra,824,0.055372655281775485,5,0.32343393380965224,True
3363,catch-generic,clear_fp,Semgrep,warning,production,1076,0.12635922497221597,2,0.24226180921054408,True
3364,latest-tag,clear_fp,SonarQube,warning,infra,1030,0.10429408813372043,5,0.864102105457129,True
3365,dns-exfiltration,clear_vp,CodeQL,warning,production,5,0.2611087408578089,4,0.8429647377801183,False
3366,dns-exfiltration,clear_vp,SonarQube,warning,production,1050,0.9428900613356926,6,0.06389534859934332,False
3367,hsts-missing,clear_fp,SonarQube,error,production,1506,0.5416940930349727,2,0.35759559363967564,True
3368,malware-callback,clear_vp,SonarQube,warning,production,1722,0.005460945031833142,6,0.9697360822874292,False
3369,dom-xss,clear_vp,SonarQube,note,infra,1842,0.12348223396961489,4,0.7245921998612862,False
3370,todo-comment,clear_fp,Semgrep,none,production,608,0.031688849541319675,4,0.21939776848527803,True
3371,gdpr-data-leak,clear_vp,Semgrep,none,production,1372,0.06830777772409369,6,0.9780949082796481,False
3372,line-too-long,clear_fp,CodeQL,warning,test,837,0.7801222730609881,3,0.9581541649544166,True
3373,deserialization,clear_vp,CodeQL,error,production,221,0.8902192374493707,5,0.06455414544672877,False
3374,dom-xss,clear_vp,Semgrep,none,production,1804,0.048565231560116606,5,0.16052148555576784,False
3375,hsts-missing,clear_fp,CodeQL,none,infra,1292,0.22292649072054893,6,0.5088442428058181,True
3376,catch-generic,clear_fp,Semgrep,error,test,186,0.5033134370949083,4,0.6563983788884657,True
3377,rce-confirmed,clear_vp,CodeQL,error,production,1833,0.9052568771231122,4,0.2728781772190221,False
3378,path-traversal,mixed,SonarQube,note,production,1885,0.41478246130523333,6,0.32254474178572823,False
3379,hardcoded-secret,mixed,SonarQube,error,production,1735,0.9926301916794862,2,0.9000379665991364,False
3380,latest-tag,clear_fp,Semgrep,note,test,529,0.23813723544409326,4,0.497746162715744,True
3381,command-injection,clear_vp,Semgrep,none,config,1103,0.8672781173993731,3,0.08608105312285119,False
3382,sqli-confirmed,clear_vp,SonarQube,error,infra,1573,0.5555029515318131,6,0.08843892753679783,False
3383,deserialization,clear_vp,CodeQL,none,test,1737,0.39229229288179324,2,0.043672629566007704,True
3384,rce-confirmed,clear_vp,Semgrep,note,production,62,0.6148149526556361,5,0.8420151686975487,False
3385,open-redirect,mixed,CodeQL,warning,test,1700,0.7334899580339074,3,0.1243702016939936,True
3386,bare-except,clear_fp,CodeQL,error,production,1024,0.0323756366393656,5,0.9456218111148833,True
3387,deserialization,clear_vp,SonarQube,warning,production,606,0.04085668756352956,6,0.08545381815700315,False
3388,bare-except,clear_fp,Semgrep,warning,test,550,0.9856218595917725,3,0.8071197741858128,True
3389,path-traversal,mixed,CodeQL,warning,production,73,0.8243132831429444,7,0.9653154257189731,False
3390,csrf-missing,mixed,CodeQL,none,test,1297,0.591958420673837,5,0.9325814822634417,True
3391,xss-reflected,mixed,CodeQL,note,production,1042,0.6969165453013787,3,0.6792613226543476,True
3392,eval-detected,clear_fp,CodeQL,warning,production,985,0.9858942799020254,3,0.46571643622857506,True
3393,eval-detected,clear_fp,SonarQube,warning,production,1056,0.169534141315135,6,0.15227400774767885,True
3394,http-404-burst,clear_fp,Semgrep,warning,production,1320,0.4061052863225362,3,0.8853462881246471,True
3395,sql-injection,mixed,Semgrep,note,config,361,0.27014827370994365,5,0.9852256677254061,False
3396,sqli-confirmed,clear_vp,Semgrep,note,config,1281,0.9671131653352923,1,0.4812000961148877,False
3397,gdpr-data-leak,clear_vp,Semgrep,warning,config,217,0.2436002636565593,6,0.11107486464450422,False
3398,hsts-missing,clear_fp,SonarQube,warning,config,105,0.41296344344860614,3,0.3808021053976014,True
3399,prototype-pollution,mixed,Semgrep,none,config,618,0.6298014120916252,6,0.9457965993907522,True
3400,ssh-anomaly,mixed,SonarQube,none,test,1776,0.024766047932225477,4,0.9090894552717,True
3401,catch-generic,clear_fp,SonarQube,note,infra,1798,0.42922841153295366,7,0.7476395333862431,True
3402,csrf-missing,mixed,Semgrep,warning,production,1984,0.16898163415158363,5,0.25242134971167274,True
3403,command-injection,clear_vp,CodeQL,error,production,1850,0.9464646154277803,7,0.44819591776743384,False
3404,ssrf-request,clear_vp,SonarQube,warning,production,369,0.04704366452866893,5,0.756618618187806,False
3405,gdpr-data-leak,clear_vp,SonarQube,note,config,1665,0.8953928874693764,5,0.5137481779566526,False
3406,dns-exfiltration,clear_vp,CodeQL,error,production,396,0.6069996926457933,2,0.03463281806369156,False
3407,gdpr-data-leak,clear_vp,CodeQL,error,production,1246,0.16042569347865865,5,0.2463687248206745,False
3408,sqli-confirmed,clear_vp,CodeQL,warning,test,1122,0.11492934154368717,5,0.293976589728804,False
3409,prototype-pollution,mixed,CodeQL,error,production,401,0.06292135333088489,3,0.7532092689057405,False
3410,hsts-missing,clear_fp,Semgrep,note,infra,87,0.4171118602095746,5,0.08904435982445569,True
3411,dns-exfiltration,clear_vp,SonarQube,warning,production,1302,0.7737617925541624,2,0.40976955276883953,False
3412,eval-detected,clear_fp,Semgrep,warning,production,740,0.5954432141469534,6,0.0784115430036898,True
3413,bare-except,clear_fp,CodeQL,warning,config,96,0.061968060939130876,1,0.21323116627753913,True
3414,weak-cipher,mixed,Semgrep,none,test,1165,0.5897805314400532,4,0.728052743905545,True
3415,insecure-deser,clear_vp,Semgrep,note,production,1440,0.6758887574206133,2,0.295426306844221,False
3416,rds-public,mixed,SonarQube,warning,infra,1618,0.42952629419008004,6,0.4770482097004721,False
3417,rce-confirmed,clear_vp,CodeQL,warning,test,1316,0.21748329313773096,4,0.523835240386221,False
3418,path-traversal,mixed,CodeQL,none,test,229,0.8906508441418367,6,0.9941485895291096,True
3419,ssrf-request,clear_vp,SonarQube,error,production,114,0.0525090554855685,3,0.6385768201156948,False
3420,dom-xss,clear_vp,CodeQL,error,production,341,0.36664008550614435,7,0.10777687452967666,False
3421,path-traversal,mixed,Semgrep,warning,production,793,0.5598958107965798,2,0.2266666945167335,True
3422,unused-import,clear_fp,Semgrep,error,production,939,0.7877474515887647,4,0.5056926698973331,True
3423,prototype-pollution,mixed,SonarQube,note,production,1791,0.9281573024118415,5,0.9542416931627161,False
3424,bare-except,clear_fp,SonarQube,warning,infra,86,0.18704884683708478,3,0.5040394081581917,True
3425,xss-reflected,mixed,SonarQube,error,config,1547,0.537845929673931,7,0.828640038986097,False
3426,dom-xss,clear_vp,SonarQube,note,config,407,0.2912934727081582,3,0.5840573668489268,False
3427,insecure-deser,clear_vp,CodeQL,warning,test,1065,0.41198120614852984,1,0.14962608319534443,False
3428,s3-no-encryption,mixed,CodeQL,warning,config,579,0.8815634021211409,8,0.3222144546310911,True
3429,catch-generic,clear_fp,Semgrep,error,infra,618,0.7524119552153874,3,0.4866219069002228,True
3430,eval-detected,clear_fp,CodeQL,warning,production,51,0.8267606334229101,2,0.007387934337443669,True
3431,gdpr-data-leak,clear_vp,SonarQube,warning,production,506,0.300200557647633,5,0.44386369448705076,False
3432,dns-exfiltration,clear_vp,CodeQL,note,infra,89,0.9335556789849163,3,0.1762995986912994,False
3433,sqli-confirmed,clear_vp,Semgrep,warning,test,734,0.20730390440611646,6,0.38026202601163495,False
3434,command-injection,clear_vp,SonarQube,error,config,1663,0.9534456718542331,4,0.6846767432626495,False
3435,todo-comment,clear_fp,SonarQube,error,test,548,0.04737472758140038,4,0.39253141467821473,True
3436,prototype-pollution,mixed,Semgrep,none,infra,426,0.11894392458004954,4,0.7705096221471027,True
3437,hardcoded-secret,mixed,SonarQube,none,infra,822,0.18053591257153878,5,0.936431762871106,True
3438,bare-except,clear_fp,CodeQL,warning,infra,20,0.4589127986411703,1,0.8422370815744713,True
3439,catch-generic,clear_fp,Semgrep,note,test,1914,0.6071194130016792,4,0.24911439927055723,True
3440,dns-exfiltration,clear_vp,Semgrep,note,production,1194,0.7483371492260189,4,0.2081868690026193,False
3441,gdpr-data-leak,clear_vp,Semgrep,error,test,523,0.0018366402588184672,2,0.24692019120356534,False
3442,rce-confirmed,clear_vp,SonarQube,warning,production,887,0.668822006093893,3,0.4722516950179002,False
3443,http-404-burst,clear_fp,Semgrep,error,test,1430,0.9113165277860585,4,0.8552390575229689,True
3444,s3-no-encryption,mixed,SonarQube,none,test,871,0.8768264339430827,5,0.2349390455050968,True
3445,ssrf-request,clear_vp,SonarQube,note,production,330,0.24279098802664,6,0.9540568050908989,False
3446,path-traversal,mixed,Semgrep,note,test,272,0.9961250195648306,2,0.7650369650036276,True
3447,todo-comment,clear_fp,SonarQube,note,infra,65,0.5105599460835609,1,0.18060758290152978,True
3448,open-redirect,mixed,CodeQL,none,production,284,0.36193087569273585,3,0.7535180075887757,False
3449,ssh-anomaly,mixed,CodeQL,note,production,1563,0.7402694481972609,3,0.022932168754681737,False
3450,bare-except,clear_fp,Semgrep,none,config,224,0.9940414525161517,5,0.9164381432894246,True
3451,catch-generic,clear_fp,SonarQube,none,test,687,0.013718176698690243,3,0.9980583128779642,True
3452,line-too-long,clear_fp,CodeQL,error,infra,1816,0.6235296995443529,2,0.6215705058712215,True
3453,command-injection,clear_vp,CodeQL,warning,infra,12,0.43278028358381027,9,0.16284968942203526,False
3454,csrf-missing,mixed,CodeQL,warning,test,1964,0.11980841978996293,3,0.7981262176864399,True
3455,http-404-burst,clear_fp,SonarQube,warning,production,151,0.4157341333886524,3,0.15679517670628107,True
3456,hardcoded-secret,mixed,SonarQube,warning,production,739,0.5122714861350365,4,0.027764827087029986,False
3457,bare-except,clear_fp,SonarQube,error,production,510,0.4092120495723496,6,0.7339732691696568,True
3458,path-traversal,mixed,Semgrep,warning,infra,687,0.5517746692267631,3,0.07383496411555501,True
3459,csrf-missing,mixed,SonarQube,none,production,1475,0.2209511716375544,2,0.8783339279746922,True
3460,catch-generic,clear_fp,CodeQL,error,production,1969,0.9972975107374645,5,0.27480586742197544,True
3461,bare-except,clear_fp,CodeQL,warning,production,249,0.557168526535654,2,0.08713811986196718,True
3462,assert-usage,clear_fp,Semgrep,warning,production,1948,0.08070082135709544,5,0.053971636494996256,True
3463,prototype-pollution,mixed,SonarQube,error,test,52,0.1263833066704847,4,0.6422837302255665,True
3464,deserialization,clear_vp,Semgrep,error,infra,1087,0.3450427817079915,3,0.8654929660622833,True
3465,s3-no-encryption,mixed,Semgrep,warning,production,1312,0.5876365146882088,4,0.18074543305738622,False
3466,deserialization,clear_vp,CodeQL,warning,test,1346,0.6807548014226098,5,0.1723352983524531,True
3467,gdpr-data-leak,clear_vp,CodeQL,note,config,1580,0.9989845951471733,3,0.25711458437623425,False
3468,malware-callback,clear_vp,SonarQube,warning,test,417,0.5067394609663781,6,0.9687041926920575,False
3469,sql-injection,mixed,CodeQL,note,infra,322,0.6109832091259206,10,0.8057849920184179,False
3470,sql-injection,mixed,CodeQL,note,production,1498,0.13041094311399504,6,0.849533239328382,True
3471,catch-generic,clear_fp,CodeQL,note,test,1905,0.49431020523457303,7,0.8060249984256219,True
3472,deserialization,clear_vp,Semgrep,none,infra,656,0.10334864752477535,4,0.4663153671950939,False
3473,path-traversal,mixed,Semgrep,warning,test,813,0.7372654780679241,4,0.12871120687530901,False
3474,path-traversal,mixed,SonarQube,note,infra,360,0.2102285184702738,5,0.23921598550891154,False
3475,malware-callback,clear_vp,Semgrep,error,config,263,0.2971905277593385,4,0.044468505519113966,False
3476,csrf-missing,mixed,CodeQL,warning,production,608,0.30229267773907476,3,0.16873675569736868,True
3477,latest-tag,clear_fp,Semgrep,warning,test,58,0.7608937721109648,2,0.6307785372626386,True
3478,gdpr-data-leak,clear_vp,SonarQube,note,test,632,0.6966079044491871,2,0.6937733132741121,True
3479,gdpr-data-leak,clear_vp,SonarQube,note,infra,487,0.03670402948888152,6,0.597469766414153,False
3480,eval-detected,clear_fp,Semgrep,error,production,1159,0.5940721543255787,2,0.9411311084438876,False
3481,prototype-pollution,mixed,SonarQube,note,production,383,0.49034677834084195,3,0.6727726814184227,False
3482,s3-no-encryption,mixed,SonarQube,warning,production,1174,0.8042192522751215,2,0.37306170867702504,False
3483,insecure-deser,clear_vp,Semgrep,warning,infra,1316,0.6551579672905478,7,0.7291349317414662,False
3484,public-subnet,mixed,Semgrep,note,production,67,0.09571662444935825,6,0.5478835445381053,False
3485,command-injection,clear_vp,SonarQube,none,production,562,0.08672272800729774,3,0.9685277391470993,False
3486,http-404-burst,clear_fp,CodeQL,warning,production,487,0.4059924643950079,3,0.6098966887464982,True
3487,dom-xss,clear_vp,Semgrep,note,production,151,0.013085883842810175,4,0.660562050459606,False
3488,hsts-missing,clear_fp,Semgrep,error,test,1618,0.4107551326627119,6,0.870918516780872,True
3489,dom-xss,clear_vp,Semgrep,error,config,1496,0.17531001472395724,2,0.7225818308364841,False
3490,gdpr-data-leak,clear_vp,Semgrep,note,production,745,0.5203963665168543,5,0.7970914838980804,False
3491,csrf-missing,mixed,Semgrep,error,production,410,0.38874248675261425,3,0.2439628195264646,True
3492,deserialization,clear_vp,Semgrep,warning,test,100,0.4844399873650659,2,0.8945229002061619,False
3493,open-redirect,mixed,SonarQube,warning,infra,30,0.3683956549472598,5,0.40544618242957164,True
3494,http-404-burst,clear_fp,SonarQube,error,production,971,0.6878245280715231,5,0.4724814717291016,True
3495,ssrf-request,clear_vp,Semgrep,warning,production,1619,0.8537538288451721,8,0.9869772716756992,False
3496,dom-xss,clear_vp,Semgrep,warning,test,1745,0.5587074126296901,3,0.7731223562370481,False
3497,latest-tag,clear_fp,Semgrep,warning,production,135,0.2507099472414258,7,0.19133233403324956,True
3498,rds-public,mixed,SonarQube,note,test,1462,0.4728359552955891,4,0.24507252257656342,True
3499,bare-except,clear_fp,CodeQL,note,test,309,0.6341174892489528,4,0.14453619451042987,True
3500,unused-import,clear_fp,Semgrep,warning,test,402,0.8199143504985758,5,0.6266700536714184,True
3501,unused-import,clear_fp,Semgrep,warning,infra,1837,0.02098537189847638,4,0.5525373212100553,True
3502,csrf-missing,mixed,Semgrep,error,test,247,0.06415144736523481,7,0.24329207681628062,True
3503,assert-usage,clear_fp,Semgrep,note,infra,1818,0.023991573455061976,2,0.03605101383793152,True
3504,dns-exfiltration,clear_vp,Semgrep,error,production,1541,0.8361862083152113,3,0.8662949600217585,False
3505,weak-cipher,mixed,Semgrep,none,production,813,0.7881257386811263,3,0.7784492091546666,True
3506,assert-usage,clear_fp,Semgrep,warning,production,1084,0.943865673086063,4,0.3252316876781838,True
3507,ssrf-request,clear_vp,Semgrep,warning,production,291,0.9331362867608148,3,0.6330481223434574,False
3508,malware-callback,clear_vp,CodeQL,note,production,96,0.515063862049679,2,0.7576270731099868,False
3509,catch-generic,clear_fp,SonarQube,warning,test,727,0.7743687871821682,4,0.08027718324960775,False
3510,dom-xss,clear_vp,Semgrep,warning,production,587,0.6908701320313588,4,0.9805570400973449,False
3511,weak-cipher,mixed,SonarQube,note,test,4,0.12186303823803202,3,0.9777838401762751,True
3512,public-subnet,mixed,CodeQL,note,infra,259,0.6191859397698841,4,0.4200488542112919,True
3513,open-redirect,mixed,Semgrep,none,production,291,0.19914580799419024,3,0.3697423395011975,True
3514,line-too-long,clear_fp,Semgrep,warning,config,1097,0.8992823072743599,6,0.7680497242692065,True
3515,bare-except,clear_fp,Semgrep,warning,production,523,0.7288190783055959,2,0.3552035022727461,True
3516,todo-comment,clear_fp,SonarQube,note,infra,1349,0.008601818432715347,4,0.21264023609266025,True
3517,sql-injection,mixed,CodeQL,none,production,379,0.08507439168912057,3,0.3742451066849124,True
3518,line-too-long,clear_fp,CodeQL,warning,production,330,0.5081687600184123,2,0.7991524473029121,True
3519,weak-cipher,mixed,CodeQL,error,infra,1813,0.8214007884767329,6,0.8116598756175837,False
3520,ssrf-request,clear_vp,Semgrep,warning,production,1496,0.6180098668058626,4,0.2959200901005964,False
3521,command-injection,clear_vp,CodeQL,warning,config,734,0.21955308426395526,6,0.2537158510000429,False
3522,hardcoded-secret,mixed,CodeQL,error,production,802,0.467203113855843,3,0.7396181662869746,False
3523,catch-generic,clear_fp,Semgrep,error,production,611,0.4533195984111992,4,0.12048348523759489,True
3524,todo-comment,clear_fp,Semgrep,error,test,505,0.8686018780322435,4,0.11095130974749412,True
3525,dns-exfiltration,clear_vp,CodeQL,error,production,1125,0.3838115677102276,5,0.3885220003458354,False
3526,csrf-missing,mixed,Semgrep,error,infra,1277,0.4121364290290699,5,0.22028016779692494,True
3527,ssrf-request,clear_vp,SonarQube,warning,production,1143,0.6819487502837444,4,0.2854488786063982,False
3528,assert-usage,clear_fp,Semgrep,warning,production,1131,0.2365607019528687,3,0.3357271994608336,True
3529,deserialization,clear_vp,SonarQube,warning,config,1672,0.3828468509334271,2,0.18915285454666186,True
3530,sql-injection,mixed,Semgrep,warning,test,383,0.5464700659207645,2,0.24748541480707753,True
3531,eval-detected,clear_fp,SonarQube,warning,production,811,0.016519611599961848,2,0.5484690523835062,False
3532,prototype-pollution,mixed,SonarQube,note,infra,1652,0.12385208522982549,3,0.498780957395045,True
3533,s3-no-encryption,mixed,SonarQube,warning,production,1805,0.11146622601217537,4,0.40849674918802237,True
3534,malware-callback,clear_vp,Semgrep,error,test,1052,0.24599966817095165,2,0.6364128615773994,False
3535,sql-injection,mixed,CodeQL,warning,test,358,0.31208834074068703,3,0.36970537749170473,True
3536,todo-comment,clear_fp,CodeQL,warning,config,351,0.39995682387499965,9,0.7327938547210769,True
3537,malware-callback,clear_vp,Semgrep,warning,infra,555,0.6441939256278216,3,0.34408220192345806,False
3538,hsts-missing,clear_fp,CodeQL,error,production,52,0.7862896224242424,4,0.07226904139913881,True
3539,todo-comment,clear_fp,Semgrep,note,test,1168,0.9744317972311523,3,0.8508001209548207,True
3540,bare-except,clear_fp,Semgrep,error,infra,1008,0.713488164437375,5,0.34886201437907205,False
3541,xss-reflected,mixed,CodeQL,none,config,59,0.43855653059922195,5,0.9869237605131903,True
3542,open-redirect,mixed,Semgrep,none,production,975,0.7619527577006262,2,0.6511036694199573,True
3543,bare-except,clear_fp,Semgrep,none,infra,1076,0.607769881837106,4,0.1767651055745757,True
3544,latest-tag,clear_fp,SonarQube,error,test,953,0.9909698197645752,7,0.9487576675528424,True
3545,weak-cipher,mixed,CodeQL,note,test,175,0.3140565610162682,6,0.4772349578339893,True
3546,gdpr-data-leak,clear_vp,Semgrep,warning,production,891,0.5157515497559167,9,0.7566097476347265,False
3547,path-traversal,mixed,SonarQube,none,production,1497,0.9492657155485353,2,0.8219111707828918,False
3548,rce-confirmed,clear_vp,CodeQL,note,production,1697,0.6018692904331745,2,0.379647177213974,False
3549,ssh-anomaly,mixed,Semgrep,note,test,1385,0.3600196140898184,7,0.5534991383184398,True
3550,todo-comment,clear_fp,Semgrep,error,infra,1513,0.4703557362729537,4,0.6366165888475628,True
3551,open-redirect,mixed,CodeQL,note,infra,458,0.42194646264933655,5,0.5007283518093051,True
3552,csrf-missing,mixed,CodeQL,warning,test,1668,0.10499131885394941,6,0.373526245067452,True
3553,ssh-anomaly,mixed,Semgrep,warning,test,1708,0.5095618640651922,4,0.9935799119466721,True
3554,sqli-confirmed,clear_vp,CodeQL,warning,test,1428,0.1394329629969535,2,0.4266545195331637,False
3555,weak-cipher,mixed,SonarQube,note,test,1500,0.7109855591065113,2,0.9076121183934155,True
3556,catch-generic,clear_fp,Semgrep,note,infra,704,0.5005440558468981,5,0.9129674021579113,True
3557,catch-generic,clear_fp,SonarQube,warning,production,1416,0.8621490902540431,5,0.7481469647833355,True
3558,open-redirect,mixed,SonarQube,error,production,209,0.23606672272307216,6,0.8834118802466094,True
3559,weak-cipher,mixed,SonarQube,note,production,1887,0.2860501133139163,3,0.08994619640338808,True
3560,dns-exfiltration,clear_vp,CodeQL,warning,infra,685,0.559992909281409,4,0.3011565009767059,False
3561,ssrf-request,clear_vp,Semgrep,none,test,1636,0.7346301710043245,6,0.6706834788251356,True
3562,rce-confirmed,clear_vp,CodeQL,warning,production,1866,0.2460736512382915,4,0.32969753144637093,False
3563,hsts-missing,clear_fp,CodeQL,error,production,295,0.45390537425806665,5,0.16011944451593585,True
3564,weak-cipher,mixed,Semgrep,error,production,660,0.33380308322614505,4,0.6192173466044351,True
3565,hardcoded-secret,mixed,CodeQL,warning,production,1774,0.7560578865662154,7,0.4415774008975135,False
3566,rce-confirmed,clear_vp,CodeQL,note,test,1165,0.4203543747216215,2,0.7655274047166163,False
3567,sql-injection,mixed,CodeQL,error,production,1591,0.39428308638458465,8,0.8796440086464777,False
3568,ssrf-request,clear_vp,Semgrep,none,production,1327,0.30562410584915334,8,0.46152973824139976,False
3569,gdpr-data-leak,clear_vp,SonarQube,warning,production,1120,0.12552058202812666,6,0.7294469784440278,False
3570,ssh-anomaly,mixed,SonarQube,warning,production,1087,0.523906627959043,5,0.7805763109689263,False
3571,dom-xss,clear_vp,CodeQL,none,test,1188,0.45175007433925973,4,0.19566315891338892,False
3572,unused-import,clear_fp,Semgrep,warning,production,14,0.10874103685700265,2,0.09554563986446474,True
3573,path-traversal,mixed,Semgrep,warning,production,534,0.4261266387715269,6,0.5218968437079384,False
3574,sql-injection,mixed,SonarQube,note,test,1434,0.7517155035352574,10,0.8303221914806358,True
3575,malware-callback,clear_vp,SonarQube,note,production,1396,0.5234487524087015,7,0.9862547502177453,False
3576,line-too-long,clear_fp,Semgrep,note,production,995,0.5168252200240195,8,0.29092963281215767,True
3577,prototype-pollution,mixed,SonarQube,error,test,1798,0.2615755497478808,4,0.8655400673354157,False
3578,dom-xss,clear_vp,Semgrep,warning,config,1187,0.20913661725969102,3,0.4082596709578844,False
3579,unused-import,clear_fp,CodeQL,note,test,554,0.6019907169345468,4,0.894276323524307,True
3580,eval-detected,clear_fp,Semgrep,warning,production,203,0.39255260034527917,5,0.8209642908671217,True
3581,line-too-long,clear_fp,Semgrep,note,production,646,0.25515461332880385,4,0.4485809721828008,True
3582,open-redirect,mixed,CodeQL,warning,production,1626,0.9654751193888906,3,0.7020283943327061,False
3583,dns-exfiltration,clear_vp,Semgrep,warning,test,1096,0.17183842765268742,2,0.8419827278722763,True
3584,dns-exfiltration,clear_vp,CodeQL,error,test,522,0.4226900403678088,6,0.04893569856292623,False
3585,prototype-pollution,mixed,Semgrep,note,production,242,0.4116980617362219,2,0.6876605912277295,True
3586,s3-no-encryption,mixed,Semgrep,error,infra,1893,0.4657999784979715,2,0.48888534570452513,False
3587,ssh-anomaly,mixed,CodeQL,error,test,1207,0.7103862050273134,7,0.27511787396553056,True
3588,ssh-anomaly,mixed,SonarQube,none,test,1461,0.9746225396019198,4,0.8060204271662562,True
3589,hsts-missing,clear_fp,CodeQL,note,test,1907,0.7578517011059516,8,0.6455006280078539,True
3590,public-subnet,mixed,Semgrep,warning,infra,1949,0.4778884914783339,7,0.5310449244556457,True
3591,bare-except,clear_fp,SonarQube,warning,production,1321,0.10683047383870481,5,0.21324871906252585,True
3592,latest-tag,clear_fp,Semgrep,warning,test,1308,0.14082578283027192,2,0.974049372708639,True
3593,open-redirect,mixed,SonarQube,error,production,1498,0.5285906760978318,2,0.9268950329384845,False
3594,xss-reflected,mixed,CodeQL,error,config,1623,0.5144033649522891,4,0.9186125518406599,False
3595,prototype-pollution,mixed,SonarQube,warning,test,1244,0.28075040172979915,3,0.7397384506387108,True
3596,dns-exfiltration,clear_vp,CodeQL,warning,config,609,0.3297039085120007,4,0.2541134413181422,False
3597,rds-public,mixed,CodeQL,none,production,231,0.6777501630013216,5,0.18183547198254946,False
3598,catch-generic,clear_fp,SonarQube,warning,production,1782,0.9084423476574017,2,0.030959681204975942,True
3599,deserialization,clear_vp,SonarQube,note,production,1014,0.180680688139084,3,0.37267736089471093,False
3600,csrf-missing,mixed,Semgrep,warning,production,1953,0.10601435592246822,3,0.8898336721438967,False
3601,bare-except,clear_fp,CodeQL,error,production,547,0.23984777244844713,2,0.5848519080611229,True
3602,assert-usage,clear_fp,CodeQL,note,production,255,0.3156345334932814,5,0.4800248923785718,True
3603,malware-callback,clear_vp,SonarQube,note,production,1960,0.9809503137411276,5,0.33375778608711926,False
3604,http-404-burst,clear_fp,CodeQL,note,production,682,0.95879509522166,4,0.45834301749227957,True
3605,dns-exfiltration,clear_vp,Semgrep,error,config,1145,0.2828571061173134,7,0.024253917819162196,False
3606,command-injection,clear_vp,SonarQube,warning,production,388,0.5825587939097411,1,0.8691179889634104,False
3607,csrf-missing,mixed,CodeQL,error,infra,1038,0.7318667276231169,5,0.02769889710356499,False
3608,sqli-confirmed,clear_vp,CodeQL,warning,infra,1479,0.9582971696239909,5,0.5755640415639253,False
3609,http-404-burst,clear_fp,Semgrep,warning,test,1524,0.48691980549003766,5,0.12563388191293345,True
3610,xss-reflected,mixed,CodeQL,error,config,383,0.3864872210513953,5,0.08436093491760777,False
3611,ssh-anomaly,mixed,SonarQube,error,test,1479,0.6616174497288811,4,0.5531125391739765,True
3612,hsts-missing,clear_fp,Semgrep,warning,test,68,0.6540623239573066,5,0.6972780938199737,True
3613,deserialization,clear_vp,SonarQube,warning,production,1110,0.009315499704274588,3,0.3821001520443691,False
3614,gdpr-data-leak,clear_vp,SonarQube,none,production,1448,0.9555933224544798,1,0.8744573534005536,False
3615,path-traversal,mixed,CodeQL,none,config,1757,0.043207560699808245,6,0.13272223329501498,False
3616,insecure-deser,clear_vp,Semgrep,none,test,1404,0.9633341872605181,4,0.7426486579951658,False
3617,latest-tag,clear_fp,SonarQube,warning,test,1145,0.01981069682761616,6,0.3536459760127133,True
3618,ssh-anomaly,mixed,Semgrep,warning,production,35,0.9756316151509021,3,0.810064879716682,False
3619,sqli-confirmed,clear_vp,CodeQL,note,production,1908,0.5648659417895788,4,0.5485815211033868,False
3620,command-injection,clear_vp,Semgrep,warning,production,54,0.9184086769247098,6,0.8303099415849654,False
3621,path-traversal,mixed,Semgrep,warning,production,1962,0.7119304623167335,3,0.4292861230043049,False
3622,rce-confirmed,clear_vp,CodeQL,error,production,349,0.145230423568102,3,0.776382824744832,False
3623,ssh-anomaly,mixed,Semgrep,note,config,1877,0.22350264853514223,5,0.6276364515238019,False
3624,catch-generic,clear_fp,Semgrep,warning,infra,1988,0.864983863881746,2,0.9978394331176407,True
3625,malware-callback,clear_vp,Semgrep,warning,test,1054,0.9039376855646393,2,0.154532867495906,False
3626,xss-reflected,mixed,CodeQL,error,production,1060,0.976025085680905,3,0.6784832717871814,False
3627,prototype-pollution,mixed,SonarQube,error,infra,1813,0.6522393338903115,5,0.7659415863837279,False
3628,http-404-burst,clear_fp,Semgrep,note,config,871,0.04764512387252773,5,0.3357085433877268,True
3629,insecure-deser,clear_vp,SonarQube,error,infra,453,0.5517725133044562,3,0.9179486663760714,False
3630,dom-xss,clear_vp,CodeQL,warning,production,791,0.6303918614022084,5,0.47716095290765237,False
3631,s3-no-encryption,mixed,SonarQube,none,production,486,0.6358989155688466,3,0.7311299986056335,False
3632,weak-cipher,mixed,Semgrep,none,infra,243,0.16793713585755965,2,0.162139118924303,False
3633,rds-public,mixed,CodeQL,note,infra,792,0.4940314373698502,3,0.005793505405566668,False
3634,catch-generic,clear_fp,SonarQube,warning,production,1144,0.8375540750429986,4,0.09476337624461473,True
3635,hardcoded-secret,mixed,CodeQL,warning,config,16,0.7930114474963383,5,0.34895216451660604,False
3636,command-injection,clear_vp,Semgrep,note,production,950,0.5189055419614622,2,0.515371114780023,False
3637,hardcoded-secret,mixed,Semgrep,none,test,572,0.8012957043338632,3,0.4974448982487796,True
3638,open-redirect,mixed,CodeQL,warning,infra,757,0.4105483509979223,6,0.5256184834560188,True
3639,weak-cipher,mixed,SonarQube,note,production,522,0.1264232557096483,1,0.6619137800671836,True
3640,hardcoded-secret,mixed,CodeQL,warning,test,158,0.3671960083319594,4,0.8680301333230469,True
3641,unused-import,clear_fp,Semgrep,note,production,268,0.4799442549538153,4,0.7043324318897024,True
3642,weak-cipher,mixed,SonarQube,note,test,1774,0.056522997258114716,6,0.8462231962261486,True
3643,command-injection,clear_vp,SonarQube,error,production,102,0.0762949786998709,5,0.4976418306251371,False
3644,command-injection,clear_vp,Semgrep,warning,infra,553,0.8824352402478118,5,0.6358363565201176,False
3645,prototype-pollution,mixed,CodeQL,warning,production,1028,0.9085740627142427,2,0.1325182392157751,False
3646,catch-generic,clear_fp,CodeQL,note,production,555,0.9456093504782889,2,0.48539445976418827,True
3647,s3-no-encryption,mixed,SonarQube,error,config,126,0.13275431004426042,2,0.22930903312031004,False
3648,sqli-confirmed,clear_vp,CodeQL,warning,test,1295,0.2570818405187818,7,0.24542875901999517,False
3649,todo-comment,clear_fp,SonarQube,note,production,42,0.6127103377250337,4,0.18004679332455842,True
3650,hsts-missing,clear_fp,CodeQL,note,config,1973,0.19260456930746495,4,0.9948947965009928,True
3651,catch-generic,clear_fp,SonarQube,warning,production,575,0.8145449344574303,3,0.48799455012193726,True
3652,public-subnet,mixed,CodeQL,none,production,302,0.5585841423206646,2,0.3010070403228383,False
3653,eval-detected,clear_fp,SonarQube,note,production,458,0.6606115907661756,4,0.12479693236309009,True
3654,public-subnet,mixed,SonarQube,warning,production,103,0.0772202402914709,4,0.4165855756642832,True
3655,catch-generic,clear_fp,SonarQube,warning,production,1793,0.7942068787736928,5,0.8294617347548876,True
3656,path-traversal,mixed,Semgrep,warning,test,1612,0.7955755477765185,4,0.346447488594429,True
3657,csrf-missing,mixed,Semgrep,none,test,245,0.3619024158852088,3,0.10851982880567468,True
3658,gdpr-data-leak,clear_vp,CodeQL,warning,infra,190,0.8789857931690744,3,0.08257310355131697,False
3659,prototype-pollution,mixed,CodeQL,warning,production,680,0.21404897748667118,4,0.7570206706298457,False
3660,latest-tag,clear_fp,CodeQL,warning,config,1119,0.6131294785366633,5,0.22237198779252032,True
3661,weak-cipher,mixed,Semgrep,note,infra,1768,0.6857386349464292,3,0.03860789359694139,True
3662,csrf-missing,mixed,Semgrep,error,production,569,0.34504476563849773,4,0.8069452865592834,False
3663,csrf-missing,mixed,CodeQL,error,production,1029,0.12948084464485443,5,0.015535062983948023,False
3664,path-traversal,mixed,SonarQube,none,test,546,0.4680377156672798,6,0.130621852380293,True
3665,sql-injection,mixed,CodeQL,none,config,1656,0.1689655246717321,5,0.28771974477484086,True
3666,dom-xss,clear_vp,Semgrep,none,production,292,0.31565061175407627,3,0.8458191807713562,False
3667,gdpr-data-leak,clear_vp,SonarQube,note,production,130,0.7365778988253648,2,0.7408641931643092,False
3668,csrf-missing,mixed,Semgrep,warning,config,1897,0.6404732503132452,4,0.748512127339095,False
3669,open-redirect,mixed,Semgrep,note,production,1488,0.08032830418096437,1,0.11000096039672858,True
3670,unused-import,clear_fp,CodeQL,warning,production,347,0.2591384872191127,3,0.37917093885588093,True
3671,xss-reflected,mixed,CodeQL,warning,production,1105,0.05479113435633687,6,0.23719309034471603,False
3672,xss-reflected,mixed,CodeQL,warning,test,1088,0.04243947669014636,3,0.547864749895069,True
3673,ssh-anomaly,mixed,SonarQube,error,test,1082,0.643183339794481,7,0.43439619607341473,False
3674,latest-tag,clear_fp,Semgrep,note,production,81,0.41937126871182207,3,0.32177869513826096,True
3675,line-too-long,clear_fp,CodeQL,note,infra,36,0.9305528441103751,2,0.5417946312703841,True
3676,public-subnet,mixed,CodeQL,warning,production,1782,0.17886991793553964,2,0.5950978170830447,False
3677,ssh-anomaly,mixed,CodeQL,note,infra,1266,0.8010397302314743,2,0.6933703982734565,True
3678,sqli-confirmed,clear_vp,SonarQube,note,infra,1015,0.5933894061705663,3,0.8831178242830915,False
3679,path-traversal,mixed,SonarQube,warning,test,41,0.12753767635636748,4,0.5503459229584854,True
3680,bare-except,clear_fp,SonarQube,note,production,912,0.6402347867422048,5,0.7701458200274809,True
3681,path-traversal,mixed,CodeQL,warning,production,1209,0.31032562107208006,4,0.04071977937153948,True
3682,todo-comment,clear_fp,Semgrep,note,config,1957,0.35423534319589156,6,0.5877156378585556,True
3683,deserialization,clear_vp,SonarQube,warning,infra,294,0.46218657727954127,3,0.9456416967053796,False
3684,xss-reflected,mixed,Semgrep,error,production,1518,0.7450850681180249,3,0.3167951705327071,False
3685,ssh-anomaly,mixed,Semgrep,none,production,1200,0.16034343179717103,4,0.8913178737187247,True
3686,command-injection,clear_vp,Semgrep,warning,test,1251,0.5180016659878095,5,0.22987043454817602,False
3687,line-too-long,clear_fp,Semgrep,error,production,1897,0.30814260274233407,2,0.8657827852469508,True
3688,unused-import,clear_fp,Semgrep,note,config,1265,0.49620245004139674,3,0.5595029883719552,True
3689,todo-comment,clear_fp,SonarQube,none,production,149,0.5799451744883861,7,0.24936844974269878,True
3690,hsts-missing,clear_fp,Semgrep,error,config,1209,0.6420498938858061,2,0.6946162936184067,True
3691,ssrf-request,clear_vp,CodeQL,note,test,1389,0.11975821311047574,4,0.3624685693540506,False
3692,command-injection,clear_vp,Semgrep,note,production,363,0.6028689360667185,5,0.31812643225484194,False
3693,public-subnet,mixed,Semgrep,warning,production,1565,0.07274449764112145,4,0.48311018215620016,False
3694,assert-usage,clear_fp,Semgrep,none,test,46,0.5399594318780562,4,0.9868216169994466,True
3695,xss-reflected,mixed,SonarQube,warning,production,739,0.7756471513849146,3,0.8378394191050323,True
3696,dom-xss,clear_vp,CodeQL,warning,production,222,0.4201017139126546,3,0.21613064250131997,False
3697,rds-public,mixed,CodeQL,warning,production,570,0.12256350490508461,7,0.101949103177291,False
3698,unused-import,clear_fp,CodeQL,none,config,1072,0.20026965086698434,3,0.20501277887948854,True
3699,unused-import,clear_fp,CodeQL,note,production,1811,0.884316008731641,4,0.8796517867203983,True
3700,rds-public,mixed,CodeQL,none,production,1887,0.2038733092321151,6,0.6481003370283095,False
3701,dom-xss,clear_vp,Semgrep,note,test,1272,0.9692344896756502,6,0.932364634469886,False
3702,csrf-missing,mixed,SonarQube,error,config,1604,0.9397677413678219,6,0.25532962440843965,True
3703,insecure-deser,clear_vp,SonarQube,error,production,1556,0.17070614154151065,5,0.8605411182168008,True
3704,open-redirect,mixed,Semgrep,warning,production,1738,0.933016774192637,6,0.15564517480596263,True
3705,weak-cipher,mixed,CodeQL,warning,production,801,0.9450814973291476,4,0.08419140040241757,False
3706,catch-generic,clear_fp,CodeQL,warning,production,1572,0.6210693720525855,1,0.8846490973976132,True
3707,sql-injection,mixed,CodeQL,note,production,1679,0.690019888863465,2,0.19738997908459377,True
3708,path-traversal,mixed,CodeQL,warning,production,1367,0.023016591354532046,4,0.23865935462868781,False
3709,rds-public,mixed,SonarQube,none,config,1680,0.06272173321234975,1,0.04751173143431442,False
3710,malware-callback,clear_vp,SonarQube,note,production,662,0.07793455795010207,5,0.9495314606862237,False
3711,weak-cipher,mixed,Semgrep,note,test,1985,0.17649846702153094,2,0.14086493675762912,True
3712,dns-exfiltration,clear_vp,CodeQL,warning,production,882,0.7015005527537481,4,0.48677818790098815,False
3713,latest-tag,clear_fp,CodeQL,note,config,1132,0.38962633644063405,5,0.016359739509384408,True
3714,ssh-anomaly,mixed,Semgrep,warning,config,1222,0.4001274502455071,5,0.37971183556922017,False
3715,sqli-confirmed,clear_vp,CodeQL,warning,production,315,0.6201558393885646,6,0.7838370915413031,False
3716,deserialization,clear_vp,CodeQL,note,production,1834,0.49321535475745226,4,0.0897196824688209,False
3717,open-redirect,mixed,Semgrep,warning,production,1458,0.059038652941375114,2,0.2915096617251026,False
3718,rce-confirmed,clear_vp,Semgrep,error,production,1732,0.2753323005617132,5,0.5683893669865452,False
3719,ssrf-request,clear_vp,Semgrep,error,production,1218,0.5546870883953902,3,0.5355728923983802,False
3720,public-subnet,mixed,Semgrep,warning,production,662,0.649367437522107,4,0.08372123364828021,True
3721,dom-xss,clear_vp,Semgrep,warning,production,1279,0.5747631414847063,2,0.7965543195275148,False
3722,rce-confirmed,clear_vp,Semgrep,warning,production,1708,0.9265117463890796,5,0.6136554699386831,False
3723,hardcoded-secret,mixed,SonarQube,warning,production,915,0.2890344310916896,5,0.09046554050257127,False
3724,prototype-pollution,mixed,SonarQube,warning,test,1955,0.16033967483999056,3,0.531317240280015,False
3725,eval-detected,clear_fp,CodeQL,none,test,1095,0.36685090338485815,4,0.5421270483633454,True
3726,ssh-anomaly,mixed,Semgrep,error,config,1910,0.2490129466439488,4,0.35324151522683733,False
3727,latest-tag,clear_fp,CodeQL,warning,config,1786,0.05465308291820847,3,0.13784064730259338,True
3728,hardcoded-secret,mixed,Semgrep,error,config,1447,0.561242804020921,6,0.47183076421325076,False
3729,sql-injection,mixed,Semgrep,warning,production,833,0.9359178040884384,4,0.4288394396207411,False
3730,line-too-long,clear_fp,CodeQL,warning,production,571,0.5043706621481342,4,0.20949352395193865,True
3731,sqli-confirmed,clear_vp,CodeQL,error,production,132,0.2505062587698028,3,0.7175558856577388,False
3732,sql-injection,mixed,CodeQL,note,production,1860,0.027651755865255145,5,0.5264511160906317,True
3733,rds-public,mixed,Semgrep,error,production,1204,0.9489888142996964,3,0.5698849771542218,False
3734,eval-detected,clear_fp,CodeQL,error,production,1100,0.007224464694527866,4,0.2481790868147754,True
3735,line-too-long,clear_fp,SonarQube,none,production,149,0.055824722247675096,6,0.05650936534773732,False
3736,bare-except,clear_fp,CodeQL,note,test,158,0.7325308946541129,7,0.9652841479552208,True
3737,todo-comment,clear_fp,CodeQL,warning,infra,874,0.26695828054685034,6,0.9360005533062015,True
3738,prototype-pollution,mixed,CodeQL,warning,production,1560,0.8215990243368775,4,0.8096402163229345,False
3739,dom-xss,clear_vp,SonarQube,note,production,731,0.1011600635049158,5,0.8384969703289348,False
3740,dns-exfiltration,clear_vp,CodeQL,warning,production,1833,0.40875162571118295,3,0.1784370062407763,False
3741,path-traversal,mixed,CodeQL,warning,production,829,0.8764995684121752,11,0.28282130675125805,False
3742,bare-except,clear_fp,CodeQL,note,test,470,0.7461616949731174,4,0.13144386805974007,True
3743,rds-public,mixed,Semgrep,note,production,261,0.7679904683224461,6,0.5171131070513137,False
3744,line-too-long,clear_fp,CodeQL,warning,production,1184,0.5884591228221657,5,0.03457470568556764,True
3745,weak-cipher,mixed,CodeQL,error,test,615,0.9962259659715483,4,0.9173907575248961,False
3746,sqli-confirmed,clear_vp,SonarQube,none,production,752,0.27931609542924873,5,0.6761790944650958,False
3747,line-too-long,clear_fp,Semgrep,warning,production,1217,0.9650698911104829,1,0.5961119735434631,True
3748,hsts-missing,clear_fp,CodeQL,warning,config,1303,0.7793523739302797,11,0.9126496129348101,True
3749,s3-no-encryption,mixed,Semgrep,error,production,653,0.7439254752592964,4,0.4553694785366438,False
3750,rce-confirmed,clear_vp,Semgrep,note,production,403,0.217607720139248,3,0.286296413052077,False
3751,xss-reflected,mixed,Semgrep,note,production,515,0.7735261963759154,2,0.16544267765373588,False
3752,http-404-burst,clear_fp,CodeQL,error,production,1863,0.2213472541913033,7,0.3176940713742138,True
3753,line-too-long,clear_fp,Semgrep,note,production,447,0.44988252305224075,5,0.12399826083488463,True
3754,insecure-deser,clear_vp,CodeQL,warning,test,1154,0.8882641562790223,6,0.39020633965258744,False
3755,deserialization,clear_vp,Semgrep,none,config,394,0.6027010751387972,3,0.7577691683021629,False
3756,command-injection,clear_vp,SonarQube,note,config,1613,0.05782224921932111,7,0.7285695957189922,False
3757,deserialization,clear_vp,Semgrep,note,infra,3,0.27068996571521375,5,0.026083144269060665,False
3758,assert-usage,clear_fp,Semgrep,note,production,1470,0.7687984021056897,6,0.421713201972018,True
3759,rds-public,mixed,SonarQube,note,test,1006,0.9935733094001807,4,0.8306440724614532,True
3760,prototype-pollution,mixed,SonarQube,none,production,1524,0.8670964915987571,1,0.9162215979222146,True
3761,ssrf-request,clear_vp,SonarQube,note,config,747,0.17312849471855007,5,0.6397763240437412,False
3762,ssh-anomaly,mixed,Semgrep,note,config,1063,0.8173547004036422,3,0.24192695598571246,True
3763,latest-tag,clear_fp,CodeQL,error,test,1116,0.08973760106596862,4,0.9948043145672312,True
3764,s3-no-encryption,mixed,CodeQL,error,test,362,0.7653300727930347,8,0.4968953615618763,True
3765,sql-injection,mixed,Semgrep,warning,production,487,0.5052920299046455,3,0.9477987391399227,False
3766,prototype-pollution,mixed,Semgrep,error,production,686,0.06815515565117225,5,0.3403748706200561,False
3767,bare-except,clear_fp,SonarQube,warning,test,1101,0.15251428329954153,5,0.8564951081235301,True
3768,http-404-burst,clear_fp,SonarQube,warning,production,1242,0.8784103861254161,2,0.029723469842756423,True
3769,line-too-long,clear_fp,Semgrep,note,test,812,0.3122854685267412,5,0.20520194705869943,True
3770,insecure-deser,clear_vp,CodeQL,warning,test,1149,0.8973788809763025,4,0.10658540613553324,False
3771,ssh-anomaly,mixed,CodeQL,note,test,667,0.7672590526426567,2,0.6760471505926748,True
3772,line-too-long,clear_fp,CodeQL,warning,production,1019,0.5204984215032535,5,0.19341833803845876,True
3773,hardcoded-secret,mixed,CodeQL,warning,infra,217,0.8407615378270457,5,0.6381345926459039,False
3774,sqli-confirmed,clear_vp,SonarQube,warning,infra,1678,0.4765535817914388,3,0.8129514030252077,False
3775,catch-generic,clear_fp,CodeQL,note,production,290,0.6504591030736049,6,0.018305199092172875,True
3776,latest-tag,clear_fp,SonarQube,note,test,173,0.5002730308349489,7,0.9963574617147924,True
3777,rds-public,mixed,CodeQL,error,test,1510,0.7239296460154007,5,0.611415804213893,False
3778,sql-injection,mixed,CodeQL,note,config,1535,0.10789452149431611,5,0.10087665686142466,True
3779,command-injection,clear_vp,SonarQube,note,production,888,0.14110605260288656,5,0.688968769392661,True
3780,unused-import,clear_fp,Semgrep,warning,production,1627,0.1768292035578407,2,0.7713817267601133,True
3781,malware-callback,clear_vp,Semgrep,error,production,1987,0.7533282522493775,8,0.7501667955614231,False
3782,sql-injection,mixed,SonarQube,note,config,815,0.6589220591206645,3,0.8404140514049626,True
3783,hsts-missing,clear_fp,Semgrep,note,production,1711,0.8796069794422343,4,0.9583570173453824,True
3784,path-traversal,mixed,Semgrep,warning,test,24,0.7815680695482563,3,0.1897191761864585,True
3785,rce-confirmed,clear_vp,Semgrep,note,infra,656,0.8696513141575588,2,0.031516750303436925,False
3786,ssrf-request,clear_vp,CodeQL,warning,production,1908,0.18302004019666507,5,0.8733289529099255,False
3787,csrf-missing,mixed,CodeQL,warning,infra,1546,0.9907541439057329,4,0.5276049968325719,False
3788,public-subnet,mixed,CodeQL,warning,config,292,0.2914953128137918,5,0.22910938217988153,False
3789,bare-except,clear_fp,SonarQube,note,test,1823,0.28729716842346653,5,0.9386667906605295,True
3790,xss-reflected,mixed,Semgrep,warning,infra,388,0.5237078439147541,5,0.6496955175844024,True
3791,command-injection,clear_vp,CodeQL,error,config,1583,0.774131395527919,3,0.865936623076563,False
3792,line-too-long,clear_fp,SonarQube,note,production,1303,0.46274713355342556,5,0.557154626768712,True
3793,latest-tag,clear_fp,CodeQL,error,production,134,0.7537856986495822,5,0.4691075575048237,True
3794,open-redirect,mixed,CodeQL,warning,production,1972,0.20247984338954794,5,0.42026528705575206,True
3795,csrf-missing,mixed,CodeQL,note,infra,200,0.18681971353030924,5,0.9266887885787474,False
3796,sqli-confirmed,clear_vp,CodeQL,error,production,46,0.23737499015835395,1,0.4686041429525718,False
3797,eval-detected,clear_fp,SonarQube,none,production,646,0.3027482921051716,5,0.25383908158589363,True
3798,weak-cipher,mixed,SonarQube,none,config,1576,0.019022833155434737,4,0.13159923134454954,False
3799,csrf-missing,mixed,SonarQube,note,test,1247,0.10094388985979275,4,0.6490233084808439,True
3800,http-404-burst,clear_fp,CodeQL,warning,production,1994,0.22556889044896944,2,0.886803522890165,True
3801,malware-callback,clear_vp,CodeQL,warning,production,1948,0.5666990593413628,2,0.9270254927562308,False
3802,dom-xss,clear_vp,SonarQube,warning,test,1065,0.34113177105898296,4,0.21932250698204248,False
3803,deserialization,clear_vp,CodeQL,warning,production,1962,0.27865804012965656,3,0.7607582987397118,False
3804,ssrf-request,clear_vp,SonarQube,note,config,1647,0.4416175042439686,5,0.13973270283238381,True
3805,catch-generic,clear_fp,CodeQL,error,production,1951,0.057505923768884304,3,0.3917270734234729,True
3806,s3-no-encryption,mixed,Semgrep,error,production,1157,0.40534498930951024,3,0.6596073963973953,False
3807,ssh-anomaly,mixed,SonarQube,error,production,888,0.14861436268680206,7,0.560068379837828,False
3808,catch-generic,clear_fp,Semgrep,none,production,1712,0.22876992209875058,6,0.3212971185976212,True
3809,malware-callback,clear_vp,CodeQL,note,production,696,0.7483557882453601,5,0.5461777326867531,False
3810,dom-xss,clear_vp,SonarQube,error,production,1410,0.02214346516607324,1,0.7919828322249004,False
3811,hardcoded-secret,mixed,CodeQL,warning,test,417,0.5398293228683627,2,0.8406953312901732,True
3812,gdpr-data-leak,clear_vp,SonarQube,error,production,619,0.6391574958113206,5,0.9256189177484868,False
3813,hardcoded-secret,mixed,CodeQL,error,test,1953,0.40282904944724807,3,0.777386720373004,True
3814,assert-usage,clear_fp,SonarQube,note,infra,1886,0.22389015526285794,2,0.995500629338827,True
3815,public-subnet,mixed,CodeQL,note,test,1148,0.15472807515135856,3,0.6439462387006476,True
3816,ssh-anomaly,mixed,SonarQube,warning,production,895,0.24737415192243084,4,0.7873660908161284,True
3817,weak-cipher,mixed,Semgrep,error,production,1079,0.2249667229079365,2,0.11415590398868325,False
3818,malware-callback,clear_vp,SonarQube,warning,test,1329,0.3708968698633517,2,0.2132907023759415,False
3819,deserialization,clear_vp,SonarQube,error,test,1771,0.2204736423667888,2,0.3622472304368498,True
3820,eval-detected,clear_fp,SonarQube,warning,production,1446,0.8220654107753492,2,0.6030747041042436,True
3821,insecure-deser,clear_vp,SonarQube,warning,infra,1012,0.32008585227200825,7,0.8657210309006429,False
3822,line-too-long,clear_fp,Semgrep,warning,production,1466,0.48568307264634547,6,0.8587122684503627,True
3823,public-subnet,mixed,SonarQube,warning,production,1380,0.5848840339691468,4,0.3630350497067144,True
3824,command-injection,clear_vp,SonarQube,warning,production,12,0.7075304856255801,4,0.22560903145103017,False
3825,dom-xss,clear_vp,Semgrep,warning,production,200,0.19245641508555444,6,0.7803592418523506,False
3826,rds-public,mixed,Semgrep,error,production,319,0.9815464057362451,6,0.9485549530685777,False
3827,unused-import,clear_fp,SonarQube,error,test,1692,0.022492918380839333,8,0.7493806600263511,True
3828,sql-injection,mixed,SonarQube,note,production,1717,0.962198781312535,2,0.8195368624915553,True
3829,eval-detected,clear_fp,CodeQL,warning,production,416,0.3480100518442455,6,0.2514497798640344,True
3830,xss-reflected,mixed,Semgrep,warning,test,265,0.42999491345936813,3,0.7697202901094121,True
3831,command-injection,clear_vp,Semgrep,warning,production,989,0.1363017234258097,3,0.14843740362464053,False
3832,command-injection,clear_vp,CodeQL,note,config,450,0.847762385636098,2,0.5026165965018025,True
3833,path-traversal,mixed,Semgrep,error,infra,749,0.9189520600707842,3,0.9293068592750007,False
3834,rds-public,mixed,Semgrep,note,test,846,0.1253656196435995,4,0.7693713544830807,True
3835,dom-xss,clear_vp,SonarQube,error,production,1438,0.5735863620982109,6,0.6420699995987295,False
3836,bare-except,clear_fp,Semgrep,note,production,790,0.9537034333614168,5,0.20147894580944614,True
3837,malware-callback,clear_vp,Semgrep,warning,production,1547,0.42445599470508266,7,0.0588666075612756,False
3838,dom-xss,clear_vp,SonarQube,note,test,1698,0.06096164472565491,4,0.4323021176240449,False
3839,open-redirect,mixed,Semgrep,warning,production,1433,0.8501102247156406,6,0.8126178137471891,True
3840,sql-injection,mixed,Semgrep,none,test,1333,0.5789904363468589,6,0.7745439718501574,True
3841,xss-reflected,mixed,CodeQL,none,config,631,0.9323537943249872,3,0.6908749435713153,True
3842,weak-cipher,mixed,Semgrep,note,config,6,0.982782403784324,4,0.24726655077028548,True
3843,catch-generic,clear_fp,CodeQL,note,infra,499,0.2070943421658067,2,0.8734326730868756,False
3844,csrf-missing,mixed,CodeQL,error,production,356,0.3064772906306561,4,0.8947148278156032,False
3845,sql-injection,mixed,CodeQL,note,production,1303,0.32549632424896835,7,0.6642748574330725,True
3846,todo-comment,clear_fp,SonarQube,warning,production,1925,0.08059272684742724,1,0.1057364308361799,True
3847,rce-confirmed,clear_vp,SonarQube,warning,test,1403,0.5600539800149753,3,0.9702351551945143,False
3848,hsts-missing,clear_fp,Semgrep,warning,production,627,0.9035609425685026,4,0.5238033982071795,True
3849,line-too-long,clear_fp,SonarQube,warning,config,1927,0.22290187332407219,3,0.26691839328168754,True
3850,bare-except,clear_fp,CodeQL,note,production,1673,0.6359616799906118,4,0.5530622776945526,True
3851,catch-generic,clear_fp,CodeQL,error,production,1771,0.503972159283915,7,0.3144610228490098,True
3852,weak-cipher,mixed,CodeQL,warning,production,494,0.7717489419531949,5,0.08975068413476972,False
3853,sqli-confirmed,clear_vp,Semgrep,warning,infra,1270,0.49491920263516687,5,0.1595502448478444,False
3854,malware-callback,clear_vp,Semgrep,none,config,1608,0.3430737347379593,4,0.5587554896490587,False
3855,dom-xss,clear_vp,Semgrep,note,production,270,0.25613082135186227,3,0.42926654176391044,False
3856,bare-except,clear_fp,CodeQL,note,production,102,0.5038355374003791,4,0.8128447398328611,False
3857,gdpr-data-leak,clear_vp,Semgrep,none,config,444,0.7543027056034222,3,0.36089353780758826,False
3858,assert-usage,clear_fp,Semgrep,warning,test,1337,0.0025203000752956894,2,0.632255090885571,True
3859,assert-usage,clear_fp,SonarQube,warning,production,1090,0.18358134806758564,2,0.738651190015915,True
3860,weak-cipher,mixed,Semgrep,note,production,522,0.2080716981913151,4,0.6506979862804624,False
3861,xss-reflected,mixed,SonarQube,note,production,407,0.9825045235234476,6,0.6712085615338034,True
3862,ssh-anomaly,mixed,CodeQL,error,test,861,0.8952776943481349,5,0.8727959651265886,False
3863,ssh-anomaly,mixed,SonarQube,none,production,553,0.0024137544009764644,1,0.2850010200860553,False
3864,sql-injection,mixed,Semgrep,warning,test,357,0.8759557404446088,2,0.5909707209762183,True
3865,open-redirect,mixed,CodeQL,error,production,721,0.9868686577301626,2,0.41121200146280434,False
3866,deserialization,clear_vp,Semgrep,note,production,1478,0.11361403974255613,2,0.6131770705436891,False
3867,dns-exfiltration,clear_vp,SonarQube,warning,production,612,0.9276767888965325,6,0.6747534225784977,False
3868,eval-detected,clear_fp,Semgrep,note,infra,1700,0.719103004055309,2,0.5386705050648336,True
3869,ssh-anomaly,mixed,SonarQube,note,config,1615,0.6955029638068156,2,0.7824083350258016,True
3870,hsts-missing,clear_fp,SonarQube,none,config,210,0.9956962067708389,3,0.14103811811415923,True
3871,dns-exfiltration,clear_vp,CodeQL,note,test,424,0.1834743931396169,4,0.9614604152433822,False
3872,sql-injection,mixed,CodeQL,warning,config,1624,0.3060591456539016,6,0.24595659442659334,False
3873,path-traversal,mixed,CodeQL,none,config,129,0.7175430606957452,3,0.7116955497571892,False
3874,deserialization,clear_vp,Semgrep,note,config,1217,0.3616742644635794,4,0.21716965699461377,True
3875,eval-detected,clear_fp,Semgrep,warning,production,1659,0.5260218124724652,3,0.10422247104014648,True
3876,todo-comment,clear_fp,CodeQL,warning,production,1824,0.30271738804423864,3,0.08751669408653406,True
3877,eval-detected,clear_fp,SonarQube,note,infra,1795,0.9523042735732603,4,0.5513321859508514,True
3878,line-too-long,clear_fp,CodeQL,warning,test,879,0.6003544411868631,5,0.8141358790122647,True
3879,unused-import,clear_fp,Semgrep,note,production,163,0.640029064525529,2,0.9289003666259286,True
3880,hardcoded-secret,mixed,Semgrep,warning,test,280,0.6075578824424942,5,0.6445037034087543,False
3881,sql-injection,mixed,SonarQube,warning,production,1172,0.40257713757209745,4,0.3594266048828204,False
3882,dom-xss,clear_vp,Semgrep,error,production,1065,0.548466065090201,7,0.1301936823064349,False
3883,latest-tag,clear_fp,CodeQL,note,test,1510,0.07255885034049636,7,0.3258268296965062,True
3884,prototype-pollution,mixed,CodeQL,error,test,1642,0.6982387253870641,4,0.18658516530271174,True
3885,line-too-long,clear_fp,Semgrep,none,production,1300,0.650425828541997,7,0.849001603880001,True
3886,csrf-missing,mixed,Semgrep,warning,test,1810,0.7105820035123404,4,0.49038040898953894,False
3887,open-redirect,mixed,Semgrep,warning,production,1878,0.9432525046585446,6,0.7333692495025147,False
3888,rce-confirmed,clear_vp,SonarQube,note,production,1472,0.4248333124131186,4,0.2791589280594491,False
3889,rce-confirmed,clear_vp,Semgrep,warning,config,1003,0.2948702313015964,5,0.2307715444640489,False
3890,ssrf-request,clear_vp,Semgrep,warning,test,1414,0.12093998581723209,4,0.3984006820853855,True
3891,line-too-long,clear_fp,Semgrep,note,test,753,0.07539725275349596,5,0.8907793351906866,True
3892,open-redirect,mixed,Semgrep,error,production,1109,0.1464245835292287,1,0.6229898221062107,False
3893,rce-confirmed,clear_vp,Semgrep,note,production,193,0.17840133669177904,1,0.7966182847273643,False
3894,dns-exfiltration,clear_vp,SonarQube,warning,test,462,0.7807611993113608,6,0.47518365840138976,False
3895,sqli-confirmed,clear_vp,CodeQL,warning,production,434,0.9530951580921013,6,0.8231003749624403,False
3896,insecure-deser,clear_vp,SonarQube,warning,production,1416,0.9098020051606125,5,0.5745293378042062,False
3897,catch-generic,clear_fp,Semgrep,warning,config,518,0.5594572069775786,4,0.7358679195411881,True
3898,line-too-long,clear_fp,Semgrep,warning,production,541,0.12139024703924195,2,0.4559102394272597,True
3899,todo-comment,clear_fp,Semgrep,warning,config,388,0.1681503640130737,6,0.01155959021842845,True
3900,assert-usage,clear_fp,SonarQube,note,production,1820,0.7933004774103111,3,0.05085642372867716,True
3901,gdpr-data-leak,clear_vp,CodeQL,warning,test,360,0.32735516899399575,4,0.879689713035486,False
3902,command-injection,clear_vp,CodeQL,warning,production,1589,0.019605097405746785,3,0.22549422139854935,False
3903,http-404-burst,clear_fp,Semgrep,error,infra,1431,0.6727089801005693,6,0.7637157975313548,False
3904,command-injection,clear_vp,Semgrep,warning,test,430,0.036273043112324044,5,0.9675735446534695,False
3905,sqli-confirmed,clear_vp,Semgrep,warning,config,154,0.76320796072394,3,0.46086827153213883,False
3906,csrf-missing,mixed,Semgrep,note,test,1876,0.8729701242413612,4,0.8502400275958112,True
3907,rds-public,mixed,CodeQL,error,production,1031,0.6485521398809275,2,0.23246533705550199,False
3908,gdpr-data-leak,clear_vp,SonarQube,error,production,972,0.8483575426296692,7,0.0018202859543609007,False
3909,command-injection,clear_vp,Semgrep,note,production,454,0.8151226080257811,2,0.6955214114117233,False
3910,ssh-anomaly,mixed,SonarQube,warning,production,1853,0.048348831512179946,3,0.7200334655750557,False
3911,prototype-pollution,mixed,CodeQL,note,test,327,0.4086275411554987,3,0.5120321413998116,True
3912,hardcoded-secret,mixed,SonarQube,error,production,1021,0.9445400439950414,2,0.018139833893020874,False
3913,hardcoded-secret,mixed,CodeQL,note,infra,801,0.9247692713185036,1,0.5162399987841801,True
3914,malware-callback,clear_vp,SonarQube,error,production,265,0.6981560032046488,5,0.5595806410081322,False
3915,todo-comment,clear_fp,Semgrep,error,infra,340,0.9756427796199837,2,0.11550108578028184,True
3916,weak-cipher,mixed,Semgrep,note,production,1990,0.8725770607337897,5,0.47522934921270843,True
3917,ssrf-request,clear_vp,Semgrep,error,production,1791,0.24326015657943256,2,0.12612951522186056,False
3918,rce-confirmed,clear_vp,CodeQL,warning,production,552,0.8111088897307067,5,0.6243831421641157,False
3919,ssh-anomaly,mixed,SonarQube,error,infra,967,0.6069026463776993,3,0.5623941342569484,False
3920,line-too-long,clear_fp,Semgrep,note,infra,1464,0.28673835319886287,4,0.1589762475708799,True
3921,insecure-deser,clear_vp,Semgrep,note,production,330,0.5892359931065578,2,0.155840592667157,False
3922,ssrf-request,clear_vp,Semgrep,none,config,141,0.9194907791430668,5,0.4789633474805014,False
3923,ssh-anomaly,mixed,CodeQL,none,production,318,0.05136388245689105,4,0.9247294989035056,True
3924,sqli-confirmed,clear_vp,CodeQL,warning,test,314,0.13174102607089022,3,0.9949875807649443,False
3925,sqli-confirmed,clear_vp,Semgrep,warning,production,1931,0.7715513817280731,2,0.22337423832677739,False
3926,xss-reflected,mixed,CodeQL,note,infra,1423,0.3684501170909421,4,0.3568268184682595,True
3927,eval-detected,clear_fp,SonarQube,note,test,1179,0.22288988188496128,3,0.49162265378765035,True
3928,path-traversal,mixed,SonarQube,note,test,691,0.26780594881966024,4,0.29262885801284133,True
3929,path-traversal,mixed,Semgrep,note,test,776,0.8864708469902575,4,0.16140418009409574,True
3930,sqli-confirmed,clear_vp,SonarQube,note,config,1384,0.8050508034826726,3,0.396962051481936,False
3931,open-redirect,mixed,SonarQube,none,test,1828,0.4119424885701316,5,0.4511541176142554,True
3932,public-subnet,mixed,CodeQL,note,config,1205,0.2105211675231342,5,0.46859850872883535,True
3933,bare-except,clear_fp,Semgrep,warning,test,1880,0.40409267657044756,4,0.1707764063306907,True
3934,prototype-pollution,mixed,SonarQube,none,production,782,0.37895667084721674,2,0.10232172214902313,True
3935,assert-usage,clear_fp,Semgrep,note,production,965,0.6178864171948737,3,0.2525734002981378,True
3936,unused-import,clear_fp,SonarQube,warning,production,958,0.8407205305924315,2,0.9253520864850406,True
3937,xss-reflected,mixed,CodeQL,warning,config,1678,0.08123489533081973,5,0.9132123439779632,True
3938,insecure-deser,clear_vp,SonarQube,warning,production,1019,0.850153286593384,5,0.9618595505504348,False
3939,s3-no-encryption,mixed,SonarQube,error,infra,1866,0.31696778512490753,5,0.19280892288619422,False
3940,csrf-missing,mixed,SonarQube,none,test,1769,0.9140307732021125,6,0.31255441720335453,True
3941,bare-except,clear_fp,CodeQL,note,config,1577,0.569435089863214,7,0.7378861824162857,True
3942,hsts-missing,clear_fp,Semgrep,error,production,476,0.7882764421149684,5,0.13553450903434294,True
3943,unused-import,clear_fp,CodeQL,note,test,457,0.15493808214428262,4,0.5274540476799697,True
3944,path-traversal,mixed,Semgrep,warning,production,930,0.7901335694151728,5,0.3500176092979035,False
3945,rds-public,mixed,SonarQube,none,production,1707,0.3455649216780119,7,0.10092867658942395,False
3946,weak-cipher,mixed,Semgrep,error,test,1823,0.8534343539354857,4,0.4869644746373675,True
3947,rds-public,mixed,SonarQube,warning,production,579,0.48867349067329224,3,0.12585603697380576,False
3948,csrf-missing,mixed,CodeQL,note,test,126,0.10566084814041343,3,0.7081158446400949,True
3949,deserialization,clear_vp,CodeQL,note,production,1748,0.806417708206349,4,0.5354718292690596,False
3950,http-404-burst,clear_fp,CodeQL,warning,test,1066,0.34074787125338224,3,0.5642760870141527,True
3951,prototype-pollution,mixed,Semgrep,warning,test,323,0.6783716014112628,3,0.4658476559532664,True
3952,dom-xss,clear_vp,SonarQube,note,production,1439,0.6050186841105047,6,0.6000828057855054,True
3953,csrf-missing,mixed,Semgrep,none,config,334,0.20229126617400095,5,0.2443111287397669,True
3954,latest-tag,clear_fp,SonarQube,error,config,365,0.052597204616885995,4,0.7955515739484162,True
3955,s3-no-encryption,mixed,SonarQube,note,production,214,0.8750892674500069,6,0.8048540948948172,True
3956,gdpr-data-leak,clear_vp,CodeQL,warning,test,909,0.15524052887455475,1,0.9115506334512585,False
3957,unused-import,clear_fp,SonarQube,warning,production,1559,0.8046414374683287,6,0.844875928056857,True
3958,bare-except,clear_fp,SonarQube,warning,config,915,0.427588073647322,2,0.1903425410760331,True
3959,s3-no-encryption,mixed,SonarQube,warning,production,237,0.5303496335753262,3,0.5055952520052315,True
3960,xss-reflected,mixed,CodeQL,warning,test,1861,0.8699080454614724,7,0.6670464163817288,True
3961,deserialization,clear_vp,CodeQL,warning,config,1927,0.4304763161943558,6,0.2974006511669872,False
3962,command-injection,clear_vp,CodeQL,note,test,679,0.9674990807248545,7,0.27964137902915165,False
3963,todo-comment,clear_fp,SonarQube,warning,production,347,0.9866312582268426,4,0.5105290196508909,True
3964,dom-xss,clear_vp,SonarQube,none,config,1746,0.9693580578479136,6,0.8677790348189968,False
3965,ssrf-request,clear_vp,SonarQube,none,config,1910,0.2451932759094887,3,0.7332202838702865,False
3966,xss-reflected,mixed,Semgrep,warning,test,221,0.759606345267944,6,0.9032360786937701,True
3967,deserialization,clear_vp,SonarQube,error,infra,727,0.7329511531051287,7,0.21184777691520362,False
3968,ssh-anomaly,mixed,CodeQL,none,infra,1995,0.5921207196064159,2,0.3365760417373901,False
3969,xss-reflected,mixed,SonarQube,error,test,484,0.0012833632293802744,3,0.4268917759394214,False
3970,line-too-long,clear_fp,Semgrep,warning,production,599,0.6401597975823332,3,0.04187634959247577,True
3971,gdpr-data-leak,clear_vp,CodeQL,note,production,171,0.31922284374276866,5,0.3964085032994238,False
3972,line-too-long,clear_fp,SonarQube,error,production,728,0.5594708404584525,5,0.19163886231518135,False
3973,weak-cipher,mixed,Semgrep,error,test,741,0.1102927350357904,5,0.6644883096645599,True
3974,sql-injection,mixed,Semgrep,warning,config,983,0.5987176354765825,5,0.07680267760329285,False
3975,weak-cipher,mixed,Semgrep,error,infra,633,0.08100094938213753,5,0.6695657281670652,True
3976,csrf-missing,mixed,CodeQL,warning,production,628,0.25260593868100445,6,0.2898938662071422,False
3977,todo-comment,clear_fp,SonarQube,error,infra,934,0.8337531729116299,2,0.3994665315692747,True
3978,hardcoded-secret,mixed,Semgrep,note,test,92,0.10756797182901556,4,0.6883128325456186,True
3979,catch-generic,clear_fp,CodeQL,note,config,1435,0.526284558577656,3,0.4378457666947734,False
3980,latest-tag,clear_fp,Semgrep,warning,production,602,0.06607379051115492,4,0.04999201489531391,True
3981,command-injection,clear_vp,SonarQube,note,config,998,0.3534571601910754,6,0.8161470881619715,False
3982,gdpr-data-leak,clear_vp,Semgrep,warning,production,784,0.9545843338205157,5,0.3588344189376822,False
3983,command-injection,clear_vp,Semgrep,error,production,1333,0.07829095113828477,3,0.6414374669360187,False
3984,csrf-missing,mixed,CodeQL,warning,test,1331,0.2556894437565972,5,0.2531276071443197,True
3985,unused-import,clear_fp,SonarQube,warning,config,279,0.6636969878549185,3,0.7001708891706963,True
3986,weak-cipher,mixed,SonarQube,none,test,1650,0.7573533616931093,4,0.468502330343635,True
3987,malware-callback,clear_vp,CodeQL,note,production,511,0.7297917386892537,3,0.08802943947316588,False
3988,ssh-anomaly,mixed,Semgrep,note,infra,1360,0.7514436634410435,8,0.9125199712329644,False
3989,hardcoded-secret,mixed,SonarQube,error,production,1588,0.08210830791485846,3,0.7216610089254542,False
3990,bare-except,clear_fp,CodeQL,error,config,29,0.5182982836862439,5,0.25942913742305196,True
3991,latest-tag,clear_fp,Semgrep,warning,test,1849,0.7056898044271013,4,0.08142208173004839,True
3992,assert-usage,clear_fp,Semgrep,none,production,1562,0.3735965189136984,6,0.2353816791856309,True
3993,prototype-pollution,mixed,CodeQL,warning,config,310,0.019646572688131303,6,0.7299179753469166,False
3994,s3-no-encryption,mixed,Semgrep,error,test,281,0.10614717788726769,2,0.032789015079835115,False
3995,bare-except,clear_fp,SonarQube,error,config,1011,0.6860858205232889,5,0.4935903854691277,True
3996,open-redirect,mixed,SonarQube,none,config,1829,0.9535987193653255,4,0.8196976747735639,False
3997,eval-detected,clear_fp,Semgrep,warning,config,1296,0.6812302239799051,6,0.8521950624706888,True
3998,csrf-missing,mixed,SonarQube,warning,infra,89,0.3146323070668885,8,0.6717057495677186,False
3999,sqli-confirmed,clear_vp,CodeQL,note,infra,145,0.13588154722685541,6,0.13880668399252027,False
4000,http-404-burst,clear_fp,Semgrep,warning,test,876,0.8055301539134709,7,0.4001691234605622,True
4001,deserialization,clear_vp,CodeQL,none,infra,1579,0.42265841868894627,5,0.2921645707322089,False
4002,line-too-long,clear_fp,SonarQube,warning,infra,1838,0.6169203282775012,6,0.1625441896625357,True
4003,open-redirect,mixed,CodeQL,warning,production,580,0.6628561548999538,3,0.5027217241338562,False
4004,open-redirect,mixed,Semgrep,none,config,544,0.15338021757787612,1,0.5853713677696333,True
4005,deserialization,clear_vp,SonarQube,note,test,1861,0.8870339626937873,6,0.1167618995495543,False
4006,hardcoded-secret,mixed,CodeQL,note,config,1205,0.188719798981151,5,0.26418951076564345,True
4007,sql-injection,mixed,Semgrep,note,config,1041,0.854267132457655,2,0.45688455572250486,True
4008,eval-detected,clear_fp,CodeQL,error,config,778,0.15816354841965719,3,0.03924424469656673,True
4009,path-traversal,mixed,SonarQube,error,production,109,0.004468935929150097,6,0.14059517570820057,False
4010,assert-usage,clear_fp,CodeQL,error,infra,215,0.4048722519499627,5,0.20964166385757987,True
4011,hardcoded-secret,mixed,Semgrep,none,test,1372,0.3349523677674553,5,0.6628112029121311,True
4012,bare-except,clear_fp,CodeQL,note,production,770,0.665330643864542,4,0.73860478857375,True
4013,todo-comment,clear_fp,CodeQL,note,production,804,0.05492542311639437,5,0.23278357130008986,True
4014,malware-callback,clear_vp,Semgrep,warning,infra,435,0.8893611551466305,4,0.8644671613372593,False
4015,dom-xss,clear_vp,CodeQL,error,config,960,0.21859937811150854,2,0.6002811823322504,False
4016,hsts-missing,clear_fp,SonarQube,note,production,429,0.9542988498767065,5,0.04254736947961413,True
4017,bare-except,clear_fp,CodeQL,note,test,1531,0.4159554816833432,1,0.8656879191031811,True
4018,malware-callback,clear_vp,CodeQL,note,config,384,0.07290738972253885,3,0.699660377304932,False
4019,public-subnet,mixed,Semgrep,note,test,822,0.42878551378884966,5,0.10145725751466139,True
4020,catch-generic,clear_fp,CodeQL,note,production,1204,0.2461156854052332,2,0.5182564499608501,True
4021,bare-except,clear_fp,SonarQube,error,config,751,0.25458493477259625,4,0.6542476357112096,False
4022,eval-detected,clear_fp,SonarQube,note,production,561,0.6527868089091818,8,0.2634927447006429,True
4023,dom-xss,clear_vp,CodeQL,warning,production,1143,0.9069642293499606,6,0.1412579532039594,False
4024,line-too-long,clear_fp,SonarQube,note,production,1540,0.30074635652914905,4,0.6269681612612399,True
4025,sqli-confirmed,clear_vp,SonarQube,warning,test,278,0.16994086058660096,3,0.42843029239854435,False
4026,malware-callback,clear_vp,CodeQL,warning,production,1913,0.04682810871094256,1,0.7324986832861841,False
4027,dom-xss,clear_vp,SonarQube,note,config,1141,0.5366930697557386,3,0.15848905892347775,False
4028,path-traversal,mixed,SonarQube,note,production,1788,0.9985456537471847,5,0.3339515191495839,False
4029,s3-no-encryption,mixed,Semgrep,warning,infra,1131,0.9567420381914412,2,0.8823066115545114,False
4030,path-traversal,mixed,Semgrep,note,production,261,0.027696449045257032,5,0.04891887166236297,False
4031,malware-callback,clear_vp,Semgrep,warning,config,1871,0.6288027342341805,3,0.5346362815108355,False
4032,latest-tag,clear_fp,SonarQube,note,infra,1439,0.07071678453876884,1,0.2152064216561842,True
4033,public-subnet,mixed,CodeQL,note,test,1348,0.7911418694214604,5,0.9877372121355908,True
4034,sql-injection,mixed,Semgrep,note,production,1746,0.3268434897725141,4,0.9591050920796886,False
4035,sql-injection,mixed,Semgrep,warning,production,547,0.7470052856214844,5,0.4826514814551971,False
4036,s3-no-encryption,mixed,CodeQL,warning,config,1795,0.06467922572660423,6,0.6678228542386297,False
4037,gdpr-data-leak,clear_vp,SonarQube,warning,test,1296,0.6939848028351275,5,0.4995861547262743,True
4038,gdpr-data-leak,clear_vp,CodeQL,none,production,1140,0.47934635126746983,6,0.7193559118751524,False
4039,sql-injection,mixed,Semgrep,warning,test,1774,0.17150980177453623,6,0.1481069495585422,True
4040,open-redirect,mixed,Semgrep,warning,production,1368,0.05794038861610584,5,0.19342757400289878,True
4041,s3-no-encryption,mixed,SonarQube,note,production,1233,0.7888269344021952,4,0.7768147737056363,True
4042,gdpr-data-leak,clear_vp,Semgrep,none,config,981,0.6148698648988196,2,0.4290642684911974,False
4043,catch-generic,clear_fp,CodeQL,note,production,1663,0.885522416889137,7,0.5227550364437841,True
4044,prototype-pollution,mixed,SonarQube,note,production,1660,0.43537120114261485,4,0.9843092318677807,True
4045,hardcoded-secret,mixed,Semgrep,error,production,1012,0.18747426948691115,2,0.5713426643642829,False
4046,eval-detected,clear_fp,CodeQL,error,production,483,0.4380897132551471,5,0.5819136486070244,True
4047,eval-detected,clear_fp,SonarQube,warning,config,1197,0.07376388423293123,6,0.4569731409090607,True
4048,path-traversal,mixed,SonarQube,warning,test,1729,0.8713644123370684,1,0.3168003436488117,True
4049,insecure-deser,clear_vp,SonarQube,warning,production,853,0.33583300948662287,8,0.6261178359654517,False
4050,prototype-pollution,mixed,CodeQL,error,production,1961,0.49107535437708927,3,0.04295016435011911,False
4051,ssrf-request,clear_vp,Semgrep,error,production,1679,0.21054559333155676,3,0.017425461908900042,False
4052,line-too-long,clear_fp,CodeQL,error,config,1953,0.6921482253005424,3,0.061935588205833,True
4053,unused-import,clear_fp,CodeQL,warning,production,115,0.042965885869543974,7,0.551477049190772,True
4054,unused-import,clear_fp,SonarQube,note,infra,905,0.7944629620678398,1,0.41766258273891077,True
4055,bare-except,clear_fp,Semgrep,none,config,609,0.2648659824493186,3,0.7105853326512335,True
4056,ssh-anomaly,mixed,CodeQL,note,production,896,0.22368239118076783,6,0.34479531839634947,True
4057,line-too-long,clear_fp,Semgrep,note,infra,302,0.8283416697105109,8,0.6871310582814713,True
4058,xss-reflected,mixed,CodeQL,error,config,133,0.15271278534313093,5,0.21907763980131123,False
4059,weak-cipher,mixed,CodeQL,warning,production,121,0.3291509647488121,4,0.9495722956353171,False
4060,sql-injection,mixed,CodeQL,error,test,1524,0.23801586227688476,3,0.49030923329937137,True
4061,ssh-anomaly,mixed,CodeQL,error,production,1816,0.2776388002143939,4,0.28052222798144766,False
4062,public-subnet,mixed,CodeQL,warning,config,804,0.49564466957127484,4,0.21068248780096244,False
4063,malware-callback,clear_vp,CodeQL,none,test,52,0.5576882054129162,2,0.30630206036079477,False
4064,prototype-pollution,mixed,SonarQube,error,config,1659,0.7992794232748571,3,0.3788293108584687,False
4065,http-404-burst,clear_fp,CodeQL,none,test,792,0.10903298741953338,6,0.9614773046181858,True
4066,dom-xss,clear_vp,CodeQL,none,test,155,0.05314362067519263,2,0.276803344534693,False
4067,unused-import,clear_fp,Semgrep,note,test,1831,0.39110433951281687,1,0.7616854184723676,True
4068,s3-no-encryption,mixed,SonarQube,warning,production,1751,0.7642328616466826,4,0.16249115811654524,False
4069,xss-reflected,mixed,SonarQube,error,infra,1516,0.988251801543263,3,0.8124923592305138,True
4070,weak-cipher,mixed,CodeQL,warning,test,87,0.052582561821875484,2,0.7509818930403453,False
4071,line-too-long,clear_fp,SonarQube,error,production,17,0.8821563430745782,4,0.5457148704730019,False
4072,line-too-long,clear_fp,SonarQube,warning,test,1181,0.5826478031178226,7,0.46493312926432817,True
4073,deserialization,clear_vp,SonarQube,error,production,1541,0.6176927346525111,6,0.6131422287700009,False
4074,dom-xss,clear_vp,SonarQube,none,config,1415,0.9005675272993175,3,0.36584560414828526,False
4075,command-injection,clear_vp,CodeQL,note,config,1917,0.2634058445078903,6,0.712310123631173,False
4076,hsts-missing,clear_fp,CodeQL,note,production,990,0.1925584251964374,5,0.8484841303101982,True
4077,prototype-pollution,mixed,Semgrep,note,production,1666,0.015363448535070878,2,0.5642366015593194,True
4078,rce-confirmed,clear_vp,Semgrep,note,config,1566,0.09558408116675032,5,0.4862490489992497,False
4079,latest-tag,clear_fp,SonarQube,warning,production,1278,0.8899432908591449,5,0.13610603518478648,True
4080,unused-import,clear_fp,Semgrep,error,test,278,0.5709357256381633,5,0.703018481116219,True
4081,sql-injection,mixed,CodeQL,note,config,222,0.11968553675881033,5,0.15771592028800485,True
4082,todo-comment,clear_fp,CodeQL,note,production,562,0.8484801395164083,4,0.7261121651569413,True
4083,ssrf-request,clear_vp,SonarQube,none,config,891,0.6417302156108583,6,0.21645277348432967,False
4084,latest-tag,clear_fp,CodeQL,note,config,1747,0.260474848845503,2,0.6109280808712562,True
4085,hsts-missing,clear_fp,Semgrep,none,test,398,0.13251398168658224,5,0.6633468314423038,False
4086,ssh-anomaly,mixed,SonarQube,error,production,602,0.07508791220455469,8,0.4033541699365023,True
4087,hsts-missing,clear_fp,SonarQube,error,production,160,0.7978676511457249,2,0.2697678726007565,True
4088,path-traversal,mixed,SonarQube,warning,test,696,0.5549483770617768,3,0.257271655605963,False
4089,s3-no-encryption,mixed,Semgrep,error,production,100,0.31816133859157003,3,0.9553781936563274,False
4090,unused-import,clear_fp,Semgrep,none,infra,1427,0.7040577508768934,3,0.38200891528419734,True
4091,hsts-missing,clear_fp,SonarQube,warning,production,131,0.06959109444124922,4,0.5002776131050455,True
4092,insecure-deser,clear_vp,Semgrep,warning,production,1739,0.5337359742897543,4,0.03699813041571143,False
4093,gdpr-data-leak,clear_vp,SonarQube,error,production,1576,0.7512807593102787,3,0.2806367853443372,False
4094,unused-import,clear_fp,CodeQL,none,production,1176,0.8570370322423077,3,0.3625546956901209,True
4095,ssrf-request,clear_vp,Semgrep,error,production,1316,0.6603660251134209,3,0.6002886873194444,False
4096,eval-detected,clear_fp,SonarQube,error,test,473,0.8520416673564427,5,0.563221945606878,True
4097,catch-generic,clear_fp,SonarQube,error,test,991,0.6426603272164181,5,0.9570668750624416,True
4098,bare-except,clear_fp,Semgrep,note,production,1567,0.3831631561790625,4,0.15475199586307065,True
4099,weak-cipher,mixed,SonarQube,note,production,1258,0.9854621200476676,4,0.6434001289950534,False
4100,catch-generic,clear_fp,CodeQL,none,test,1774,0.3569666265664394,4,0.4319632356237745,True
4101,deserialization,clear_vp,SonarQube,warning,config,555,0.4516021180743327,4,0.48429267303698553,True
4102,dom-xss,clear_vp,Semgrep,note,infra,77,0.05218662987238254,4,0.30893539955052185,True
4103,hardcoded-secret,mixed,SonarQube,warning,production,1038,0.0628751162397877,2,0.15412198421264256,True
4104,sqli-confirmed,clear_vp,Semgrep,note,config,1313,0.5595499271312923,3,0.0827747722571669,False
4105,ssh-anomaly,mixed,SonarQube,note,production,688,0.17314009914086925,6,0.19491936758662898,True
4106,todo-comment,clear_fp,Semgrep,warning,config,196,0.9604909474255908,6,0.7000883362798084,True
4107,weak-cipher,mixed,Semgrep,warning,production,165,0.5460834368858497,2,0.012897662403908217,False
4108,assert-usage,clear_fp,Semgrep,note,infra,822,0.9191270374492082,4,0.7625100241368629,True
4109,csrf-missing,mixed,Semgrep,error,production,582,0.4229756988103447,6,0.8704394466139689,False
4110,rds-public,mixed,Semgrep,none,config,1607,0.46687681763666333,4,0.49845791160028485,False
4111,hsts-missing,clear_fp,CodeQL,note,config,739,0.49519022471681884,3,0.18603174268169376,True
4112,s3-no-encryption,mixed,SonarQube,note,test,228,0.889131926636273,6,0.5659276597392644,True
4113,sql-injection,mixed,Semgrep,note,config,684,0.48424961815777445,5,0.4280559227956571,True
4114,deserialization,clear_vp,Semgrep,note,config,1190,0.8833133034728666,3,0.7489076432935146,False
4115,gdpr-data-leak,clear_vp,Semgrep,warning,test,438,0.06746464413529618,4,0.8747962934489074,False
4116,assert-usage,clear_fp,Semgrep,note,production,1994,0.34881088362434365,3,0.875432407147698,True
4117,dom-xss,clear_vp,SonarQube,error,production,958,0.2944717004582261,1,0.8517689008457254,False
4118,line-too-long,clear_fp,Semgrep,note,production,319,0.886132410655394,1,0.8953034258738154,True
4119,path-traversal,mixed,SonarQube,note,infra,1498,0.8304566731354773,1,0.2565371614310422,True
4120,http-404-burst,clear_fp,CodeQL,warning,production,182,0.8556481621740717,4,0.07281988562893549,True
4121,xss-reflected,mixed,SonarQube,warning,test,962,0.6648445460983803,3,0.4335639685796311,False
4122,catch-generic,clear_fp,Semgrep,warning,production,1222,0.7403300113228125,2,0.7859352809117398,True
4123,bare-except,clear_fp,SonarQube,warning,production,381,0.8973610213609337,4,0.7185278670476498,True
4124,rce-confirmed,clear_vp,SonarQube,warning,test,861,0.48330387001636677,6,0.29555592055647495,False
4125,sqli-confirmed,clear_vp,CodeQL,note,test,267,0.9094425304325132,6,0.44863786057288924,False
4126,weak-cipher,mixed,SonarQube,warning,config,256,0.7090899782152368,5,0.13076398861099192,False
4127,ssh-anomaly,mixed,Semgrep,warning,infra,864,0.20237639729420487,5,0.05515227430997982,False
4128,s3-no-encryption,mixed,Semgrep,warning,infra,555,0.28710247149862067,3,0.32433200036572374,False
4129,eval-detected,clear_fp,CodeQL,note,production,1575,0.7303416372477406,3,0.5278010514657503,True
4130,http-404-burst,clear_fp,Semgrep,none,config,472,0.20631213988378627,3,0.5748187616488042,True
4131,catch-generic,clear_fp,CodeQL,warning,production,474,0.6949654458545106,5,0.7391413774832266,True
4132,eval-detected,clear_fp,Semgrep,note,test,170,0.16764423930975314,2,0.07331911233102217,True
4133,sqli-confirmed,clear_vp,Semgrep,note,production,1570,0.3846832586245532,4,0.5809179862794438,False
4134,hardcoded-secret,mixed,CodeQL,warning,test,1581,0.15434924783016735,1,0.5344767060116892,False
4135,assert-usage,clear_fp,Semgrep,note,production,901,0.8734483836266185,4,0.1852990393909797,True
4136,insecure-deser,clear_vp,SonarQube,note,test,412,0.20780173315328432,3,0.0675666462785981,False
4137,line-too-long,clear_fp,SonarQube,warning,infra,533,0.2565707520214856,5,0.31349637010978026,True
4138,bare-except,clear_fp,CodeQL,none,production,1601,0.40499883539014303,4,0.732438606715025,True
4139,gdpr-data-leak,clear_vp,SonarQube,warning,production,1487,0.16736279248315977,3,0.4604945452476179,False
4140,weak-cipher,mixed,Semgrep,warning,production,320,0.7801011473969266,5,0.9703186769224711,False
4141,path-traversal,mixed,SonarQube,warning,production,241,0.3432492178820159,3,0.3106726433744439,False
4142,assert-usage,clear_fp,SonarQube,note,production,1147,0.6495080632705115,4,0.607063503410931,True
4143,gdpr-data-leak,clear_vp,Semgrep,warning,test,101,0.1382460445011625,2,0.7167076715668372,False
4144,hardcoded-secret,mixed,SonarQube,none,production,1666,0.3441028607704293,1,0.09709344440978163,True
4145,catch-generic,clear_fp,Semgrep,error,test,1913,0.6159394695123735,3,0.9967766087012293,True
4146,public-subnet,mixed,SonarQube,note,production,517,0.8554327691857754,4,0.20500904862407987,True
4147,sql-injection,mixed,CodeQL,note,production,468,0.6958617578022926,6,0.7808153088147861,True
4148,hardcoded-secret,mixed,CodeQL,warning,production,707,0.5935516483988877,4,0.5646331590029642,False
4149,rce-confirmed,clear_vp,Semgrep,warning,test,923,0.9876044452639624,4,0.3248409931564784,False
4150,http-404-burst,clear_fp,SonarQube,note,config,1281,0.0004973150531231152,2,0.7872552875407968,True
4151,catch-generic,clear_fp,SonarQube,none,test,1651,0.1075077824371915,1,0.23946803851606313,True
4152,hardcoded-secret,mixed,CodeQL,note,infra,460,0.7105139700340031,4,0.5849103707868867,True
4153,latest-tag,clear_fp,CodeQL,none,test,1426,0.2799235526810502,4,0.7244675756150425,True
4154,command-injection,clear_vp,Semgrep,none,production,1972,0.09196155269916162,2,0.47273279340099283,False
4155,rce-confirmed,clear_vp,Semgrep,warning,test,85,0.9280530816403759,4,0.8356386072970087,False
4156,hsts-missing,clear_fp,SonarQube,note,production,871,0.41008215877266696,3,0.9191571928550542,True
4157,rce-confirmed,clear_vp,CodeQL,none,production,761,0.417521209312572,4,0.9147421361315139,False
4158,bare-except,clear_fp,CodeQL,note,config,1594,0.29001864025171,3,0.614051638244679,True
4159,bare-except,clear_fp,SonarQube,error,config,1243,0.7243143497170241,2,0.6543218707187206,True
4160,unused-import,clear_fp,CodeQL,note,production,620,0.4667452203189201,4,0.8951027147231732,True
4161,command-injection,clear_vp,SonarQube,note,production,1866,0.4133432444023837,2,0.908981442506687,False
4162,rce-confirmed,clear_vp,Semgrep,none,infra,1449,0.5900328160640965,3,0.8559665745376451,False
4163,dns-exfiltration,clear_vp,Semgrep,note,production,1041,0.3009831611810966,3,0.3547855127184657,False
4164,deserialization,clear_vp,CodeQL,none,production,1549,0.24816488349058174,4,0.0144359790343207,False
4165,open-redirect,mixed,SonarQube,none,test,868,0.1950743920248147,2,0.3257162961107194,True
4166,insecure-deser,clear_vp,Semgrep,note,test,722,0.038009333705462,3,0.07602807736940331,False
4167,todo-comment,clear_fp,CodeQL,note,config,1333,0.3618440900789385,2,0.6527064418844597,True
4168,bare-except,clear_fp,SonarQube,note,production,1763,0.6179270035655277,3,0.9368147099309335,True
4169,latest-tag,clear_fp,CodeQL,error,production,574,0.3828536436281179,2,0.5029941921285978,True
4170,open-redirect,mixed,SonarQube,note,config,1857,0.9500464758246723,3,0.5396911869177965,True
4171,rds-public,mixed,Semgrep,note,infra,988,0.6933876944395078,2,0.7362467025797802,True
4172,deserialization,clear_vp,SonarQube,note,test,784,0.852728936676751,2,0.7892618188072851,False
4173,hardcoded-secret,mixed,Semgrep,none,config,835,0.2926170558678899,5,0.5469384472001724,False
4174,public-subnet,mixed,CodeQL,error,config,1339,0.8150390160823727,2,0.5391299289508364,False
4175,weak-cipher,mixed,CodeQL,warning,production,1921,0.9397924095792024,3,0.45834909789144473,False
4176,xss-reflected,mixed,Semgrep,error,infra,1567,0.5992372504977761,2,0.17927296112248636,False
4177,todo-comment,clear_fp,CodeQL,none,production,804,0.9250096657582739,6,0.8734852293014614,True
4178,deserialization,clear_vp,Semgrep,warning,config,1384,0.9233405036867612,4,0.4183423121726104,False
4179,catch-generic,clear_fp,Semgrep,none,test,1297,0.2243791066855192,4,0.48725062371277483,True
4180,eval-detected,clear_fp,CodeQL,none,production,308,0.3649589007895815,7,0.5890866039357255,True
4181,hardcoded-secret,mixed,CodeQL,warning,production,960,0.43193462020243134,1,0.7339856873683006,False
4182,deserialization,clear_vp,CodeQL,note,test,1984,0.9180187808454582,6,0.8380873086909315,False
4183,bare-except,clear_fp,CodeQL,none,test,1509,0.03952033840042335,8,0.7031265446731676,True
4184,path-traversal,mixed,Semgrep,note,test,46,0.3331706003607783,7,0.7541314757949205,True
4185,csrf-missing,mixed,SonarQube,none,production,77,0.0705237637959274,2,0.7956841448892144,True
4186,malware-callback,clear_vp,CodeQL,warning,config,1170,0.9025974451459821,6,0.36931957986289454,True
4187,dns-exfiltration,clear_vp,CodeQL,none,production,1213,0.6810415711141246,4,0.617636260182864,True
4188,malware-callback,clear_vp,Semgrep,note,test,1642,0.02557702103780546,1,0.5328068171089332,False
4189,hardcoded-secret,mixed,CodeQL,note,test,1249,0.2916694691483861,3,0.17608341875242162,True
4190,sql-injection,mixed,SonarQube,warning,test,1674,0.361342334849557,5,0.5412680475280183,False
4191,hsts-missing,clear_fp,CodeQL,warning,production,1185,0.759086097985191,5,0.8747271213474614,True
4192,csrf-missing,mixed,Semgrep,error,config,1124,0.5946274834524972,3,0.33418974971849447,False
4193,assert-usage,clear_fp,CodeQL,note,test,1996,0.06714445202752606,2,0.34969219830850473,True
4194,xss-reflected,mixed,Semgrep,warning,test,1440,0.3203913189150347,3,0.6488672930666418,True
4195,public-subnet,mixed,SonarQube,note,config,138,0.891525159323167,4,0.39511517263429363,False
4196,csrf-missing,mixed,Semgrep,warning,production,1308,0.5104015154891743,3,0.5217863308789034,False
4197,dom-xss,clear_vp,SonarQube,warning,production,1537,0.3327165434401591,3,0.8875609298858339,False
4198,hsts-missing,clear_fp,CodeQL,warning,test,1951,0.039225324012849505,5,0.29137182295871655,True
4199,todo-comment,clear_fp,SonarQube,note,test,232,0.1118987708835687,11,0.648596891353243,True
4200,hsts-missing,clear_fp,SonarQube,warning,production,201,0.17062935370143562,2,0.47010563450898346,True
4201,malware-callback,clear_vp,Semgrep,note,production,566,0.5088708951940669,4,0.8832883361657162,False
4202,gdpr-data-leak,clear_vp,SonarQube,error,config,1949,0.07308532531899326,3,0.24047826857275978,False
4203,rds-public,mixed,CodeQL,error,production,1993,0.9284396153557689,5,0.35922065894453636,False
4204,malware-callback,clear_vp,Semgrep,warning,infra,37,0.5538424646417544,2,0.8870360331539447,False
4205,assert-usage,clear_fp,SonarQube,warning,production,1372,0.4532383871580381,5,0.13660021443574788,True
4206,csrf-missing,mixed,Semgrep,warning,production,782,0.9475145233587436,6,0.45084464219629616,True
4207,catch-generic,clear_fp,CodeQL,note,config,1618,0.35230520805426335,4,0.6480787958111967,True
4208,line-too-long,clear_fp,Semgrep,warning,production,1639,0.8540141676425832,5,0.8861781368259888,True
4209,insecure-deser,clear_vp,CodeQL,warning,infra,853,0.865178429043976,3,0.8562414646201938,False
4210,s3-no-encryption,mixed,CodeQL,warning,production,1892,0.42383108998226304,3,0.7126952726136643,False
4211,catch-generic,clear_fp,Semgrep,none,production,985,0.5915246044711628,4,0.15166262981687728,True
4212,latest-tag,clear_fp,Semgrep,note,test,1221,0.6387645706684082,5,0.5799946663830531,False
4213,public-subnet,mixed,SonarQube,warning,test,966,0.5652965939202099,5,0.7716515781900561,False
4214,hsts-missing,clear_fp,Semgrep,none,production,1226,0.4821234771891124,4,0.7848867784041293,True
4215,todo-comment,clear_fp,CodeQL,note,production,564,0.5187426805072296,2,0.22511902208549905,True
4216,rds-public,mixed,Semgrep,none,config,1725,0.6095585795040874,7,0.9476590098589605,True
4217,bare-except,clear_fp,SonarQube,warning,production,1623,0.9386135875877818,2,0.18676632174174146,True
4218,rce-confirmed,clear_vp,Semgrep,none,production,230,0.3583820633516198,2,0.8464445975349495,False
4219,hsts-missing,clear_fp,CodeQL,warning,test,1690,0.5830850821518899,7,0.14619486763913214,True
4220,insecure-deser,clear_vp,Semgrep,warning,production,888,0.7920822783237723,1,0.43402934865482334,False
4221,line-too-long,clear_fp,CodeQL,warning,config,1849,0.29105241601805165,5,0.5015676133456888,True
4222,hsts-missing,clear_fp,Semgrep,error,config,1237,0.3256228890433518,3,0.15955587292249906,True
4223,http-404-burst,clear_fp,Semgrep,error,production,1868,0.8167685165439734,2,0.07732234550085304,True
4224,s3-no-encryption,mixed,Semgrep,note,production,205,0.9209663889160298,2,0.5964138072159624,True
4225,assert-usage,clear_fp,CodeQL,warning,config,137,0.4490891445045303,3,0.46673037670201356,True
4226,public-subnet,mixed,CodeQL,note,production,1475,0.48586250231694383,2,0.4226374000461586,False
4227,public-subnet,mixed,SonarQube,note,test,412,0.7249790621349843,3,0.3160092351099507,True
4228,dom-xss,clear_vp,Semgrep,warning,infra,927,0.7194348949688374,3,0.31362022944702284,False
4229,s3-no-encryption,mixed,Semgrep,note,config,2,0.6839230329838429,4,0.6551200921824755,False
4230,assert-usage,clear_fp,CodeQL,none,production,458,0.14004471812838426,5,0.8110493859689927,True
4231,ssrf-request,clear_vp,SonarQube,warning,production,125,0.6442061489060805,5,0.7983153660750573,False
4232,bare-except,clear_fp,CodeQL,error,production,1809,0.8717752398510592,3,0.7220070448585214,True
4233,ssh-anomaly,mixed,SonarQube,error,production,118,0.8888822061455945,3,0.02032644989105592,True
4234,csrf-missing,mixed,Semgrep,note,infra,1179,0.6186508971873741,2,0.639322188378959,True
4235,assert-usage,clear_fp,Semgrep,note,production,1749,0.8898601874152564,4,0.4091998643762307,True
4236,s3-no-encryption,mixed,CodeQL,error,infra,1126,0.5469222957450507,4,0.5641802431701348,False
4237,gdpr-data-leak,clear_vp,SonarQube,error,production,917,0.9502562531455145,3,0.790981140899434,False
4238,weak-cipher,mixed,CodeQL,warning,test,1854,0.8979825321496254,5,0.6114468787491443,False
4239,public-subnet,mixed,SonarQube,note,infra,703,0.8202071593633219,3,0.06927047602516245,True
4240,malware-callback,clear_vp,SonarQube,note,production,1476,0.9068562361164239,3,0.24631666593428592,False
4241,assert-usage,clear_fp,SonarQube,warning,production,1334,0.3296739621343907,7,0.7273352343491731,True
4242,rce-confirmed,clear_vp,Semgrep,note,production,1662,0.668849704605401,6,0.3626681087303365,False
4243,latest-tag,clear_fp,Semgrep,error,config,1277,0.3012413819771028,4,0.542752277749765,False
4244,assert-usage,clear_fp,CodeQL,warning,production,1841,0.05391533907786361,2,0.9235692367862389,True
4245,deserialization,clear_vp,SonarQube,note,infra,399,0.03243263859147305,7,0.011369823562593862,False
4246,command-injection,clear_vp,SonarQube,note,test,1758,0.7310993050527979,5,0.8731316686080842,False
4247,deserialization,clear_vp,SonarQube,note,production,248,0.11362674478939794,4,0.4921775713402674,False
4248,ssh-anomaly,mixed,SonarQube,warning,test,629,0.6400155437935253,5,0.34790782164653167,True
4249,deserialization,clear_vp,SonarQube,none,production,1465,0.8573645574705203,2,0.3845662324852436,False
4250,dom-xss,clear_vp,Semgrep,warning,test,514,0.054476639038018804,7,0.5181864730121819,False
4251,open-redirect,mixed,Semgrep,warning,infra,301,0.9888001946378073,3,0.050353901528615186,True
4252,sql-injection,mixed,SonarQube,note,config,200,0.1706756015667914,7,0.579430680646902,True
4253,gdpr-data-leak,clear_vp,SonarQube,warning,test,849,0.8975545051093343,9,0.8293776266831397,True
4254,xss-reflected,mixed,Semgrep,note,production,1589,0.7353772975743593,6,0.8723875612129921,True
4255,prototype-pollution,mixed,Semgrep,warning,production,805,0.7375250979664448,4,0.2598688868593112,False
4256,sql-injection,mixed,Semgrep,note,production,747,0.79170226161329,4,0.39221789867461465,True
4257,assert-usage,clear_fp,Semgrep,warning,production,1759,0.44035427396059723,4,0.7477255301128579,True
4258,rce-confirmed,clear_vp,SonarQube,note,test,819,0.9284496292375944,3,0.837324462964272,False
4259,eval-detected,clear_fp,Semgrep,note,infra,1500,0.3451642867274006,4,0.4161262876444747,True
4260,xss-reflected,mixed,CodeQL,warning,production,1183,0.3655626402779679,5,0.06598705534967675,True
4261,hsts-missing,clear_fp,Semgrep,note,test,1988,0.5383170500086214,6,0.6180638356352548,True
4262,hardcoded-secret,mixed,CodeQL,note,config,338,0.6984249941486836,3,0.5850564658379659,True
4263,latest-tag,clear_fp,SonarQube,error,config,324,0.500244604183647,3,0.26353771518338776,False
4264,hsts-missing,clear_fp,Semgrep,warning,config,136,0.25564463186580777,6,0.5188151249369125,True
4265,weak-cipher,mixed,CodeQL,warning,infra,1333,0.22166480853094772,4,0.9399973889889021,True
4266,command-injection,clear_vp,Semgrep,warning,test,309,0.46401843222580974,3,0.5829449919414155,False
4267,http-404-burst,clear_fp,CodeQL,warning,test,601,0.9933426973011192,3,0.6434960356584803,True
4268,xss-reflected,mixed,Semgrep,none,production,510,0.035378899527998,5,0.8857941652325871,True
4269,http-404-burst,clear_fp,CodeQL,warning,config,1300,0.5834526895331611,3,0.22518714794945904,True
4270,unused-import,clear_fp,CodeQL,warning,production,200,0.16424941247650848,6,0.6398972376719751,True
4271,malware-callback,clear_vp,Semgrep,error,test,1393,0.6330917773508312,6,0.7364943863014933,False
4272,sql-injection,mixed,CodeQL,note,production,871,0.694891068809956,6,0.10420433294358489,False
4273,public-subnet,mixed,CodeQL,warning,infra,715,0.20615914482863906,7,0.011051062639031106,False
4274,assert-usage,clear_fp,SonarQube,error,test,1305,0.17211566356472607,3,0.663749485647823,True
4275,unused-import,clear_fp,Semgrep,none,config,129,0.9943768997177854,3,0.43934880284622024,True
4276,rce-confirmed,clear_vp,Semgrep,error,production,1161,0.5546288666744599,4,0.23602491568519213,False
4277,todo-comment,clear_fp,CodeQL,error,production,752,0.6979876131950005,4,0.14895928450553464,True
4278,s3-no-encryption,mixed,SonarQube,warning,config,1215,0.7870167549537618,4,0.16460677119821765,False
4279,dns-exfiltration,clear_vp,CodeQL,none,production,1863,0.8836887378247141,3,0.7054505255952768,True
4280,ssh-anomaly,mixed,Semgrep,none,config,178,0.1362199645830512,1,0.4929182657095732,True
4281,gdpr-data-leak,clear_vp,SonarQube,note,infra,1790,0.4936919661030653,6,0.6657057587489417,False
4282,malware-callback,clear_vp,SonarQube,note,production,631,0.772915053821885,1,0.5022570280568253,False
4283,sql-injection,mixed,SonarQube,warning,production,1149,0.048423168304580266,2,0.281324428561327,False
4284,rds-public,mixed,Semgrep,note,test,996,0.9356017417313167,6,0.9643142989037355,True
4285,insecure-deser,clear_vp,Semgrep,none,production,1172,0.5438448678872697,2,0.8832251267138379,False
4286,s3-no-encryption,mixed,SonarQube,error,config,237,0.8292336681198818,3,0.7510390459351902,False
4287,todo-comment,clear_fp,CodeQL,none,test,798,0.8070075479378683,2,0.056614675488534716,True
4288,bare-except,clear_fp,CodeQL,note,config,195,0.9192395162290854,6,0.9505684309736157,True
4289,command-injection,clear_vp,Semgrep,note,infra,1520,0.7848926031026473,5,0.523298084345357,True
4290,xss-reflected,mixed,Semgrep,error,production,102,0.9535559323177945,3,0.8773240459247479,False
4291,malware-callback,clear_vp,SonarQube,error,production,319,0.9436160182003475,3,0.7271524927794043,True
4292,todo-comment,clear_fp,SonarQube,warning,production,1974,0.36420555678717126,3,0.9006586506074757,True
4293,bare-except,clear_fp,CodeQL,warning,production,274,0.9166995821032893,3,0.36373028445956146,True
4294,eval-detected,clear_fp,CodeQL,error,production,1462,0.32255556700884047,6,0.7515944293080459,True
4295,http-404-burst,clear_fp,SonarQube,note,infra,971,0.9607466708036764,5,0.2164380014307602,True
4296,deserialization,clear_vp,CodeQL,none,production,1200,0.702005270575211,2,0.33499086346570683,False
4297,rds-public,mixed,Semgrep,warning,infra,1178,0.23344851469459238,3,0.004030406137298992,False
4298,latest-tag,clear_fp,SonarQube,note,infra,673,0.23807007568637517,10,0.7719858128206885,True
4299,csrf-missing,mixed,SonarQube,warning,production,1701,0.21147860088562775,3,0.4952244469803353,False
4300,rce-confirmed,clear_vp,SonarQube,note,production,289,0.6902367535050294,4,0.21634209953227757,False
4301,malware-callback,clear_vp,SonarQube,note,production,350,0.013198082381222553,1,0.5599019304103781,False
4302,line-too-long,clear_fp,CodeQL,note,test,1728,0.5164477607464409,8,0.007158683595342552,True
4303,deserialization,clear_vp,SonarQube,none,test,547,0.5133396624570512,4,0.9106881006010767,False
4304,ssrf-request,clear_vp,CodeQL,error,production,1151,0.18672687233955532,2,0.5525053566375132,False
4305,csrf-missing,mixed,SonarQube,none,production,747,0.06600072864221185,3,0.9250432019891829,False
4306,dom-xss,clear_vp,Semgrep,warning,config,783,0.6034633037186368,6,0.553606127631526,False
4307,csrf-missing,mixed,SonarQube,none,config,786,0.22202537281364154,5,0.29535714026038296,False
4308,command-injection,clear_vp,SonarQube,none,test,1359,0.2717795844702683,9,0.3267439915343533,False
4309,dns-exfiltration,clear_vp,Semgrep,warning,infra,281,0.7225526169972557,4,0.8243020442633,False
4310,hsts-missing,clear_fp,CodeQL,note,production,1140,0.24056975347251675,5,0.9796776665402893,True
4311,insecure-deser,clear_vp,Semgrep,none,config,1481,0.4809048522598003,7,0.8786861543814105,False
4312,ssrf-request,clear_vp,CodeQL,warning,config,1872,0.37844986951295945,3,0.8317036764463892,False
4313,hardcoded-secret,mixed,SonarQube,none,production,1247,0.9817741777461568,3,0.22771605717480414,True
4314,sqli-confirmed,clear_vp,SonarQube,warning,production,856,0.9840880755795793,7,0.8341671153252108,False
4315,sql-injection,mixed,CodeQL,error,production,223,0.5598518568631188,5,0.8529716805804076,False
4316,unused-import,clear_fp,Semgrep,warning,infra,960,0.8836110712310283,5,0.883668942311987,True
4317,deserialization,clear_vp,Semgrep,note,production,909,0.5416539491854653,4,0.6938169780057876,False
4318,s3-no-encryption,mixed,SonarQube,note,production,1461,0.9145045543093215,8,0.33267661147903593,False
4319,gdpr-data-leak,clear_vp,CodeQL,note,test,1440,0.8662412982388532,3,0.4571169471970793,False
4320,open-redirect,mixed,Semgrep,error,infra,230,0.805326258783608,4,0.2970531805269141,False
4321,path-traversal,mixed,CodeQL,warning,production,1201,0.10164817597132803,4,0.81699423859199,False
4322,xss-reflected,mixed,Semgrep,warning,production,1586,0.27007306798062425,4,0.695414811454475,True
4323,line-too-long,clear_fp,SonarQube,warning,production,1777,0.03886252603008011,6,0.7657972797611081,True
4324,assert-usage,clear_fp,Semgrep,note,production,1990,0.9551703188966955,8,0.15042550985148329,True
4325,insecure-deser,clear_vp,Semgrep,note,infra,1292,0.48550975678195296,3,0.6678823677428953,False
4326,dom-xss,clear_vp,SonarQube,note,infra,947,0.010130636924966852,4,0.8992242589621797,False
4327,sql-injection,mixed,Semgrep,none,infra,69,0.8981520422531237,8,0.08005480065671156,True
4328,ssh-anomaly,mixed,CodeQL,error,production,427,0.9654402217738235,4,0.43425763037514886,False
4329,path-traversal,mixed,CodeQL,note,production,867,0.8272342045102526,5,0.05017987759175391,False
4330,deserialization,clear_vp,CodeQL,note,test,1822,0.6515681118297371,5,0.18006967223818438,False
4331,rds-public,mixed,Semgrep,error,production,1465,0.6481610167337426,7,0.023152433609641365,False
4332,hardcoded-secret,mixed,Semgrep,warning,production,903,0.23621696312373186,4,0.3937741304151291,True
4333,unused-import,clear_fp,Semgrep,warning,production,1341,0.9997544604343309,3,0.9001628593996623,True
4334,line-too-long,clear_fp,CodeQL,error,production,907,0.33373783436474125,2,0.9388625369397775,True
4335,todo-comment,clear_fp,CodeQL,warning,config,1437,0.41634406634631627,3,0.08449141515605085,True
4336,sqli-confirmed,clear_vp,Semgrep,note,production,1741,0.9577036319785568,8,0.09202045866155228,False
4337,catch-generic,clear_fp,CodeQL,note,production,412,0.06775898319035445,4,0.03226930888481461,True
4338,sqli-confirmed,clear_vp,Semgrep,warning,production,520,0.7683852430170185,3,0.33100265426793085,False
4339,weak-cipher,mixed,Semgrep,warning,production,587,0.9057961339997102,4,0.34261652307882295,True
4340,malware-callback,clear_vp,CodeQL,note,infra,1225,0.10583481442322651,3,0.6866433176014332,False
4341,gdpr-data-leak,clear_vp,CodeQL,warning,production,985,0.9736633852130752,6,0.9735959862704544,False
4342,rce-confirmed,clear_vp,SonarQube,note,infra,1533,0.7266276157819794,6,0.9539150443409055,False
4343,malware-callback,clear_vp,SonarQube,note,test,972,0.13452375856355836,3,0.370669257207512,False
4344,open-redirect,mixed,CodeQL,note,infra,1114,0.6850174526268076,3,0.49352238491585154,True
4345,command-injection,clear_vp,Semgrep,error,infra,1555,0.34866583560347675,5,0.5970147507018604,False
4346,line-too-long,clear_fp,CodeQL,warning,test,732,0.06337988488316382,2,0.4414865382394473,True
4347,catch-generic,clear_fp,Semgrep,error,production,496,0.7017638917149922,4,0.46913697518791797,True
4348,todo-comment,clear_fp,CodeQL,warning,production,1075,0.5261146195465867,5,0.7751212061003665,True
4349,command-injection,clear_vp,Semgrep,note,production,1575,0.48330405820624023,4,0.893608885851233,False
4350,hsts-missing,clear_fp,CodeQL,error,production,972,0.9663158904144339,8,0.3910512617930828,True
4351,public-subnet,mixed,CodeQL,note,production,1788,0.1809792226418151,1,0.5308073749442845,False
4352,ssh-anomaly,mixed,CodeQL,warning,config,1036,0.20149014599630044,2,0.6453340266811132,True
4353,dom-xss,clear_vp,CodeQL,error,production,1359,0.5458016617917159,4,0.009011000686818371,False
4354,sql-injection,mixed,Semgrep,error,production,52,0.9763548339935794,4,0.33425774216561055,False
4355,hardcoded-secret,mixed,Semgrep,error,production,1067,0.40766709214609087,6,0.42780232487392666,False
4356,sqli-confirmed,clear_vp,Semgrep,warning,config,717,0.14147943958452802,5,0.800496972707688,False
4357,hardcoded-secret,mixed,CodeQL,error,production,500,0.06998651024485925,2,0.24795158493331648,False
4358,hsts-missing,clear_fp,CodeQL,error,production,1908,0.8947469097143326,7,0.9545337293096717,True
4359,hardcoded-secret,mixed,Semgrep,error,test,982,0.9071957996608533,5,0.6528164310606762,True
4360,assert-usage,clear_fp,SonarQube,note,production,312,0.38330065975935956,4,0.6917726196928239,True
4361,xss-reflected,mixed,Semgrep,warning,production,1168,0.7413842251534625,4,0.8308391329553833,False
4362,s3-no-encryption,mixed,SonarQube,none,config,1770,0.7434407240540865,7,0.22776030754075238,True
4363,bare-except,clear_fp,Semgrep,note,production,657,0.8549140223730962,5,0.05841789642048567,False
4364,hsts-missing,clear_fp,SonarQube,none,test,192,0.09449030696857152,4,0.6905050924872256,True
4365,malware-callback,clear_vp,Semgrep,error,test,377,0.551991306311767,3,0.8646899874812065,False
4366,hardcoded-secret,mixed,CodeQL,warning,config,1339,0.8267538702558181,3,0.4203738857571463,False
4367,sqli-confirmed,clear_vp,Semgrep,none,infra,1536,0.8879923093544555,1,0.27597157498249125,False
4368,public-subnet,mixed,Semgrep,none,test,1525,0.004419308898930052,4,0.24973078444945496,True
4369,deserialization,clear_vp,Semgrep,warning,production,812,0.7528087913892167,2,0.17706988579200222,False
4370,unused-import,clear_fp,CodeQL,warning,production,1501,0.17799790636584945,3,0.41339990136508087,True
4371,xss-reflected,mixed,Semgrep,error,production,9,0.6649401921345901,4,0.11345660032627691,True
4372,prototype-pollution,mixed,CodeQL,note,production,92,0.8775036510531669,3,0.41134792298378897,False
4373,ssrf-request,clear_vp,Semgrep,warning,config,707,0.6698215975553328,2,0.17994758117833765,False
4374,weak-cipher,mixed,Semgrep,warning,production,223,0.30962163876517,3,0.7655602625713122,False
4375,http-404-burst,clear_fp,CodeQL,none,test,194,0.6611157591555525,6,0.5926995547093319,True
4376,prototype-pollution,mixed,SonarQube,warning,production,412,0.6651534937300266,1,0.9072149398174293,True
4377,todo-comment,clear_fp,CodeQL,error,test,125,0.004447978098829242,3,0.6069964774994865,True
4378,sqli-confirmed,clear_vp,Semgrep,warning,infra,1513,0.7503221793267337,7,0.604722764035281,False
4379,s3-no-encryption,mixed,SonarQube,note,infra,988,0.3482678776947099,4,0.9834678675296525,False
4380,eval-detected,clear_fp,Semgrep,note,infra,1650,0.3294161247450538,4,0.9328911642532921,True
4381,public-subnet,mixed,SonarQube,note,production,1647,0.26511401337474305,9,0.6961261239268957,True
4382,hsts-missing,clear_fp,SonarQube,warning,production,1379,0.32952904340069356,5,0.10614874848925737,True
4383,hardcoded-secret,mixed,Semgrep,none,production,1044,0.20150046409298472,2,0.06967056681322426,False
4384,rds-public,mixed,SonarQube,note,infra,989,0.56021988706123,3,0.8104628564767061,True
4385,rds-public,mixed,CodeQL,error,production,51,0.9930561093681152,6,0.20021142797868796,False
4386,xss-reflected,mixed,Semgrep,warning,infra,626,0.434058777392235,6,0.17457187105845973,False
4387,dns-exfiltration,clear_vp,Semgrep,note,infra,370,0.16206399017954798,3,0.786654509859468,False
4388,hardcoded-secret,mixed,CodeQL,warning,production,607,0.557652450827731,5,0.7149732675784257,True
4389,ssrf-request,clear_vp,Semgrep,none,config,1106,0.9174751572375017,6,0.9487626550510335,False
4390,xss-reflected,mixed,Semgrep,warning,production,1548,0.6943340904661148,7,0.3804345874930011,False
4391,deserialization,clear_vp,CodeQL,error,test,1150,0.33338745976695117,4,0.6694012115293623,False
4392,prototype-pollution,mixed,CodeQL,none,config,1372,0.7786504917281257,6,0.9078420872025322,True
4393,rce-confirmed,clear_vp,SonarQube,none,infra,1927,0.5496075068295995,4,0.3289617447470593,False
4394,command-injection,clear_vp,Semgrep,warning,config,944,0.021778919941850994,4,0.8519253576639112,False
4395,weak-cipher,mixed,CodeQL,error,config,1975,0.31313888509078025,2,0.19013675599252522,False
4396,hsts-missing,clear_fp,SonarQube,note,production,512,0.5768645235042132,5,0.5918670025070754,True
4397,http-404-burst,clear_fp,Semgrep,warning,test,1585,0.46655462692435834,4,0.5286658032319433,True
4398,xss-reflected,mixed,SonarQube,note,config,1018,0.549945992075782,4,0.6273031536308901,True
4399,hardcoded-secret,mixed,CodeQL,note,config,1687,0.2249483608583902,6,0.17884198994610034,True
4400,unused-import,clear_fp,Semgrep,warning,production,813,0.23230840688648624,7,0.5966310034224331,True
4401,sql-injection,mixed,Semgrep,error,test,824,0.0079500828867336,1,0.6315045776431909,False
4402,assert-usage,clear_fp,Semgrep,error,config,910,0.15525684508106763,4,0.12474474134708147,True
4403,malware-callback,clear_vp,SonarQube,warning,production,390,0.8809698887250749,8,0.8883769430582374,False
4404,command-injection,clear_vp,SonarQube,warning,infra,1549,0.6307411404499594,2,0.5675239096122127,False
4405,rce-confirmed,clear_vp,Semgrep,error,test,844,0.20770093689182256,3,0.9067910338329511,False
4406,assert-usage,clear_fp,SonarQube,error,production,556,0.368494337644248,4,0.7453404417167676,True
4407,open-redirect,mixed,CodeQL,warning,production,1767,0.8368239579294403,5,0.9122046333888896,True
4408,hsts-missing,clear_fp,SonarQube,warning,infra,874,0.46273082495305506,3,0.9729391281124001,True
4409,sql-injection,mixed,CodeQL,warning,production,1536,0.8496873767887041,3,0.21239119735624956,True
4410,dom-xss,clear_vp,CodeQL,warning,production,1565,0.6376175030072346,5,0.8705383222838033,False
4411,deserialization,clear_vp,SonarQube,note,test,310,0.7922909735010759,4,0.01910690644874735,False
4412,hsts-missing,clear_fp,SonarQube,warning,config,1840,0.5090239762545689,6,0.8610742157159332,True
4413,hardcoded-secret,mixed,CodeQL,none,test,1782,0.4568830248960084,2,0.13632643649937914,True
4414,insecure-deser,clear_vp,Semgrep,warning,test,1033,0.617764543711161,4,0.8526622753097275,False
4415,public-subnet,mixed,Semgrep,note,infra,437,0.4588356074625435,6,0.264764190104111,True
4416,todo-comment,clear_fp,SonarQube,note,production,1267,0.5903565871252286,3,0.6242622822227224,True
4417,public-subnet,mixed,CodeQL,warning,production,1782,0.39920327232351316,5,0.41062358818580524,False
4418,line-too-long,clear_fp,SonarQube,error,production,1597,0.38917618331427906,5,0.6974796045377959,True
4419,sql-injection,mixed,SonarQube,warning,test,1112,0.9819615153181643,3,0.21348212462572647,True
4420,todo-comment,clear_fp,Semgrep,note,production,849,0.6254708117859797,4,0.06174475817451586,True
4421,hsts-missing,clear_fp,Semgrep,note,test,115,0.4499463531089096,3,0.9419644353617618,True
4422,command-injection,clear_vp,SonarQube,note,config,1849,0.665539798735106,4,0.6317743926397636,False
4423,unused-import,clear_fp,SonarQube,error,config,199,0.8411261467242237,7,0.6853832893794164,False
4424,prototype-pollution,mixed,Semgrep,warning,production,957,0.596635849881623,4,0.9988332376332111,False
4425,hsts-missing,clear_fp,SonarQube,warning,infra,782,0.38692611333553373,2,0.9254829308811575,True
4426,csrf-missing,mixed,SonarQube,error,production,1671,0.953530022004771,1,0.15528993733879493,False
4427,line-too-long,clear_fp,Semgrep,note,config,1658,0.6765304787590571,4,0.6475385445295018,True
4428,sqli-confirmed,clear_vp,CodeQL,warning,test,1496,0.24531314986183683,3,0.5541787322267724,True
4429,deserialization,clear_vp,Semgrep,none,production,677,0.035561316266380594,4,0.7437236296274504,False
4430,csrf-missing,mixed,CodeQL,error,test,1471,0.9969366184902353,7,0.5252567234628477,False
4431,assert-usage,clear_fp,Semgrep,warning,config,684,0.02343489828745504,5,0.21870199702682036,True
4432,rce-confirmed,clear_vp,SonarQube,note,production,809,0.8874195574009188,5,0.1764105647811266,False
4433,hardcoded-secret,mixed,SonarQube,note,production,1073,0.0912667694247723,5,0.4147626483876188,True
4434,malware-callback,clear_vp,Semgrep,note,test,1069,0.2578602738737208,6,0.23490973774019008,False
4435,weak-cipher,mixed,CodeQL,warning,test,138,0.7365332672216834,3,0.4628892735895028,True
4436,eval-detected,clear_fp,Semgrep,warning,infra,1086,0.013094794562872325,3,0.9924762081026514,True
4437,assert-usage,clear_fp,Semgrep,warning,production,184,0.5979594561118253,2,0.6259766204522629,True
4438,unused-import,clear_fp,SonarQube,note,infra,711,0.8979044482330356,2,0.6636975622713954,True
4439,rce-confirmed,clear_vp,SonarQube,warning,infra,1894,0.6896170357664869,4,0.015552247836587596,False
4440,gdpr-data-leak,clear_vp,Semgrep,warning,config,1951,0.26283116949011176,7,0.7874734585265569,False
4441,bare-except,clear_fp,SonarQube,warning,production,112,0.3922276681516593,5,0.23007780601965844,True
4442,http-404-burst,clear_fp,Semgrep,note,production,903,0.18579328315494126,3,0.2954442655735138,True
4443,eval-detected,clear_fp,SonarQube,note,production,514,0.3577532927344881,4,0.48669813788244776,True
4444,command-injection,clear_vp,CodeQL,note,config,633,0.9405834526414703,4,0.8402282558631247,False
4445,rds-public,mixed,SonarQube,note,production,1705,0.4034883670045254,4,0.9854064055278317,True
4446,open-redirect,mixed,CodeQL,error,test,334,0.8591540762412417,3,0.24561886699319124,False
4447,sql-injection,mixed,Semgrep,warning,production,810,0.038446485788183105,9,0.6576733438233239,True
4448,weak-cipher,mixed,SonarQube,error,production,1820,0.21151122848064496,4,0.7600436823267196,False
4449,public-subnet,mixed,SonarQube,none,production,839,0.8792739609170876,3,0.30761047762539573,True
4450,sqli-confirmed,clear_vp,SonarQube,error,config,1198,0.1974957246962854,5,0.19162667195448124,False
4451,dns-exfiltration,clear_vp,Semgrep,warning,production,1125,0.7288476438317051,1,0.07190587050653074,False
4452,gdpr-data-leak,clear_vp,CodeQL,warning,infra,916,0.23127898424751037,3,0.5649083948598372,False
4453,open-redirect,mixed,SonarQube,note,test,228,0.8080072683765928,6,0.0981782201011705,True
4454,rce-confirmed,clear_vp,Semgrep,note,config,668,0.8916757780461635,4,0.28300785722359356,False
4455,command-injection,clear_vp,Semgrep,warning,production,256,0.7639916740667151,4,0.2033919677371866,False
4456,unused-import,clear_fp,SonarQube,warning,production,1778,0.6954401686592102,3,0.5991472194883126,True
4457,rce-confirmed,clear_vp,Semgrep,warning,production,150,0.07906840045385943,4,0.8790230519393539,False
4458,prototype-pollution,mixed,Semgrep,warning,test,751,0.7426885536545706,2,0.6005130003285346,True
4459,deserialization,clear_vp,Semgrep,warning,production,316,0.06244545428950332,2,0.516416447940187,False
4460,sqli-confirmed,clear_vp,CodeQL,none,test,1094,0.970493837534512,4,0.5007754149537621,False
4461,bare-except,clear_fp,SonarQube,warning,infra,535,0.37858673201245796,6,0.043082868745279446,True
4462,malware-callback,clear_vp,Semgrep,warning,production,712,0.4291128770019734,3,0.36574267042342934,False
4463,hsts-missing,clear_fp,Semgrep,error,production,1804,0.5542547011049792,4,0.5810809760294459,True
4464,command-injection,clear_vp,CodeQL,none,production,993,0.13018777430610795,5,0.4131099469578682,False
4465,sqli-confirmed,clear_vp,Semgrep,error,test,510,0.8156295215018735,4,0.07530670738539069,False
4466,rce-confirmed,clear_vp,SonarQube,none,production,1134,0.6230233095760298,4,0.18904265192599778,False
4467,assert-usage,clear_fp,Semgrep,warning,test,979,0.9039441597700395,4,0.12747053914646023,True
4468,rce-confirmed,clear_vp,CodeQL,note,production,635,0.2648486441660134,4,0.4182597965884678,False
4469,latest-tag,clear_fp,Semgrep,warning,production,1345,0.3983155915707567,2,0.9997689648723607,True
4470,path-traversal,mixed,Semgrep,warning,test,1462,0.9646021320179259,4,0.0025423021999002593,True
4471,command-injection,clear_vp,Semgrep,error,production,1933,0.3768338768877102,3,0.9994929818915801,False
4472,insecure-deser,clear_vp,CodeQL,note,production,986,0.8649912181532982,5,0.5716746844761467,False
4473,http-404-burst,clear_fp,CodeQL,note,config,1417,0.5938770649382662,6,0.9006675178842042,True
4474,prototype-pollution,mixed,Semgrep,note,production,221,0.3883529359322945,8,0.05287233364577293,True
4475,weak-cipher,mixed,Semgrep,none,production,589,0.5966872340927463,2,0.534578516065696,True
4476,line-too-long,clear_fp,SonarQube,error,test,74,0.5480559161585316,1,0.9866300121276661,False
4477,unused-import,clear_fp,Semgrep,note,test,1169,0.14411558374288802,4,0.0036031055507985688,True
4478,bare-except,clear_fp,Semgrep,none,test,264,0.6060527650343823,4,0.3989249796118014,True
4479,ssrf-request,clear_vp,SonarQube,warning,production,1050,0.9940259459663694,7,0.1674656643462369,False
4480,s3-no-encryption,mixed,Semgrep,note,production,919,0.7768666569018113,3,0.6590003224088982,False
4481,path-traversal,mixed,CodeQL,note,production,697,0.9185691872866324,4,0.8644228725617931,False
4482,assert-usage,clear_fp,Semgrep,note,infra,212,0.4164008117677309,7,0.9362778405139862,True
4483,hsts-missing,clear_fp,Semgrep,warning,production,1092,0.40841041841156434,3,0.1964567666343835,True
4484,weak-cipher,mixed,SonarQube,warning,config,1929,0.8506332352103776,5,0.4015981097078666,True
4485,rce-confirmed,clear_vp,CodeQL,note,production,1700,0.009311095264263325,5,0.6100033531638931,False
4486,eval-detected,clear_fp,Semgrep,note,production,1595,0.8277487594684669,2,0.9065500080935381,True
4487,open-redirect,mixed,Semgrep,warning,production,1641,0.905311259370853,4,0.5141049402366578,False
4488,unused-import,clear_fp,CodeQL,error,production,1250,0.5921114416119629,7,0.9044668397672232,True
4489,bare-except,clear_fp,Semgrep,note,config,1159,0.014915371542391975,2,0.15560788918339008,True
4490,rce-confirmed,clear_vp,CodeQL,error,production,886,0.7572323978671754,2,0.16432325087296784,False
4491,catch-generic,clear_fp,CodeQL,warning,infra,1839,0.1989691104656769,2,0.48329069775523015,True
4492,unused-import,clear_fp,SonarQube,warning,infra,1357,0.627090360437357,4,0.33060375082667715,True
4493,dns-exfiltration,clear_vp,Semgrep,note,config,1419,0.3222608574167283,4,0.9491773815778572,False
4494,s3-no-encryption,mixed,Semgrep,warning,infra,1948,0.5335789574693,5,0.7527252999180629,False
4495,deserialization,clear_vp,SonarQube,warning,config,231,0.4470679987550289,1,0.31914186063278305,False
4496,dom-xss,clear_vp,Semgrep,note,production,1102,0.7822526718768076,4,0.5970332343824835,True
4497,unused-import,clear_fp,CodeQL,error,config,613,0.44928829741753495,6,0.4556431181634387,True
4498,gdpr-data-leak,clear_vp,CodeQL,error,test,827,0.5368425491237466,6,0.1828958756874809,False
4499,xss-reflected,mixed,SonarQube,note,production,47,0.5470460184253542,4,0.2831797218190315,True
4500,s3-no-encryption,mixed,Semgrep,warning,config,93,0.27387940715601566,3,0.8059999557958484,False
4501,dom-xss,clear_vp,SonarQube,warning,infra,232,0.28517557743381905,3,0.12011938315310056,False
4502,ssrf-request,clear_vp,Semgrep,warning,production,1968,0.9064642136721273,3,0.547787606020495,False
4503,public-subnet,mixed,CodeQL,note,production,1913,0.052219386661551126,6,0.06164013828202519,False
4504,catch-generic,clear_fp,Semgrep,note,test,1870,0.3860986253371337,6,0.19185474411511505,True
4505,todo-comment,clear_fp,SonarQube,note,test,219,0.3474830544355004,3,0.5345031770520113,True
4506,open-redirect,mixed,CodeQL,warning,production,751,0.32593721258308195,6,0.8200336730657909,True
4507,weak-cipher,mixed,Semgrep,none,test,1634,0.36387479909256926,4,0.6565741234889138,True
4508,assert-usage,clear_fp,CodeQL,error,config,890,0.4723359123589791,2,0.37382449094802217,True
4509,insecure-deser,clear_vp,Semgrep,note,config,739,0.6732628559609004,3,0.22276869158422574,False
4510,deserialization,clear_vp,CodeQL,error,production,1518,0.43679925272693243,6,0.47350823133856546,True
4511,malware-callback,clear_vp,Semgrep,none,production,344,0.46631521921818797,5,0.14099544441378908,False
4512,bare-except,clear_fp,CodeQL,none,production,747,0.43187836027680127,3,0.1755532856223888,True
4513,assert-usage,clear_fp,Semgrep,note,test,225,0.5252184601576582,4,0.9812518455818505,True
4514,prototype-pollution,mixed,Semgrep,error,test,1540,0.4648583420229204,6,0.04205008630204554,False
4515,dns-exfiltration,clear_vp,SonarQube,error,production,1159,0.14683511141924566,3,0.059034798155281454,False
4516,open-redirect,mixed,CodeQL,error,production,199,0.08102554430845754,2,0.13750484248778816,False
4517,rds-public,mixed,SonarQube,note,test,1666,0.018666233742922977,2,0.1894582817948638,True
4518,unused-import,clear_fp,Semgrep,error,test,893,0.06312919588563093,3,0.8769617730890676,True
4519,hardcoded-secret,mixed,Semgrep,note,production,1572,0.0353621106882247,3,0.7550255908674652,True
4520,s3-no-encryption,mixed,CodeQL,error,production,283,0.3596479295409346,3,0.816149515848623,False
4521,todo-comment,clear_fp,Semgrep,warning,test,887,0.5192929504591879,4,0.7037262466697582,True
4522,eval-detected,clear_fp,Semgrep,none,infra,1942,0.5213316080224364,2,0.03953116010747937,True
4523,s3-no-encryption,mixed,SonarQube,warning,infra,1301,0.32898426550282867,2,0.11078652228457553,False
4524,line-too-long,clear_fp,Semgrep,warning,production,1516,0.3448892062789355,4,0.2638925617987634,True
4525,deserialization,clear_vp,Semgrep,warning,production,982,0.836683920977984,5,0.6652044785112938,False
4526,bare-except,clear_fp,SonarQube,error,production,790,0.5081204273825791,7,0.5316445764337018,False
4527,weak-cipher,mixed,SonarQube,note,infra,621,0.2181361762669155,7,0.8200549152182078,True
4528,dom-xss,clear_vp,Semgrep,warning,production,6,0.6282603665388541,5,0.9781707303929708,False
4529,sql-injection,mixed,Semgrep,warning,production,287,0.1753798049877806,3,0.9971292460562785,False
4530,deserialization,clear_vp,Semgrep,warning,production,971,0.12587541764702603,1,0.49162438449537726,False
4531,deserialization,clear_vp,CodeQL,warning,production,777,0.26988676116601895,4,0.7351739706438212,False
4532,dom-xss,clear_vp,SonarQube,warning,test,933,0.7460275338918625,6,0.4492657340612043,False
4533,command-injection,clear_vp,Semgrep,warning,production,1138,0.9780665105831553,5,0.222038423189573,False
4534,ssrf-request,clear_vp,CodeQL,note,test,658,0.29845423860613784,7,0.47773485401094407,False
4535,deserialization,clear_vp,CodeQL,warning,config,1382,0.7363781068658044,2,0.9032366084868363,False
4536,rds-public,mixed,Semgrep,warning,test,691,0.6050632495855791,4,0.15837491528443925,True
4537,csrf-missing,mixed,Semgrep,error,production,1689,0.11685545574928213,2,0.3509638102455189,False
4538,dns-exfiltration,clear_vp,CodeQL,none,production,1519,0.49839652204637974,3,0.030671406929324463,False
4539,http-404-burst,clear_fp,Semgrep,warning,config,1731,0.46784672337004996,5,0.9890551159095334,True
4540,todo-comment,clear_fp,SonarQube,note,production,362,0.11697188679245152,2,0.8975605434452407,True
4541,rds-public,mixed,SonarQube,none,infra,1583,0.8524766597695179,3,0.014074146110303776,True
4542,sql-injection,mixed,SonarQube,error,production,434,0.7256997562747004,2,0.8771455514456002,False
4543,hardcoded-secret,mixed,SonarQube,note,infra,1246,0.8045154432304898,5,0.6089426466358773,False
4544,line-too-long,clear_fp,SonarQube,warning,production,520,0.11012417067799174,6,0.9891816481614342,True
4545,dom-xss,clear_vp,SonarQube,error,production,720,0.8323502802445231,7,0.8048094470977232,False
4546,bare-except,clear_fp,CodeQL,note,config,1284,0.1487865449786675,4,0.7457825709752726,True
4547,bare-except,clear_fp,SonarQube,warning,test,1692,0.8179240829041657,5,0.09323937612344046,True
4548,rds-public,mixed,Semgrep,note,test,378,0.9800390179297965,1,0.9245206170493523,True
4549,todo-comment,clear_fp,CodeQL,error,production,472,0.7317886666589423,2,0.42182760942814,True
4550,hardcoded-secret,mixed,CodeQL,error,production,265,0.35894223142513093,3,0.09336835227051321,False
4551,dom-xss,clear_vp,Semgrep,note,config,1052,0.12409941001353852,5,0.9084025459466485,True
4552,insecure-deser,clear_vp,CodeQL,warning,production,1534,0.0003980437686887939,2,0.7003258147044585,False
4553,rds-public,mixed,Semgrep,warning,production,591,0.09353094924879801,7,0.5597760636781146,True
4554,assert-usage,clear_fp,CodeQL,warning,infra,1673,0.4924628860403375,7,0.002413831340989603,True
4555,rce-confirmed,clear_vp,SonarQube,note,test,135,0.7166238974455765,4,0.050348904519767146,False
4556,malware-callback,clear_vp,Semgrep,error,production,772,0.6048439955931381,1,0.45586169742578,False
4557,xss-reflected,mixed,SonarQube,warning,infra,1743,0.8105501038257232,4,0.42574256214931316,False
4558,todo-comment,clear_fp,CodeQL,note,test,501,0.8376723848299837,4,0.6240633266153263,True
4559,bare-except,clear_fp,Semgrep,warning,infra,900,0.37335962004633805,3,0.465557217438756,True
4560,bare-except,clear_fp,Semgrep,warning,production,817,0.9169177981953562,7,0.905357368112811,True
4561,sql-injection,mixed,SonarQube,warning,production,96,0.7938615216933422,2,0.4498670100961716,False
4562,ssrf-request,clear_vp,CodeQL,note,test,142,0.335885452430713,6,0.39997588299530495,True
4563,gdpr-data-leak,clear_vp,CodeQL,note,config,1072,0.6954971110706948,5,0.6257198093888536,False
4564,xss-reflected,mixed,SonarQube,note,production,485,0.6906295810552442,6,0.6292161763397947,True
4565,gdpr-data-leak,clear_vp,SonarQube,warning,infra,763,0.9135032181053065,1,0.006563873716117552,False
4566,path-traversal,mixed,CodeQL,warning,infra,600,0.4083952240475428,5,0.7348765198530398,False
4567,rce-confirmed,clear_vp,Semgrep,error,production,1024,0.0013081995250968648,10,0.7697460239843019,False
4568,command-injection,clear_vp,Semgrep,warning,config,1456,0.019276975686369213,3,0.6083117037236955,False
4569,dom-xss,clear_vp,Semgrep,note,test,1038,0.2867047294459052,2,0.33093575348563453,False
4570,rce-confirmed,clear_vp,CodeQL,error,production,1213,0.06195767319461576,3,0.6455309491988426,False
4571,line-too-long,clear_fp,CodeQL,warning,production,944,0.05709035811177143,3,0.21681240970977678,True
4572,http-404-burst,clear_fp,CodeQL,none,test,1119,0.9352546574817452,3,0.5638461173250545,True
4573,command-injection,clear_vp,CodeQL,note,production,186,0.48457262243928045,4,0.3221002844246674,False
4574,http-404-burst,clear_fp,SonarQube,warning,test,1075,0.12338103171283787,4,0.31514758549784183,True
4575,prototype-pollution,mixed,Semgrep,warning,production,1627,0.003806644401018633,5,0.7153218516761841,False
4576,sql-injection,mixed,CodeQL,warning,config,502,0.4389889998953447,4,0.9744820065722265,True
4577,unused-import,clear_fp,SonarQube,none,production,96,0.5983829719320699,1,0.38431467849967393,True
4578,assert-usage,clear_fp,SonarQube,error,test,1612,0.3290546151133398,6,0.7960958830519336,True
4579,command-injection,clear_vp,CodeQL,warning,infra,154,0.7415333086584474,3,0.6941459496038163,False
4580,public-subnet,mixed,Semgrep,warning,production,1385,0.7740092249801654,4,0.12633421075914775,True
4581,open-redirect,mixed,SonarQube,note,infra,376,0.35431595974875096,3,0.3910532076490284,False
4582,command-injection,clear_vp,CodeQL,none,config,97,0.5513477659464994,4,0.317934595154278,False
4583,unused-import,clear_fp,SonarQube,error,production,168,0.3447657124798501,4,0.14452906406482424,True
4584,command-injection,clear_vp,SonarQube,warning,config,149,0.7913090120625669,3,0.6582409263037408,False
4585,todo-comment,clear_fp,CodeQL,none,production,358,0.932691536575539,3,0.3393365831630998,True
4586,xss-reflected,mixed,Semgrep,warning,infra,1272,0.11047449220624606,3,0.2454893971554406,False
4587,todo-comment,clear_fp,CodeQL,none,production,577,0.3822050104458876,5,0.029180827391828812,True
4588,dns-exfiltration,clear_vp,SonarQube,warning,production,1809,0.9414716372864659,3,0.9047546821693192,False
4589,weak-cipher,mixed,CodeQL,none,production,1518,0.9944680029457548,2,0.06405220548203894,False
4590,http-404-burst,clear_fp,CodeQL,warning,production,1095,0.6459190583036937,4,0.16700062258541126,True
4591,gdpr-data-leak,clear_vp,CodeQL,error,config,1089,0.8553318528566709,4,0.039784222644689504,False
4592,malware-callback,clear_vp,CodeQL,error,test,456,0.5180699314632368,4,0.6463414393868622,False
4593,hardcoded-secret,mixed,Semgrep,warning,config,748,0.4353354213274435,4,0.9679467854021748,True
4594,rce-confirmed,clear_vp,CodeQL,warning,test,497,0.23131306458399636,5,0.05901806875663396,True
4595,ssh-anomaly,mixed,CodeQL,note,infra,1870,0.2789166590746187,5,0.019745639469550214,True
4596,http-404-burst,clear_fp,CodeQL,note,infra,285,0.4199983085573159,7,0.7111603594067278,False
4597,insecure-deser,clear_vp,SonarQube,warning,config,1947,0.47619583056430426,3,0.23991965275395455,True
4598,weak-cipher,mixed,CodeQL,note,production,73,0.9649555327365865,1,0.6409405970851438,False
4599,prototype-pollution,mixed,SonarQube,note,production,1113,0.49896528770475224,3,0.73315476899806,True
4600,eval-detected,clear_fp,SonarQube,warning,production,1883,0.23360087465299395,6,0.5118721192889164,True
4601,dns-exfiltration,clear_vp,CodeQL,warning,production,44,0.18462332873760656,4,0.7640861015968985,False
4602,bare-except,clear_fp,Semgrep,warning,test,1504,0.7998724014011959,4,0.7460049910609209,True
4603,rce-confirmed,clear_vp,CodeQL,error,infra,1946,0.9711545788347126,3,0.5516672007719884,False
4604,prototype-pollution,mixed,Semgrep,warning,test,234,0.12222179485104323,5,0.024163261007595804,True
4605,latest-tag,clear_fp,CodeQL,error,production,1793,0.17739261652887695,3,0.7408176103263009,True
4606,todo-comment,clear_fp,CodeQL,note,test,119,0.08841778461508332,1,0.7344110309087452,True
4607,http-404-burst,clear_fp,CodeQL,warning,config,1927,0.06110121078715436,7,0.5491954353122352,False
4608,path-traversal,mixed,SonarQube,error,production,1612,0.5733262271054287,3,0.8754779542256842,False
4609,gdpr-data-leak,clear_vp,Semgrep,none,test,1105,0.4240335362783739,3,0.6914342059309367,False
4610,line-too-long,clear_fp,Semgrep,warning,production,1424,0.22561234547512776,4,0.5792990127461399,True
4611,path-traversal,mixed,Semgrep,note,test,1097,0.044555159592984395,5,0.06481396637006043,True
4612,rce-confirmed,clear_vp,SonarQube,warning,infra,345,0.9671153737567904,4,0.4277134911966751,True
4613,sqli-confirmed,clear_vp,SonarQube,note,infra,764,0.1126523579332851,4,0.805707538207898,False
4614,sql-injection,mixed,SonarQube,note,test,1335,0.3674343814376506,7,0.762232074744488,True
4615,eval-detected,clear_fp,SonarQube,warning,test,1311,0.7799033992083287,3,0.3228831157405989,True
4616,ssh-anomaly,mixed,SonarQube,warning,production,904,0.36286809280883014,4,0.1668769234336014,True
4617,catch-generic,clear_fp,CodeQL,error,production,896,0.44951585152826046,3,0.174457162517072,False
4618,hardcoded-secret,mixed,CodeQL,note,production,1649,0.8407813488484377,3,0.0028885102376235983,True
4619,ssrf-request,clear_vp,CodeQL,note,production,414,0.35734913916878697,5,0.975704036618496,False
4620,command-injection,clear_vp,SonarQube,note,config,1592,0.4776847103251447,7,0.4777431528506857,False
4621,bare-except,clear_fp,CodeQL,warning,production,1440,0.893303489817546,4,0.07366927172711357,True
4622,path-traversal,mixed,Semgrep,note,test,1546,0.960657327732793,2,0.007534815711570775,True
4623,rce-confirmed,clear_vp,SonarQube,warning,infra,1453,0.7679684138125182,1,0.6039146045629684,False
4624,rds-public,mixed,CodeQL,note,production,1988,0.08193110262646541,4,0.9461844803832838,True
4625,open-redirect,mixed,CodeQL,error,test,1856,0.6361834340157261,4,0.7007613013050269,True
4626,xss-reflected,mixed,Semgrep,warning,production,1375,0.19864691724421868,6,0.4175014083038353,True
4627,sqli-confirmed,clear_vp,SonarQube,error,test,1724,0.7440781052641624,2,0.7060084958445804,False
4628,bare-except,clear_fp,Semgrep,warning,production,1684,0.6872710786916844,3,0.6037220779690556,True
4629,rce-confirmed,clear_vp,CodeQL,warning,production,1111,0.28814042231335113,4,0.47496690018061316,False
4630,bare-except,clear_fp,Semgrep,warning,production,417,0.5486194944809523,6,0.08866694604598602,True
4631,dns-exfiltration,clear_vp,Semgrep,none,production,1550,0.6577160884975052,7,0.22073107130922442,False
4632,line-too-long,clear_fp,SonarQube,none,production,1375,0.5633009222692845,6,0.8677905954385866,True
4633,dom-xss,clear_vp,SonarQube,warning,test,1805,0.15341969716274606,8,0.05537235182452194,False
4634,assert-usage,clear_fp,CodeQL,none,production,1643,0.16708746353097004,3,0.5943303752315523,True
4635,dns-exfiltration,clear_vp,SonarQube,warning,config,602,0.5016765365654541,4,0.2159506489516182,False
4636,line-too-long,clear_fp,SonarQube,error,test,425,0.7710920738002232,4,0.2595742979967567,True
4637,latest-tag,clear_fp,CodeQL,note,production,771,0.3276082062077956,7,0.8151703531855431,True
4638,todo-comment,clear_fp,Semgrep,warning,config,858,0.016002013327347187,4,0.6966652095688864,True
4639,deserialization,clear_vp,Semgrep,note,test,1731,0.14127938463779832,2,0.19739359253811406,False
4640,line-too-long,clear_fp,CodeQL,none,test,1748,0.900699383944678,4,0.6480711331148167,True
4641,gdpr-data-leak,clear_vp,CodeQL,warning,production,1852,0.8929190071650376,8,0.9964584262520463,True
4642,http-404-burst,clear_fp,CodeQL,note,production,1594,0.7817935305392406,5,0.6047500494601213,True
4643,gdpr-data-leak,clear_vp,SonarQube,note,production,394,0.4119377067217761,4,0.9486701511977943,False
4644,eval-detected,clear_fp,Semgrep,warning,production,1378,0.8826804133299638,2,0.8393056086502263,True
4645,public-subnet,mixed,CodeQL,error,test,1608,0.20458347050203007,4,0.3061512198219627,False
4646,ssh-anomaly,mixed,Semgrep,note,config,365,0.707128744735747,2,0.18018220406530294,True
4647,bare-except,clear_fp,SonarQube,error,test,1022,0.08554351419413952,5,0.5558972068347732,True
4648,insecure-deser,clear_vp,CodeQL,note,production,1119,0.675445895874347,6,0.5045418725782457,False
4649,command-injection,clear_vp,SonarQube,warning,test,1772,0.8801680559214993,6,0.6403248091169027,False
4650,assert-usage,clear_fp,CodeQL,warning,infra,1171,0.5481516082720349,1,0.9336643819747221,True
4651,rds-public,mixed,Semgrep,note,infra,1628,0.5711241338856681,3,0.37252543209033384,True
4652,http-404-burst,clear_fp,CodeQL,warning,production,1965,0.3250280983066608,6,0.41195878946299946,True
4653,hardcoded-secret,mixed,CodeQL,warning,test,1636,0.8567266320043828,6,0.4152180724465031,False
4654,command-injection,clear_vp,CodeQL,warning,production,1681,0.5657102377839001,11,0.1260965939080787,False
4655,dom-xss,clear_vp,SonarQube,error,config,658,0.18892852305102847,3,0.7657029327806336,False
4656,rds-public,mixed,Semgrep,note,config,1648,0.8995934257497727,3,0.89760337244666,False
4657,http-404-burst,clear_fp,SonarQube,warning,test,656,0.25698013733773784,5,0.006074434400113904,True
4658,dns-exfiltration,clear_vp,SonarQube,warning,infra,1894,0.6634299891317943,2,0.8820538537900645,True
4659,sqli-confirmed,clear_vp,Semgrep,warning,production,150,0.1460787996574594,5,0.6113515677271176,False
4660,path-traversal,mixed,SonarQube,error,test,1406,0.7140187809190119,4,0.32278847041465986,False
4661,sql-injection,mixed,SonarQube,warning,production,1942,0.6784881325834634,2,0.7940729484186608,False
4662,csrf-missing,mixed,CodeQL,none,test,1236,0.5441463322690663,7,0.5213299251693498,True
4663,dom-xss,clear_vp,CodeQL,note,production,775,0.5570251407068214,6,0.30486044612174446,True
4664,catch-generic,clear_fp,CodeQL,error,config,672,0.27025298853770374,4,0.8340380796236564,True
4665,dom-xss,clear_vp,CodeQL,none,production,1700,0.19204039439110354,4,0.4626947464884654,False
4666,weak-cipher,mixed,SonarQube,note,test,177,0.25842796595136397,4,0.5840401702678673,True
4667,sql-injection,mixed,Semgrep,error,infra,1526,0.3491299289476336,5,0.5245533915315163,False
4668,assert-usage,clear_fp,SonarQube,error,production,917,0.3924254266046808,3,0.2169873077827701,True
4669,unused-import,clear_fp,Semgrep,note,production,603,0.7815999745742507,3,0.12153247245131338,True
4670,eval-detected,clear_fp,Semgrep,warning,infra,813,0.11269060179546397,8,0.48812440977749216,True
4671,assert-usage,clear_fp,CodeQL,none,production,268,0.609261533401661,4,0.3793483556906142,True
4672,sqli-confirmed,clear_vp,CodeQL,warning,config,1749,0.6295809678585665,4,0.2605511235370386,False
4673,command-injection,clear_vp,Semgrep,error,production,410,0.9169401972550658,1,0.19714404123353868,False
4674,sql-injection,mixed,CodeQL,note,test,1724,0.11777691840641469,7,0.8899111273453864,True
4675,dns-exfiltration,clear_vp,Semgrep,note,config,1391,0.38603215258137435,3,0.03854747240105727,False
4676,xss-reflected,mixed,CodeQL,warning,production,1793,0.6173492893760915,4,0.9641775949233995,False
4677,prototype-pollution,mixed,SonarQube,warning,test,1674,0.15219714256388017,2,0.331970367748035,True
4678,http-404-burst,clear_fp,Semgrep,error,test,286,0.7608871714662512,4,0.2230634610944705,True
4679,insecure-deser,clear_vp,Semgrep,note,production,169,0.25147613192651497,5,0.6947799461534385,False
4680,sql-injection,mixed,SonarQube,note,infra,381,0.9872164211725541,7,0.397240133063981,False
4681,public-subnet,mixed,CodeQL,warning,production,1352,0.03471014278671125,5,0.6717219309875556,True
4682,rce-confirmed,clear_vp,SonarQube,warning,infra,98,0.8358930744683252,5,0.345523140657792,False
4683,rds-public,mixed,SonarQube,error,production,957,0.8321774900886392,3,0.7553968029841571,False
4684,deserialization,clear_vp,SonarQube,error,infra,960,0.6370235122822412,3,0.18207360349884438,False
4685,bare-except,clear_fp,Semgrep,note,production,1552,0.09048408166687316,7,0.0321388840881518,True
4686,sql-injection,mixed,Semgrep,note,production,75,0.17278920456672842,4,0.7895516465914806,True
4687,rce-confirmed,clear_vp,CodeQL,error,production,260,0.5344291408327114,5,0.1770409913894191,False
4688,s3-no-encryption,mixed,CodeQL,warning,config,1377,0.3513859717826876,4,0.7566960065202346,False
4689,eval-detected,clear_fp,Semgrep,warning,production,1923,0.2734820822786618,3,0.14428688835514136,True
4690,sql-injection,mixed,SonarQube,warning,production,735,0.4512584399051728,7,0.6883565687650943,False
4691,sqli-confirmed,clear_vp,SonarQube,warning,production,1455,0.5824303580082317,5,0.9919316966031116,False
4692,insecure-deser,clear_vp,CodeQL,warning,test,821,0.86410334567355,6,0.30002466695650043,False
4693,hsts-missing,clear_fp,Semgrep,error,production,848,0.14853937906492998,3,0.6046821706532753,True
4694,http-404-burst,clear_fp,Semgrep,note,config,327,0.24130755996297537,5,0.6988359629245723,True
4695,bare-except,clear_fp,CodeQL,note,test,1558,0.2058142068580271,5,0.6569447299460957,True
4696,sql-injection,mixed,CodeQL,note,test,1049,0.19010561266008352,2,0.3301256210582132,True
4697,insecure-deser,clear_vp,Semgrep,none,test,1522,0.26856253801028973,2,0.10841571641336878,False
4698,malware-callback,clear_vp,CodeQL,warning,production,1787,0.5008033463151458,6,0.977166800511253,False
4699,malware-callback,clear_vp,CodeQL,note,config,1385,0.3726204301016026,5,0.6845492823701994,False
4700,ssrf-request,clear_vp,CodeQL,warning,production,154,0.6209703062606208,5,0.09632264849009353,False
4701,xss-reflected,mixed,CodeQL,error,config,412,0.8850930578915657,6,0.5326550580660641,True
4702,prototype-pollution,mixed,CodeQL,note,test,1299,0.34203741900804685,2,0.07172607017319477,True
4703,s3-no-encryption,mixed,CodeQL,note,test,1081,0.545275606601166,4,0.2531073383679838,False
4704,hardcoded-secret,mixed,CodeQL,warning,production,25,0.8240615928810386,4,0.8378214680964453,False
4705,latest-tag,clear_fp,SonarQube,warning,infra,1682,0.314468414852238,4,0.41950861959538854,True
4706,malware-callback,clear_vp,CodeQL,error,infra,1192,0.21172121420910117,2,0.8859063259938282,False
4707,assert-usage,clear_fp,CodeQL,warning,production,1552,0.12795413065131878,5,0.26511597772978623,True
4708,malware-callback,clear_vp,Semgrep,warning,production,286,0.5211757882794222,5,0.6346572115041288,False
4709,dom-xss,clear_vp,SonarQube,warning,config,988,0.8936418764310428,6,0.4162051812668839,False
4710,public-subnet,mixed,CodeQL,note,infra,245,0.4387449865754899,1,0.4843538124805954,False
4711,catch-generic,clear_fp,CodeQL,warning,config,477,0.6763694173796942,2,0.529733479603489,True
4712,deserialization,clear_vp,CodeQL,warning,production,886,0.8825656684855675,4,0.3991320626762369,False
4713,rds-public,mixed,Semgrep,warning,infra,1815,0.33565282156404186,6,0.5903743211800885,False
4714,csrf-missing,mixed,Semgrep,none,config,248,0.9985396662418137,1,0.0881528777278957,True
4715,csrf-missing,mixed,SonarQube,warning,production,713,0.5598516911782219,6,0.9019282991242334,True
4716,command-injection,clear_vp,CodeQL,none,production,621,0.019345170381947163,2,0.4697932299716969,False
4717,s3-no-encryption,mixed,CodeQL,none,production,1580,0.9128216497716243,3,0.736565434119525,True
4718,rce-confirmed,clear_vp,SonarQube,note,config,274,0.2098307119820263,6,0.3098897731051621,False
4719,rce-confirmed,clear_vp,CodeQL,warning,production,1626,0.03656919509471612,5,0.3688993825194974,False
4720,xss-reflected,mixed,Semgrep,note,production,1760,0.48775090134031074,5,0.18158252392557417,True
4721,latest-tag,clear_fp,SonarQube,error,test,1893,0.21910606997737925,5,0.8221398904218673,False
4722,open-redirect,mixed,CodeQL,none,production,1488,0.9694539576748589,4,0.20313529996439073,False
4723,ssrf-request,clear_vp,CodeQL,note,config,268,0.9818393277600184,5,0.7902917269389234,False
4724,ssrf-request,clear_vp,Semgrep,warning,infra,1673,0.04883007648796611,3,0.4643402160037482,False
4725,command-injection,clear_vp,SonarQube,error,production,289,0.644929668403208,6,0.30404986689869506,False
4726,malware-callback,clear_vp,Semgrep,note,config,370,0.7716081290362528,6,0.9266509717984287,False
4727,xss-reflected,mixed,Semgrep,note,config,930,0.8111404424571679,2,0.8028511552536013,True
4728,deserialization,clear_vp,CodeQL,none,production,162,0.8539903767014971,1,0.8684272331675332,True
4729,ssh-anomaly,mixed,Semgrep,none,production,1784,0.8350864563280583,7,0.8310934613898313,True
4730,rce-confirmed,clear_vp,SonarQube,note,production,1494,0.5746825723909965,4,0.23605806616597158,False
4731,hardcoded-secret,mixed,Semgrep,warning,test,1930,0.6130720298820463,5,0.28552007506518484,True
4732,deserialization,clear_vp,SonarQube,error,production,1107,0.4900611342920531,3,0.9228141502810951,False
4733,dns-exfiltration,clear_vp,SonarQube,error,config,399,0.72344700681125,4,0.9799054932004886,False
4734,path-traversal,mixed,Semgrep,warning,production,315,0.7072738812892629,1,0.836194217154001,True
4735,latest-tag,clear_fp,Semgrep,none,test,766,0.4369935272552643,2,0.35540649865247786,True
4736,bare-except,clear_fp,SonarQube,note,test,22,0.18806006071600057,4,0.08058664595438747,True
4737,public-subnet,mixed,SonarQube,note,test,209,0.5357545153734531,5,0.0691160129964774,True
4738,ssh-anomaly,mixed,SonarQube,warning,infra,1817,0.6878191749136586,1,0.4485313259284245,True
4739,dns-exfiltration,clear_vp,Semgrep,note,test,342,0.2548131775291521,2,0.09711098954028496,False
4740,public-subnet,mixed,Semgrep,warning,test,1162,0.7791601404607412,1,0.08048816391450553,True
4741,path-traversal,mixed,Semgrep,note,test,1959,0.20269576547808932,8,0.7381519897963088,True
4742,ssrf-request,clear_vp,CodeQL,warning,infra,601,0.4710082277451876,2,0.15786522601369735,False
4743,assert-usage,clear_fp,Semgrep,note,infra,721,0.6907288170006602,2,0.8294804171723481,True
4744,ssh-anomaly,mixed,CodeQL,warning,production,722,0.12727551758610312,7,0.3458914891267758,False
4745,latest-tag,clear_fp,SonarQube,warning,test,1135,0.8717611653274692,6,0.288775275033222,True
4746,ssrf-request,clear_vp,CodeQL,none,production,446,0.8335224070918761,12,0.0021781078905779294,False
4747,gdpr-data-leak,clear_vp,SonarQube,error,test,1882,0.721327527224228,4,0.3903964275874954,False
4748,command-injection,clear_vp,CodeQL,warning,production,948,0.5448542363776467,4,0.44263093702357503,False
4749,line-too-long,clear_fp,SonarQube,warning,test,952,0.8120016437774679,3,0.5343495501588525,True
4750,hardcoded-secret,mixed,SonarQube,error,production,1686,0.8006855806938954,1,0.4362402400402018,False
4751,insecure-deser,clear_vp,SonarQube,error,config,1551,0.6923239745010772,3,0.6250141993350907,False
4752,insecure-deser,clear_vp,SonarQube,none,infra,154,0.5312411119482922,4,0.2017887810289214,False
4753,line-too-long,clear_fp,SonarQube,warning,production,1575,0.09758977565782734,6,0.711332085808499,True
4754,path-traversal,mixed,Semgrep,note,production,656,0.7415428207858039,5,0.5037796311756175,False
4755,xss-reflected,mixed,SonarQube,none,production,1667,0.2155398833501182,2,0.7520954889185723,True
4756,http-404-burst,clear_fp,Semgrep,error,test,1594,0.12438224746102833,1,0.1687664818613741,True
4757,sql-injection,mixed,SonarQube,none,config,1617,0.7829632510107755,4,0.40386072602124456,True
4758,rce-confirmed,clear_vp,SonarQube,error,production,330,0.28272901238305503,2,0.20645626201468747,False
4759,hsts-missing,clear_fp,Semgrep,warning,production,1790,0.4308946302573806,6,0.08827816340042816,True
4760,bare-except,clear_fp,Semgrep,note,production,73,0.18391941455184624,2,0.16290875330652832,True
4761,public-subnet,mixed,CodeQL,note,test,1900,0.5979866065163444,3,0.3271822078145139,True
4762,prototype-pollution,mixed,Semgrep,warning,test,242,0.6267106278166824,5,0.6558783675511425,True
4763,assert-usage,clear_fp,CodeQL,error,config,357,0.8453790319656058,2,0.2564546737559992,True
4764,gdpr-data-leak,clear_vp,SonarQube,error,production,1366,0.8847934352143603,5,0.04911964711617223,False
4765,public-subnet,mixed,CodeQL,warning,infra,456,0.2521088493351663,2,0.7751067645011901,False
4766,sqli-confirmed,clear_vp,Semgrep,none,production,1980,0.7638196211609599,2,0.8099481997721392,False
4767,deserialization,clear_vp,Semgrep,warning,config,1410,0.6168469813289855,3,0.9695680951869324,True
4768,hsts-missing,clear_fp,Semgrep,note,config,122,0.18665456558294902,5,0.04646947741894358,True
4769,prototype-pollution,mixed,SonarQube,warning,config,1835,0.7621982703167218,6,0.17769230518692558,True
4770,sqli-confirmed,clear_vp,SonarQube,warning,test,1221,0.3950388694958148,1,0.6217330611726494,False
4771,prototype-pollution,mixed,CodeQL,error,production,432,0.6011754486640765,2,0.08681771280791806,False
4772,deserialization,clear_vp,CodeQL,error,production,1428,0.1538363409807484,3,0.041520035873905736,False
4773,csrf-missing,mixed,SonarQube,note,production,1793,0.7698907741138986,4,0.14529841815437994,True
4774,assert-usage,clear_fp,SonarQube,none,production,747,0.24634486426985702,2,0.19272152219969818,True
4775,eval-detected,clear_fp,SonarQube,none,production,1898,0.5228964797618699,3,0.7067956840599597,True
4776,sql-injection,mixed,SonarQube,error,infra,810,0.6860363071141048,2,0.3075936155982898,False
4777,insecure-deser,clear_vp,Semgrep,note,config,1939,0.0959092838429273,4,0.45136855374505713,False
4778,csrf-missing,mixed,SonarQube,none,config,559,0.4365667507471528,6,0.806758559051748,False
4779,line-too-long,clear_fp,Semgrep,warning,infra,100,0.849082822560823,3,0.12993248121677137,True
4780,unused-import,clear_fp,Semgrep,error,production,1341,0.2806164567038364,2,0.07580400949983668,False
4781,weak-cipher,mixed,SonarQube,warning,config,1123,0.1288571979116444,6,0.5087905794257392,True
4782,catch-generic,clear_fp,CodeQL,note,production,112,0.48354667645807636,5,0.24730287089441383,True
4783,rds-public,mixed,Semgrep,warning,infra,1560,0.25255498138797317,4,0.6981486547732347,False
4784,catch-generic,clear_fp,SonarQube,warning,production,38,0.4841040403852437,5,0.8814586175847963,False
4785,prototype-pollution,mixed,CodeQL,warning,infra,252,0.5659553938190977,4,0.5059585500156792,True
4786,catch-generic,clear_fp,CodeQL,error,config,1100,0.4951561527639986,1,0.31508907779820605,False
4787,bare-except,clear_fp,CodeQL,warning,test,822,0.8001165462428611,8,0.8513510707056113,True
4788,bare-except,clear_fp,CodeQL,note,config,830,0.22201527291171397,5,0.2815389084813721,True
4789,gdpr-data-leak,clear_vp,SonarQube,warning,test,735,0.6619766729632197,6,0.5060243058781912,True
4790,public-subnet,mixed,SonarQube,note,production,270,0.6638446236499556,2,0.31124993718529803,True
4791,dom-xss,clear_vp,SonarQube,error,production,821,0.7252835773491391,5,0.47807992115792863,False
4792,dns-exfiltration,clear_vp,CodeQL,note,infra,1600,0.8392573695342626,6,0.653029523343659,False
4793,unused-import,clear_fp,SonarQube,error,production,237,0.7061657034800944,3,0.524636462401998,True
4794,unused-import,clear_fp,SonarQube,note,config,1502,0.5253040793990129,5,0.964735340194816,True
4795,malware-callback,clear_vp,CodeQL,warning,config,1974,0.4261731563406663,4,0.06612342707742003,False
4796,line-too-long,clear_fp,CodeQL,none,config,111,0.14177700047202801,5,0.3444332454859411,True
4797,gdpr-data-leak,clear_vp,SonarQube,note,infra,666,0.36675460051420994,5,0.17769434556093677,False
4798,line-too-long,clear_fp,Semgrep,note,production,1618,0.9581998611642427,5,0.10939948821982848,False
4799,csrf-missing,mixed,SonarQube,warning,production,1158,0.9228070463591977,4,0.8079371438941564,False
4800,insecure-deser,clear_vp,CodeQL,warning,test,782,0.25955851691514653,3,0.7478117475784407,False
4801,weak-cipher,mixed,CodeQL,note,production,1559,0.8020694380149382,6,0.1346189765401017,False
4802,rds-public,mixed,Semgrep,warning,production,1544,0.818232125205534,7,0.6950354423712031,False
4803,prototype-pollution,mixed,Semgrep,note,production,1656,0.5348071290046139,3,0.2998494016343617,True
4804,insecure-deser,clear_vp,Semgrep,warning,config,1526,0.03456636216018705,1,0.28002687156018324,False
4805,catch-generic,clear_fp,Semgrep,warning,test,113,0.011469965948110561,12,0.8611318746157088,True
4806,line-too-long,clear_fp,CodeQL,warning,production,219,0.837832513562536,5,0.11165754102898906,True
4807,command-injection,clear_vp,Semgrep,note,infra,261,0.08154241874585211,4,0.6868771765329704,False
4808,deserialization,clear_vp,SonarQube,note,test,94,0.3984215243652477,5,0.7253651111894501,False
4809,hardcoded-secret,mixed,Semgrep,note,infra,1827,0.5185385836448358,7,0.49790507787103166,True
4810,gdpr-data-leak,clear_vp,CodeQL,warning,production,1838,0.03985720506066226,5,0.8849984416775764,False
4811,ssh-anomaly,mixed,SonarQube,note,production,1374,0.4681194492407159,1,0.13089348217976438,False
4812,public-subnet,mixed,Semgrep,warning,infra,269,0.8400810903989646,4,0.7668707641187623,False
4813,eval-detected,clear_fp,CodeQL,none,config,183,0.8971117030616488,4,0.49138467255422014,False
4814,unused-import,clear_fp,Semgrep,warning,production,361,0.1753287067856184,4,0.031522807239489636,True
4815,ssrf-request,clear_vp,CodeQL,none,production,469,0.8348336388143754,3,0.30171811251418057,False
4816,todo-comment,clear_fp,Semgrep,error,infra,1795,0.42833495858059456,7,0.30810861708648885,True
4817,insecure-deser,clear_vp,SonarQube,error,production,1599,0.04932986079345003,5,0.27051288028123954,False
4818,xss-reflected,mixed,SonarQube,note,test,71,0.24416758712776943,3,0.2893088831420241,True
4819,insecure-deser,clear_vp,Semgrep,warning,test,449,0.43144682451482363,6,0.2917861093867715,False
4820,ssrf-request,clear_vp,Semgrep,warning,test,1536,0.9632645806093222,3,0.6096479315165154,False
4821,insecure-deser,clear_vp,CodeQL,note,production,704,0.8168333718844557,6,0.6574173531935407,False
4822,catch-generic,clear_fp,Semgrep,error,test,1878,0.17652195315470331,3,0.5087431173705877,True
4823,public-subnet,mixed,Semgrep,error,production,175,0.0050263727620234455,1,0.22672823805255837,False
4824,malware-callback,clear_vp,Semgrep,note,test,1065,0.38656290484220024,6,0.2673375018124461,False
4825,open-redirect,mixed,CodeQL,none,test,220,0.5825400621923136,3,0.09303205418160543,True
4826,assert-usage,clear_fp,SonarQube,warning,config,184,0.2154349681572797,4,0.9434704706966093,True
4827,ssrf-request,clear_vp,SonarQube,warning,infra,775,0.6619836924038669,3,0.28330087734347154,False
4828,dns-exfiltration,clear_vp,Semgrep,none,infra,695,0.09962239482293478,7,0.720314858368263,False
4829,unused-import,clear_fp,CodeQL,note,test,477,0.3792365552235778,4,0.6822815134417629,True
4830,public-subnet,mixed,Semgrep,none,production,1734,0.8839757871218005,4,0.8968176707918019,False
4831,deserialization,clear_vp,Semgrep,error,config,1240,0.6344255835658051,3,0.7809482289675277,False
4832,ssh-anomaly,mixed,Semgrep,none,production,998,0.561341550279908,3,0.8380539483285983,False
4833,bare-except,clear_fp,Semgrep,note,production,197,0.8231910503226506,7,0.6091405762139074,False
4834,latest-tag,clear_fp,SonarQube,warning,test,1883,0.8923287636881861,2,0.3203546550046542,True
4835,rds-public,mixed,SonarQube,warning,config,975,0.10012098258414537,7,0.4165358010340372,True
4836,rds-public,mixed,Semgrep,warning,infra,657,0.8852446146055107,5,0.4685224367247839,True
4837,hardcoded-secret,mixed,CodeQL,warning,production,74,0.7964431039249779,4,0.8101561051136001,False
4838,hardcoded-secret,mixed,Semgrep,none,production,1196,0.021479049639596903,7,0.4174385261444883,True
4839,sqli-confirmed,clear_vp,CodeQL,warning,infra,399,0.16492173671132349,5,0.9671494168769895,False
4840,dom-xss,clear_vp,CodeQL,note,production,1439,0.0047066026264893646,1,0.8202996173712764,False
4841,http-404-burst,clear_fp,CodeQL,warning,production,536,0.4186519809039032,3,0.511590685649486,True
4842,malware-callback,clear_vp,CodeQL,warning,production,1949,0.9441074824141817,4,0.7352700630926098,False
4843,eval-detected,clear_fp,Semgrep,none,test,265,0.31302294884240245,1,0.631806731825853,True
4844,line-too-long,clear_fp,CodeQL,note,config,1795,0.3604357747203051,3,0.8765538213142944,True
4845,command-injection,clear_vp,SonarQube,error,production,1869,0.17435755896208627,2,0.4836189187179786,True
4846,line-too-long,clear_fp,Semgrep,none,test,667,0.8270430180725109,3,0.5977185873650079,True
4847,catch-generic,clear_fp,SonarQube,error,test,203,0.9581414975607105,2,0.8806234424857602,True
4848,unused-import,clear_fp,CodeQL,warning,production,1577,0.6333462694818437,2,0.6777046509190993,True
4849,eval-detected,clear_fp,SonarQube,note,infra,755,0.994387925171691,4,0.9402194946668623,False
4850,rds-public,mixed,SonarQube,note,production,988,0.4097843937452187,3,0.4190727335504364,True
4851,sqli-confirmed,clear_vp,SonarQube,none,production,1342,0.4155730434646756,4,0.4374117744686682,False
4852,malware-callback,clear_vp,CodeQL,none,config,1768,0.5474694984274203,1,0.49794733350803433,False
4853,rds-public,mixed,CodeQL,error,production,121,0.517459251153771,5,0.05704333928954575,False
4854,public-subnet,mixed,SonarQube,note,config,1047,0.48636441848332257,4,0.85884464740688,True
4855,sql-injection,mixed,CodeQL,note,production,1062,0.228483547990047,6,0.611563152908868,False
4856,deserialization,clear_vp,CodeQL,warning,config,1958,0.10501227056179518,3,0.7180769373595963,False
4857,eval-detected,clear_fp,CodeQL,warning,infra,1213,0.32715753145719983,1,0.7873738699777667,True
4858,hardcoded-secret,mixed,Semgrep,error,infra,206,0.9060580383484762,2,0.18478464022110186,False
4859,insecure-deser,clear_vp,CodeQL,error,infra,1437,0.7072525285834177,3,0.07648141011602783,False
4860,csrf-missing,mixed,Semgrep,none,production,1418,0.8619408348732794,3,0.028306089205158425,False
4861,s3-no-encryption,mixed,Semgrep,note,production,1790,0.6219942735393648,5,0.31618267331337746,True
4862,command-injection,clear_vp,CodeQL,error,infra,1505,0.13874074680612503,2,0.7465586815321908,True
4863,s3-no-encryption,mixed,Semgrep,warning,production,695,0.32382919512198316,4,0.02588622878068436,True
4864,http-404-burst,clear_fp,Semgrep,warning,test,1191,0.349905986292374,3,0.14302655366611217,True
4865,path-traversal,mixed,Semgrep,note,production,1221,0.6117292904814978,1,0.044294677406759186,True
4866,weak-cipher,mixed,SonarQube,warning,config,884,0.9612297246807171,1,0.4033778957910362,True
4867,line-too-long,clear_fp,Semgrep,note,config,1,0.7110607823097927,4,0.2498117433542869,True
4868,hardcoded-secret,mixed,CodeQL,warning,production,1417,0.7874613052384857,3,0.22471546727884173,True
4869,unused-import,clear_fp,CodeQL,warning,production,1760,0.8869298075015412,3,0.2995442334099956,True
4870,line-too-long,clear_fp,CodeQL,warning,test,1047,0.4747870159688281,4,0.754808634918326,True
4871,malware-callback,clear_vp,CodeQL,warning,test,1237,0.19160566435788184,1,0.17065061283539318,False
4872,command-injection,clear_vp,CodeQL,warning,production,443,0.7019077423792078,3,0.37451946961007265,False
4873,command-injection,clear_vp,Semgrep,error,test,1072,0.6307474513652209,2,0.11030679297291224,False
4874,http-404-burst,clear_fp,Semgrep,warning,config,543,0.41638067740476703,2,0.32942255385233554,True
4875,ssh-anomaly,mixed,SonarQube,warning,test,1622,0.01813546620077544,6,0.0995990884577449,True
4876,latest-tag,clear_fp,Semgrep,error,production,1436,0.7147171293399639,5,0.3803328839314609,True
4877,xss-reflected,mixed,SonarQube,note,infra,353,0.9666903352380966,1,0.3545484434977576,True
4878,open-redirect,mixed,Semgrep,none,production,1183,0.17477453367580364,3,0.9999396960457185,False
4879,malware-callback,clear_vp,Semgrep,warning,config,1205,0.31355546320325944,2,0.5876986580101151,False
4880,sql-injection,mixed,CodeQL,error,test,1767,0.33025050597650873,4,0.011160305481343724,False
4881,open-redirect,mixed,CodeQL,warning,infra,549,0.44177524174321237,2,0.894492821398953,False
4882,hsts-missing,clear_fp,Semgrep,note,config,1124,0.17951650751623272,6,0.1711012865251652,True
4883,path-traversal,mixed,SonarQube,note,test,1979,0.8934162901871824,4,0.3725831553144776,True
4884,deserialization,clear_vp,SonarQube,none,infra,1800,0.9580507709877614,3,0.9670443328809968,False
4885,deserialization,clear_vp,Semgrep,note,test,1592,0.012043145712425152,4,0.4687467939827755,False
4886,malware-callback,clear_vp,CodeQL,warning,production,376,0.3957783986778156,2,0.9512161871092364,False
4887,bare-except,clear_fp,CodeQL,note,test,1830,0.5274381699995048,4,0.47794194637338727,True
4888,path-traversal,mixed,CodeQL,warning,production,1837,0.4997481876071035,1,0.9446747954051168,False
4889,unused-import,clear_fp,SonarQube,warning,production,1139,0.909007734777589,5,0.7395691805700706,True
4890,hsts-missing,clear_fp,SonarQube,note,test,1331,0.7451619374905866,3,0.935856705627567,True
4891,rds-public,mixed,Semgrep,warning,production,251,0.8489470505442724,5,0.04711252639559538,False
4892,malware-callback,clear_vp,SonarQube,warning,test,852,0.15599658831427232,6,0.7606069725158155,False
4893,path-traversal,mixed,CodeQL,warning,infra,1948,0.660697655311025,6,0.4684290205306303,False
4894,sql-injection,mixed,Semgrep,warning,test,1439,0.7968198932432787,6,0.6372611979690993,True
4895,csrf-missing,mixed,Semgrep,warning,production,235,0.1396714243823186,3,0.026786415880126535,False
4896,dom-xss,clear_vp,CodeQL,warning,production,1083,0.7405964451075835,3,0.045097692912103526,True
4897,gdpr-data-leak,clear_vp,Semgrep,note,production,1123,0.33481974919786006,4,0.4893782980598189,False
4898,public-subnet,mixed,Semgrep,warning,production,729,0.6241693211540613,3,0.0012564070943131833,False
4899,command-injection,clear_vp,CodeQL,warning,production,1730,0.57929813711889,3,0.33291334128064,False
4900,hsts-missing,clear_fp,SonarQube,warning,production,1615,0.0679735048234037,4,0.8991458452768115,True
4901,insecure-deser,clear_vp,SonarQube,warning,production,1657,0.03783245123706058,3,0.2623684663515926,False
4902,prototype-pollution,mixed,SonarQube,warning,production,1451,0.7882306377906901,3,0.23289544406596707,True
4903,rds-public,mixed,Semgrep,error,production,714,0.5558357239593209,5,0.8440143682522989,False
4904,ssrf-request,clear_vp,Semgrep,note,config,688,0.9501571220999137,2,0.4970686364547421,False
4905,dns-exfiltration,clear_vp,SonarQube,warning,test,1794,0.616467888741079,6,0.41432397401559873,True
4906,insecure-deser,clear_vp,Semgrep,note,test,246,0.8426165920245922,5,0.8760433837817801,False
4907,deserialization,clear_vp,SonarQube,warning,test,107,0.9186216800764823,3,0.7699841164155568,False
4908,dom-xss,clear_vp,Semgrep,error,config,1941,0.8615671613099481,4,0.9079348429995895,False
4909,catch-generic,clear_fp,Semgrep,note,production,92,0.6429118323693761,7,0.19751445669531753,True
4910,csrf-missing,mixed,CodeQL,none,test,605,0.23049192108251337,3,0.7644275943181079,True
4911,s3-no-encryption,mixed,CodeQL,warning,config,1547,0.8292275037730703,7,0.11724784740614336,False
4912,sqli-confirmed,clear_vp,CodeQL,error,production,1268,0.708421561187668,6,0.8154885874228592,False
4913,unused-import,clear_fp,Semgrep,warning,test,43,0.7312811158847887,5,0.5552038710542886,True
4914,todo-comment,clear_fp,SonarQube,error,infra,1281,0.07298446649523971,7,0.3759599880510135,True
4915,todo-comment,clear_fp,Semgrep,error,production,417,0.9812718767158575,3,0.9737805884849273,True
4916,deserialization,clear_vp,CodeQL,error,production,1634,0.5205581562436536,5,0.15016415176745346,False
4917,latest-tag,clear_fp,Semgrep,note,test,1810,0.8276293178320805,4,0.8319046972358672,True
4918,weak-cipher,mixed,CodeQL,warning,production,595,0.09572964005793605,6,0.2516636885144832,False
4919,command-injection,clear_vp,SonarQube,note,production,1083,0.8330178695541769,2,0.6455057125102959,False
4920,bare-except,clear_fp,CodeQL,error,test,1683,0.04284793926116004,6,0.9222697689267244,False
4921,sql-injection,mixed,Semgrep,note,test,1385,0.5590963290522933,4,0.7382390353787719,True
4922,sqli-confirmed,clear_vp,CodeQL,note,config,1229,0.8838453772259509,3,0.7153100380130427,False
4923,latest-tag,clear_fp,CodeQL,warning,production,1591,0.6417873307469153,6,0.713002502613035,True
4924,s3-no-encryption,mixed,SonarQube,note,production,21,0.26394653153231595,5,0.6712604873959325,True
4925,malware-callback,clear_vp,SonarQube,error,infra,553,0.6636700606237494,5,0.3260671293927926,False
4926,s3-no-encryption,mixed,CodeQL,error,production,1791,0.6472940223845342,5,0.8605636932698046,False
4927,rce-confirmed,clear_vp,CodeQL,warning,config,542,0.2526757900997859,4,0.9654708675166476,False
4928,command-injection,clear_vp,CodeQL,warning,config,1959,0.18948485813355498,4,0.4354278634030213,False
4929,ssh-anomaly,mixed,CodeQL,note,production,688,0.4035169875347209,4,0.9553336004357854,True
4930,public-subnet,mixed,SonarQube,error,infra,299,0.170236333869342,2,0.5997205659442991,False
4931,deserialization,clear_vp,Semgrep,warning,infra,1587,0.8302352861025298,2,0.16616859399350536,False
4932,line-too-long,clear_fp,SonarQube,warning,production,1607,0.7598237648667272,3,0.41023825894227517,True
4933,bare-except,clear_fp,SonarQube,warning,test,1858,0.9102562485519841,4,0.5902814080564759,True
4934,command-injection,clear_vp,SonarQube,error,config,136,0.1644949205192544,4,0.8777551314126003,False
4935,hardcoded-secret,mixed,CodeQL,warning,config,44,0.3567007701575309,3,0.730596146167684,False
4936,bare-except,clear_fp,CodeQL,warning,config,1384,0.8741357158210343,3,0.6945187625713655,True
4937,malware-callback,clear_vp,SonarQube,note,production,643,0.5528661170875194,3,0.2951156577427656,False
4938,rce-confirmed,clear_vp,CodeQL,warning,production,241,0.26461493204185327,4,0.5879820832255769,False
4939,sqli-confirmed,clear_vp,SonarQube,none,infra,1170,0.4044217925796769,3,0.48246051603353823,False
4940,open-redirect,mixed,Semgrep,error,production,1456,0.7614032437327631,3,0.17085221625075286,False
4941,open-redirect,mixed,SonarQube,warning,test,1161,0.0878722019482504,4,0.723000954132139,True
4942,sqli-confirmed,clear_vp,SonarQube,error,test,1005,0.853783065126125,9,0.15442865761179636,False
4943,gdpr-data-leak,clear_vp,CodeQL,warning,config,1658,0.26165308712820445,3,0.11104437108816034,False
4944,rce-confirmed,clear_vp,CodeQL,note,test,434,0.36243034895508996,5,0.25358065095410864,False
4945,assert-usage,clear_fp,SonarQube,error,production,202,0.4059190971182377,2,0.674813461416507,False
4946,ssrf-request,clear_vp,CodeQL,error,production,1890,0.2796711453684946,3,0.7864814190307154,False
4947,latest-tag,clear_fp,SonarQube,note,test,316,0.04562961377961172,2,0.40618845134449866,False
4948,csrf-missing,mixed,CodeQL,warning,production,839,0.6764852962834645,5,0.7467330738389173,False
4949,insecure-deser,clear_vp,SonarQube,error,infra,33,0.6570169955491293,4,0.9515644307662836,False
4950,bare-except,clear_fp,SonarQube,note,infra,360,0.9673959873786709,8,0.6070900680613476,True
4951,hardcoded-secret,mixed,Semgrep,note,production,472,0.23621049564735686,5,0.9994550795994208,True
4952,command-injection,clear_vp,CodeQL,warning,production,975,0.6053056902774968,3,0.928605440736903,False
4953,csrf-missing,mixed,CodeQL,note,production,1206,0.4094351499986806,1,0.39187328936043053,True
4954,gdpr-data-leak,clear_vp,CodeQL,note,config,1527,0.6076970017489703,1,0.7495223685342168,False
4955,eval-detected,clear_fp,CodeQL,warning,infra,1901,0.22050675945194664,3,0.3069971090899827,True
4956,weak-cipher,mixed,Semgrep,warning,production,1728,0.9582983180441018,6,0.5394756516697553,True
4957,todo-comment,clear_fp,SonarQube,none,production,1358,0.38064217389039867,5,0.238124203957351,True
4958,rce-confirmed,clear_vp,CodeQL,error,infra,1925,0.2401438094366305,3,0.4535583117716506,False
4959,csrf-missing,mixed,Semgrep,warning,production,1060,0.7172307697285148,7,0.6525360642594213,False
4960,ssh-anomaly,mixed,Semgrep,error,test,1413,0.77824461855757,4,0.00837259725687678,True
4961,s3-no-encryption,mixed,CodeQL,warning,production,553,0.8728529267591081,2,0.701016894983179,False
4962,bare-except,clear_fp,Semgrep,warning,test,1042,0.8887343561148183,3,0.6718754825578105,True
4963,hardcoded-secret,mixed,Semgrep,warning,production,826,0.7308077934751207,7,0.11055081810404499,True
4964,open-redirect,mixed,CodeQL,warning,test,712,0.8870484506316244,3,0.4816623514049464,True
4965,line-too-long,clear_fp,SonarQube,note,production,1174,0.8044928760225698,4,0.9240648156692135,True
4966,sqli-confirmed,clear_vp,Semgrep,error,production,1685,0.5261496401807086,5,0.7049356593063967,False
4967,dom-xss,clear_vp,SonarQube,note,infra,1673,0.02875202369020302,7,0.8053832013619835,False
4968,prototype-pollution,mixed,SonarQube,note,production,1160,0.2754921344217949,2,0.7666920351640301,True
4969,hardcoded-secret,mixed,Semgrep,error,production,849,0.3136590958885659,4,0.06316838633046118,False
4970,rce-confirmed,clear_vp,SonarQube,none,test,1414,0.347721810493527,5,0.8710603089972236,False
4971,command-injection,clear_vp,CodeQL,warning,production,1389,0.21961722146443008,2,0.5328071473808441,False
4972,deserialization,clear_vp,CodeQL,warning,production,1518,0.5338107286057822,5,0.21435529824735966,False
4973,rds-public,mixed,SonarQube,note,production,771,0.6308372881201235,4,0.7949344216944044,True
4974,unused-import,clear_fp,CodeQL,none,test,232,0.893163141112903,5,0.28802869431122713,True
4975,s3-no-encryption,mixed,Semgrep,note,production,599,0.9011759586464195,3,0.4993244929506777,True
4976,dom-xss,clear_vp,SonarQube,warning,test,1746,0.1705062049977536,6,0.12292811256599456,False
4977,dns-exfiltration,clear_vp,Semgrep,error,production,44,0.2167085950957095,3,0.15444936618521465,False
4978,insecure-deser,clear_vp,Semgrep,none,config,1211,0.716124820807713,5,0.3050174712393051,False
4979,latest-tag,clear_fp,SonarQube,warning,infra,1085,0.06469919067842855,8,0.7202714712717339,True
4980,dom-xss,clear_vp,Semgrep,note,infra,1307,0.526110222205764,4,0.1935555482847543,False
4981,rds-public,mixed,Semgrep,warning,production,1600,0.9756963802732299,3,0.5767949435256203,False
4982,eval-detected,clear_fp,CodeQL,error,production,1483,0.2621601495179785,4,0.3462967305968273,True
4983,bare-except,clear_fp,SonarQube,warning,config,1202,0.5842470986880149,1,0.920291903949599,True
4984,hsts-missing,clear_fp,SonarQube,note,config,1480,0.7592133378008218,5,0.15191888562864153,True
4985,insecure-deser,clear_vp,SonarQube,note,production,275,0.3060281444286371,3,0.28472800347489813,True
4986,rce-confirmed,clear_vp,CodeQL,none,production,172,0.9099900967767914,8,0.207886748911688,False
4987,hsts-missing,clear_fp,CodeQL,warning,test,755,0.027701120748561903,6,0.24384985373836243,True
4988,eval-detected,clear_fp,Semgrep,warning,infra,553,0.6366264091370968,2,0.9906953145364292,True
4989,assert-usage,clear_fp,SonarQube,warning,config,1799,0.4487139950934056,2,0.15838979601679748,True
4990,xss-reflected,mixed,CodeQL,warning,production,876,0.08830804293774541,3,0.8154143041233498,True
4991,line-too-long,clear_fp,CodeQL,warning,production,508,0.8463241973671747,1,0.42225242392967155,True
4992,todo-comment,clear_fp,Semgrep,error,config,663,0.243884586646679,4,0.9833174195085536,True
4993,catch-generic,clear_fp,CodeQL,error,config,1039,0.1902238009079561,6,0.8248137221887295,True
4994,bare-except,clear_fp,SonarQube,error,config,1224,0.3907489413103492,4,0.4834392193782804,False
4995,todo-comment,clear_fp,SonarQube,error,test,169,0.06439975583816893,3,0.3452069808517253,True
4996,public-subnet,mixed,Semgrep,error,production,1891,0.2976547337760497,3,0.38824576967404467,False
4997,dom-xss,clear_vp,CodeQL,warning,production,1188,0.18810370984059732,6,0.21379176306460757,False
4998,http-404-burst,clear_fp,SonarQube,error,config,1529,0.10890572499409545,2,0.9629110754194686,True
4999,prototype-pollution,mixed,Semgrep,warning,config,362,0.49034909509638513,8,0.08914149369955982,True
