test_name,file_path,category,cwe,is_vulnerable
BenchmarkTest00001,src/main/java/org/owasp/benchmark/testcode/BenchmarkTest00001.java,pathtraver,22,True
BenchmarkTest00002,src/main/java/org/owasp/benchmark/testcode/BenchmarkTest00002.java,pathtraver,22,True
BenchmarkTest00003,src/main/java/org/owasp/benchmark/testcode/BenchmarkTest00003.java,hash,328,True
BenchmarkTest00004,src/main/java/org/owasp/benchmark/testcode/BenchmarkTest00004.java,trustbound,501,True
BenchmarkTest00005,src/main/java/org/owasp/benchmark/testcode/BenchmarkTest00005.java,crypto,327,True
BenchmarkTest00006,src/main/java/org/owasp/benchmark/testcode/BenchmarkTest00006.java,cmdi,78,True
BenchmarkTest00007,src/main/java/org/owasp/benchmark/testcode/BenchmarkTest00007.java,cmdi,78,True
BenchmarkTest00008,src/main/java/org/owasp/benchmark/testcode/BenchmarkTest00008.java,sqli,89,True
BenchmarkTest00009,src/main/java/org/owasp/benchmark/testcode/BenchmarkTest00009.java,hash,328,False
BenchmarkTest00010,src/main/java/org/owasp/benchmark/testcode/BenchmarkTest00010.java,weakrand,330,False
BenchmarkTest00011,src/main/java/org/owasp/benchmark/testcode/BenchmarkTest00011.java,pathtraver,22,True
BenchmarkTest00012,src/main/java/org/owasp/benchmark/testcode/BenchmarkTest00012.java,ldapi,90,True
BenchmarkTest00013,src/main/java/org/owasp/benchmark/testcode/BenchmarkTest00013.java,xss,79,True
BenchmarkTest00014,src/main/java/org/owasp/benchmark/testcode/BenchmarkTest00014.java,xss,79,True
BenchmarkTest00015,src/main/java/org/owasp/benchmark/testcode/BenchmarkTest00015.java,cmdi,78,True
BenchmarkTest00016,src/main/java/org/owasp/benchmark/testcode/BenchmarkTest00016.java,securecookie,614,False
BenchmarkTest00017,src/main/java/org/owasp/benchmark/testcode/BenchmarkTest00017.java,cmdi,78,True
BenchmarkTest00018,src/main/java/org/owasp/benchmark/testcode/BenchmarkTest00018.java,sqli,89,True
BenchmarkTest00019,src/main/java/org/owasp/benchmark/testcode/BenchmarkTest00019.java,crypto,327,True
BenchmarkTest00020,src/main/java/org/owasp/benchmark/testcode/BenchmarkTest00020.java,crypto,327,True
BenchmarkTest00021,src/main/java/org/owasp/benchmark/testcode/BenchmarkTest00021.java,ldapi,90,True
BenchmarkTest00022,src/main/java/org/owasp/benchmark/testcode/BenchmarkTest00022.java,hash,328,False
BenchmarkTest00023,src/main/java/org/owasp/benchmark/testcode/BenchmarkTest00023.java,weakrand,330,True
BenchmarkTest00024,src/main/java/org/owasp/benchmark/testcode/BenchmarkTest00024.java,sqli,89,True
BenchmarkTest00025,src/main/java/org/owasp/benchmark/testcode/BenchmarkTest00025.java,sqli,89,True
BenchmarkTest00026,src/main/java/org/owasp/benchmark/testcode/BenchmarkTest00026.java,sqli,89,True
BenchmarkTest00027,src/main/java/org/owasp/benchmark/testcode/BenchmarkTest00027.java,sqli,89,True
BenchmarkTest00028,src/main/java/org/owasp/benchmark/testcode/BenchmarkTest00028.java,pathtraver,22,True
BenchmarkTest00029,src/main/java/org/owasp/benchmark/testcode/BenchmarkTest00029.java,hash,328,True
BenchmarkTest00030,src/main/java/org/owasp/benchmark/testcode/BenchmarkTest00030.java,xss,79,True
BenchmarkTest00031,src/main/java/org/owasp/benchmark/testcode/BenchmarkTest00031.java,trustbound,501,True
BenchmarkTest00032,src/main/java/org/owasp/benchmark/testcode/BenchmarkTest00032.java,sqli,89,True
BenchmarkTest00033,src/main/java/org/owasp/benchmark/testcode/BenchmarkTest00033.java,sqli,89,True
BenchmarkTest00034,src/main/java/org/owasp/benchmark/testcode/BenchmarkTest00034.java,sqli,89,True
BenchmarkTest00035,src/main/java/org/owasp/benchmark/testcode/BenchmarkTest00035.java,crypto,327,True
BenchmarkTest00036,src/main/java/org/owasp/benchmark/testcode/BenchmarkTest00036.java,xss,79,True
BenchmarkTest00037,src/main/java/org/owasp/benchmark/testcode/BenchmarkTest00037.java,sqli,89,True
BenchmarkTest00038,src/main/java/org/owasp/benchmark/testcode/BenchmarkTest00038.java,sqli,89,True
BenchmarkTest00039,src/main/java/org/owasp/benchmark/testcode/BenchmarkTest00039.java,sqli,89,True
BenchmarkTest00040,src/main/java/org/owasp/benchmark/testcode/BenchmarkTest00040.java,pathtraver,22,True
BenchmarkTest00041,src/main/java/org/owasp/benchmark/testcode/BenchmarkTest00041.java,xss,79,True
BenchmarkTest00042,src/main/java/org/owasp/benchmark/testcode/BenchmarkTest00042.java,weakrand,330,False
BenchmarkTest00043,src/main/java/org/owasp/benchmark/testcode/BenchmarkTest00043.java,sqli,89,True
BenchmarkTest00044,src/main/java/org/owasp/benchmark/testcode/BenchmarkTest00044.java,ldapi,90,True
BenchmarkTest00045,src/main/java/org/owasp/benchmark/testcode/BenchmarkTest00045.java,pathtraver,22,True
BenchmarkTest00046,src/main/java/org/owasp/benchmark/testcode/BenchmarkTest00046.java,hash,328,True
BenchmarkTest00047,src/main/java/org/owasp/benchmark/testcode/BenchmarkTest00047.java,xss,79,True
BenchmarkTest00048,src/main/java/org/owasp/benchmark/testcode/BenchmarkTest00048.java,xss,79,True
BenchmarkTest00049,src/main/java/org/owasp/benchmark/testcode/BenchmarkTest00049.java,xss,79,True
BenchmarkTest00050,src/main/java/org/owasp/benchmark/testcode/BenchmarkTest00050.java,crypto,327,True
BenchmarkTest00051,src/main/java/org/owasp/benchmark/testcode/BenchmarkTest00051.java,cmdi,78,False
BenchmarkTest00052,src/main/java/org/owasp/benchmark/testcode/BenchmarkTest00052.java,sqli,89,False
BenchmarkTest00053,src/main/java/org/owasp/benchmark/testcode/BenchmarkTest00053.java,crypto,327,True
BenchmarkTest00054,src/main/java/org/owasp/benchmark/testcode/BenchmarkTest00054.java,crypto,327,False
BenchmarkTest00055,src/main/java/org/owasp/benchmark/testcode/BenchmarkTest00055.java,crypto,327,True
BenchmarkTest00056,src/main/java/org/owasp/benchmark/testcode/BenchmarkTest00056.java,crypto,327,True
BenchmarkTest00057,src/main/java/org/owasp/benchmark/testcode/BenchmarkTest00057.java,crypto,327,True
BenchmarkTest00058,src/main/java/org/owasp/benchmark/testcode/BenchmarkTest00058.java,crypto,327,False
BenchmarkTest00059,src/main/java/org/owasp/benchmark/testcode/BenchmarkTest00059.java,crypto,327,False
BenchmarkTest00060,src/main/java/org/owasp/benchmark/testcode/BenchmarkTest00060.java,pathtraver,22,True
BenchmarkTest00061,src/main/java/org/owasp/benchmark/testcode/BenchmarkTest00061.java,pathtraver,22,True
BenchmarkTest00062,src/main/java/org/owasp/benchmark/testcode/BenchmarkTest00062.java,pathtraver,22,True
BenchmarkTest00063,src/main/java/org/owasp/benchmark/testcode/BenchmarkTest00063.java,pathtraver,22,False
BenchmarkTest00064,src/main/java/org/owasp/benchmark/testcode/BenchmarkTest00064.java,pathtraver,22,False
BenchmarkTest00065,src/main/java/org/owasp/benchmark/testcode/BenchmarkTest00065.java,pathtraver,22,True
BenchmarkTest00066,src/main/java/org/owasp/benchmark/testcode/BenchmarkTest00066.java,weakrand,330,True
BenchmarkTest00067,src/main/java/org/owasp/benchmark/testcode/BenchmarkTest00067.java,weakrand,330,True
BenchmarkTest00068,src/main/java/org/owasp/benchmark/testcode/BenchmarkTest00068.java,weakrand,330,True
BenchmarkTest00069,src/main/java/org/owasp/benchmark/testcode/BenchmarkTest00069.java,hash,328,False
BenchmarkTest00070,src/main/java/org/owasp/benchmark/testcode/BenchmarkTest00070.java,hash,328,True
BenchmarkTest00071,src/main/java/org/owasp/benchmark/testcode/BenchmarkTest00071.java,hash,328,True
BenchmarkTest00072,src/main/java/org/owasp/benchmark/testcode/BenchmarkTest00072.java,hash,328,False
BenchmarkTest00073,src/main/java/org/owasp/benchmark/testcode/BenchmarkTest00073.java,hash,328,True
BenchmarkTest00074,src/main/java/org/owasp/benchmark/testcode/BenchmarkTest00074.java,hash,328,True
BenchmarkTest00075,src/main/java/org/owasp/benchmark/testcode/BenchmarkTest00075.java,hash,328,False
BenchmarkTest00076,src/main/java/org/owasp/benchmark/testcode/BenchmarkTest00076.java,hash,328,False
BenchmarkTest00077,src/main/java/org/owasp/benchmark/testcode/BenchmarkTest00077.java,cmdi,78,True
BenchmarkTest00078,src/main/java/org/owasp/benchmark/testcode/BenchmarkTest00078.java,weakrand,330,True
BenchmarkTest00079,src/main/java/org/owasp/benchmark/testcode/BenchmarkTest00079.java,weakrand,330,True
BenchmarkTest00080,src/main/java/org/owasp/benchmark/testcode/BenchmarkTest00080.java,weakrand,330,True
BenchmarkTest00081,src/main/java/org/owasp/benchmark/testcode/BenchmarkTest00081.java,weakrand,330,True
BenchmarkTest00082,src/main/java/org/owasp/benchmark/testcode/BenchmarkTest00082.java,weakrand,330,True
BenchmarkTest00083,src/main/java/org/owasp/benchmark/testcode/BenchmarkTest00083.java,weakrand,330,True
BenchmarkTest00084,src/main/java/org/owasp/benchmark/testcode/BenchmarkTest00084.java,weakrand,330,True
BenchmarkTest00085,src/main/java/org/owasp/benchmark/testcode/BenchmarkTest00085.java,weakrand,330,True
BenchmarkTest00086,src/main/java/org/owasp/benchmark/testcode/BenchmarkTest00086.java,weakrand,330,True
BenchmarkTest00087,src/main/java/org/owasp/benchmark/testcode/BenchmarkTest00087.java,securecookie,614,True
BenchmarkTest00088,src/main/java/org/owasp/benchmark/testcode/BenchmarkTest00088.java,securecookie,614,False
BenchmarkTest00089,src/main/java/org/owasp/benchmark/testcode/BenchmarkTest00089.java,securecookie,614,False
BenchmarkTest00090,src/main/java/org/owasp/benchmark/testcode/BenchmarkTest00090.java,cmdi,78,False
BenchmarkTest00091,src/main/java/org/owasp/benchmark/testcode/BenchmarkTest00091.java,cmdi,78,True
BenchmarkTest00092,src/main/java/org/owasp/benchmark/testcode/BenchmarkTest00092.java,cmdi,78,True
BenchmarkTest00093,src/main/java/org/owasp/benchmark/testcode/BenchmarkTest00093.java,cmdi,78,False
BenchmarkTest00094,src/main/java/org/owasp/benchmark/testcode/BenchmarkTest00094.java,weakrand,330,False
BenchmarkTest00095,src/main/java/org/owasp/benchmark/testcode/BenchmarkTest00095.java,weakrand,330,False
BenchmarkTest00096,src/main/java/org/owasp/benchmark/testcode/BenchmarkTest00096.java,weakrand,330,False
BenchmarkTest00097,src/main/java/org/owasp/benchmark/testcode/BenchmarkTest00097.java,trustbound,501,False
BenchmarkTest00098,src/main/java/org/owasp/benchmark/testcode/BenchmarkTest00098.java,trustbound,501,True
BenchmarkTest00099,src/main/java/org/owasp/benchmark/testcode/BenchmarkTest00099.java,trustbound,501,False
BenchmarkTest00100,src/main/java/org/owasp/benchmark/testcode/BenchmarkTest00100.java,sqli,89,True
BenchmarkTest00101,src/main/java/org/owasp/benchmark/testcode/BenchmarkTest00101.java,sqli,89,True
BenchmarkTest00102,src/main/java/org/owasp/benchmark/testcode/BenchmarkTest00102.java,sqli,89,True
BenchmarkTest00103,src/main/java/org/owasp/benchmark/testcode/BenchmarkTest00103.java,sqli,89,True
BenchmarkTest00104,src/main/java/org/owasp/benchmark/testcode/BenchmarkTest00104.java,sqli,89,False
BenchmarkTest00105,src/main/java/org/owasp/benchmark/testcode/BenchmarkTest00105.java,sqli,89,False
BenchmarkTest00106,src/main/java/org/owasp/benchmark/testcode/BenchmarkTest00106.java,sqli,89,True
BenchmarkTest00107,src/main/java/org/owasp/benchmark/testcode/BenchmarkTest00107.java,sqli,89,False
BenchmarkTest00108,src/main/java/org/owasp/benchmark/testcode/BenchmarkTest00108.java,sqli,89,True
BenchmarkTest00109,src/main/java/org/owasp/benchmark/testcode/BenchmarkTest00109.java,sqli,89,True
BenchmarkTest00110,src/main/java/org/owasp/benchmark/testcode/BenchmarkTest00110.java,sqli,89,False
BenchmarkTest00111,src/main/java/org/owasp/benchmark/testcode/BenchmarkTest00111.java,sqli,89,True
BenchmarkTest00112,src/main/java/org/owasp/benchmark/testcode/BenchmarkTest00112.java,sqli,89,True
BenchmarkTest00113,src/main/java/org/owasp/benchmark/testcode/BenchmarkTest00113.java,sqli,89,False
BenchmarkTest00114,src/main/java/org/owasp/benchmark/testcode/BenchmarkTest00114.java,sqli,89,False
BenchmarkTest00115,src/main/java/org/owasp/benchmark/testcode/BenchmarkTest00115.java,sqli,89,True
BenchmarkTest00116,src/main/java/org/owasp/benchmark/testcode/BenchmarkTest00116.java,xpathi,643,False
BenchmarkTest00117,src/main/java/org/owasp/benchmark/testcode/BenchmarkTest00117.java,xpathi,643,False
BenchmarkTest00118,src/main/java/org/owasp/benchmark/testcode/BenchmarkTest00118.java,xpathi,643,False
BenchmarkTest00119,src/main/java/org/owasp/benchmark/testcode/BenchmarkTest00119.java,crypto,327,True
BenchmarkTest00120,src/main/java/org/owasp/benchmark/testcode/BenchmarkTest00120.java,crypto,327,True
BenchmarkTest00121,src/main/java/org/owasp/benchmark/testcode/BenchmarkTest00121.java,crypto,327,False
BenchmarkTest00122,src/main/java/org/owasp/benchmark/testcode/BenchmarkTest00122.java,crypto,327,False
BenchmarkTest00123,src/main/java/org/owasp/benchmark/testcode/BenchmarkTest00123.java,crypto,327,True
BenchmarkTest00124,src/main/java/org/owasp/benchmark/testcode/BenchmarkTest00124.java,crypto,327,True
BenchmarkTest00125,src/main/java/org/owasp/benchmark/testcode/BenchmarkTest00125.java,crypto,327,True
BenchmarkTest00126,src/main/java/org/owasp/benchmark/testcode/BenchmarkTest00126.java,crypto,327,False
BenchmarkTest00127,src/main/java/org/owasp/benchmark/testcode/BenchmarkTest00127.java,crypto,327,False
BenchmarkTest00128,src/main/java/org/owasp/benchmark/testcode/BenchmarkTest00128.java,crypto,327,False
BenchmarkTest00129,src/main/java/org/owasp/benchmark/testcode/BenchmarkTest00129.java,crypto,327,False
BenchmarkTest00130,src/main/java/org/owasp/benchmark/testcode/BenchmarkTest00130.java,crypto,327,False
BenchmarkTest00131,src/main/java/org/owasp/benchmark/testcode/BenchmarkTest00131.java,pathtraver,22,False
BenchmarkTest00132,src/main/java/org/owasp/benchmark/testcode/BenchmarkTest00132.java,pathtraver,22,False
BenchmarkTest00133,src/main/java/org/owasp/benchmark/testcode/BenchmarkTest00133.java,pathtraver,22,True
BenchmarkTest00134,src/main/java/org/owasp/benchmark/testcode/BenchmarkTest00134.java,pathtraver,22,False
BenchmarkTest00135,src/main/java/org/owasp/benchmark/testcode/BenchmarkTest00135.java,pathtraver,22,False
BenchmarkTest00136,src/main/java/org/owasp/benchmark/testcode/BenchmarkTest00136.java,pathtraver,22,False
BenchmarkTest00137,src/main/java/org/owasp/benchmark/testcode/BenchmarkTest00137.java,pathtraver,22,False
BenchmarkTest00138,src/main/java/org/owasp/benchmark/testcode/BenchmarkTest00138.java,ldapi,90,False
BenchmarkTest00139,src/main/java/org/owasp/benchmark/testcode/BenchmarkTest00139.java,ldapi,90,False
BenchmarkTest00140,src/main/java/org/owasp/benchmark/testcode/BenchmarkTest00140.java,weakrand,330,True
BenchmarkTest00141,src/main/java/org/owasp/benchmark/testcode/BenchmarkTest00141.java,hash,328,True
BenchmarkTest00142,src/main/java/org/owasp/benchmark/testcode/BenchmarkTest00142.java,hash,328,False
BenchmarkTest00143,src/main/java/org/owasp/benchmark/testcode/BenchmarkTest00143.java,hash,328,True
BenchmarkTest00144,src/main/java/org/owasp/benchmark/testcode/BenchmarkTest00144.java,xss,79,True
BenchmarkTest00145,src/main/java/org/owasp/benchmark/testcode/BenchmarkTest00145.java,xss,79,True
BenchmarkTest00146,src/main/java/org/owasp/benchmark/testcode/BenchmarkTest00146.java,xss,79,True
BenchmarkTest00147,src/main/java/org/owasp/benchmark/testcode/BenchmarkTest00147.java,xss,79,False
BenchmarkTest00148,src/main/java/org/owasp/benchmark/testcode/BenchmarkTest00148.java,xss,79,True
BenchmarkTest00149,src/main/java/org/owasp/benchmark/testcode/BenchmarkTest00149.java,xss,79,True
BenchmarkTest00150,src/main/java/org/owasp/benchmark/testcode/BenchmarkTest00150.java,xss,79,True
BenchmarkTest00151,src/main/java/org/owasp/benchmark/testcode/BenchmarkTest00151.java,xss,79,False
BenchmarkTest00152,src/main/java/org/owasp/benchmark/testcode/BenchmarkTest00152.java,xss,79,True
BenchmarkTest00153,src/main/java/org/owasp/benchmark/testcode/BenchmarkTest00153.java,xss,79,True
BenchmarkTest00154,src/main/java/org/owasp/benchmark/testcode/BenchmarkTest00154.java,xss,79,True
BenchmarkTest00155,src/main/java/org/owasp/benchmark/testcode/BenchmarkTest00155.java,xss,79,True
BenchmarkTest00156,src/main/java/org/owasp/benchmark/testcode/BenchmarkTest00156.java,xss,79,True
BenchmarkTest00157,src/main/java/org/owasp/benchmark/testcode/BenchmarkTest00157.java,xss,79,True
BenchmarkTest00158,src/main/java/org/owasp/benchmark/testcode/BenchmarkTest00158.java,cmdi,78,False
BenchmarkTest00159,src/main/java/org/owasp/benchmark/testcode/BenchmarkTest00159.java,cmdi,78,True
BenchmarkTest00160,src/main/java/org/owasp/benchmark/testcode/BenchmarkTest00160.java,weakrand,330,True
BenchmarkTest00161,src/main/java/org/owasp/benchmark/testcode/BenchmarkTest00161.java,weakrand,330,True
BenchmarkTest00162,src/main/java/org/owasp/benchmark/testcode/BenchmarkTest00162.java,weakrand,330,True
BenchmarkTest00163,src/main/java/org/owasp/benchmark/testcode/BenchmarkTest00163.java,weakrand,330,True
BenchmarkTest00164,src/main/java/org/owasp/benchmark/testcode/BenchmarkTest00164.java,weakrand,330,True
BenchmarkTest00165,src/main/java/org/owasp/benchmark/testcode/BenchmarkTest00165.java,weakrand,330,True
BenchmarkTest00166,src/main/java/org/owasp/benchmark/testcode/BenchmarkTest00166.java,weakrand,330,True
BenchmarkTest00167,src/main/java/org/owasp/benchmark/testcode/BenchmarkTest00167.java,weakrand,330,True
BenchmarkTest00168,src/main/java/org/owasp/benchmark/testcode/BenchmarkTest00168.java,weakrand,330,True
BenchmarkTest00169,src/main/java/org/owasp/benchmark/testcode/BenchmarkTest00169.java,securecookie,614,True
BenchmarkTest00170,src/main/java/org/owasp/benchmark/testcode/BenchmarkTest00170.java,securecookie,614,True
BenchmarkTest00171,src/main/java/org/owasp/benchmark/testcode/BenchmarkTest00171.java,cmdi,78,False
BenchmarkTest00172,src/main/java/org/owasp/benchmark/testcode/BenchmarkTest00172.java,cmdi,78,True
BenchmarkTest00173,src/main/java/org/owasp/benchmark/testcode/BenchmarkTest00173.java,cmdi,78,True
BenchmarkTest00174,src/main/java/org/owasp/benchmark/testcode/BenchmarkTest00174.java,cmdi,78,True
BenchmarkTest00175,src/main/java/org/owasp/benchmark/testcode/BenchmarkTest00175.java,cmdi,78,False
BenchmarkTest00176,src/main/java/org/owasp/benchmark/testcode/BenchmarkTest00176.java,cmdi,78,True
BenchmarkTest00177,src/main/java/org/owasp/benchmark/testcode/BenchmarkTest00177.java,cmdi,78,False
BenchmarkTest00178,src/main/java/org/owasp/benchmark/testcode/BenchmarkTest00178.java,weakrand,330,False
BenchmarkTest00179,src/main/java/org/owasp/benchmark/testcode/BenchmarkTest00179.java,weakrand,330,False
BenchmarkTest00180,src/main/java/org/owasp/benchmark/testcode/BenchmarkTest00180.java,weakrand,330,False
BenchmarkTest00181,src/main/java/org/owasp/benchmark/testcode/BenchmarkTest00181.java,weakrand,330,False
BenchmarkTest00182,src/main/java/org/owasp/benchmark/testcode/BenchmarkTest00182.java,weakrand,330,False
BenchmarkTest00183,src/main/java/org/owasp/benchmark/testcode/BenchmarkTest00183.java,weakrand,330,False
BenchmarkTest00184,src/main/java/org/owasp/benchmark/testcode/BenchmarkTest00184.java,weakrand,330,False
BenchmarkTest00185,src/main/java/org/owasp/benchmark/testcode/BenchmarkTest00185.java,weakrand,330,False
BenchmarkTest00186,src/main/java/org/owasp/benchmark/testcode/BenchmarkTest00186.java,weakrand,330,False
BenchmarkTest00187,src/main/java/org/owasp/benchmark/testcode/BenchmarkTest00187.java,weakrand,330,False
BenchmarkTest00188,src/main/java/org/owasp/benchmark/testcode/BenchmarkTest00188.java,weakrand,330,False
BenchmarkTest00189,src/main/java/org/owasp/benchmark/testcode/BenchmarkTest00189.java,trustbound,501,False
BenchmarkTest00190,src/main/java/org/owasp/benchmark/testcode/BenchmarkTest00190.java,sqli,89,False
BenchmarkTest00191,src/main/java/org/owasp/benchmark/testcode/BenchmarkTest00191.java,sqli,89,False
BenchmarkTest00192,src/main/java/org/owasp/benchmark/testcode/BenchmarkTest00192.java,sqli,89,True
BenchmarkTest00193,src/main/java/org/owasp/benchmark/testcode/BenchmarkTest00193.java,sqli,89,True
BenchmarkTest00194,src/main/java/org/owasp/benchmark/testcode/BenchmarkTest00194.java,sqli,89,True
BenchmarkTest00195,src/main/java/org/owasp/benchmark/testcode/BenchmarkTest00195.java,sqli,89,True
BenchmarkTest00196,src/main/java/org/owasp/benchmark/testcode/BenchmarkTest00196.java,sqli,89,True
BenchmarkTest00197,src/main/java/org/owasp/benchmark/testcode/BenchmarkTest00197.java,sqli,89,False
BenchmarkTest00198,src/main/java/org/owasp/benchmark/testcode/BenchmarkTest00198.java,sqli,89,True
BenchmarkTest00199,src/main/java/org/owasp/benchmark/testcode/BenchmarkTest00199.java,sqli,89,True
BenchmarkTest00200,src/main/java/org/owasp/benchmark/testcode/BenchmarkTest00200.java,sqli,89,False
BenchmarkTest00201,src/main/java/org/owasp/benchmark/testcode/BenchmarkTest00201.java,sqli,89,False
BenchmarkTest00202,src/main/java/org/owasp/benchmark/testcode/BenchmarkTest00202.java,sqli,89,False
BenchmarkTest00203,src/main/java/org/owasp/benchmark/testcode/BenchmarkTest00203.java,sqli,89,True
BenchmarkTest00204,src/main/java/org/owasp/benchmark/testcode/BenchmarkTest00204.java,sqli,89,True
BenchmarkTest00205,src/main/java/org/owasp/benchmark/testcode/BenchmarkTest00205.java,sqli,89,False
BenchmarkTest00206,src/main/java/org/owasp/benchmark/testcode/BenchmarkTest00206.java,sqli,89,False
BenchmarkTest00207,src/main/java/org/owasp/benchmark/testcode/BenchmarkTest00207.java,xpathi,643,True
BenchmarkTest00208,src/main/java/org/owasp/benchmark/testcode/BenchmarkTest00208.java,crypto,327,True
BenchmarkTest00209,src/main/java/org/owasp/benchmark/testcode/BenchmarkTest00209.java,crypto,327,False
BenchmarkTest00210,src/main/java/org/owasp/benchmark/testcode/BenchmarkTest00210.java,crypto,327,True
BenchmarkTest00211,src/main/java/org/owasp/benchmark/testcode/BenchmarkTest00211.java,crypto,327,False
BenchmarkTest00212,src/main/java/org/owasp/benchmark/testcode/BenchmarkTest00212.java,crypto,327,False
BenchmarkTest00213,src/main/java/org/owasp/benchmark/testcode/BenchmarkTest00213.java,crypto,327,False
BenchmarkTest00214,src/main/java/org/owasp/benchmark/testcode/BenchmarkTest00214.java,crypto,327,False
BenchmarkTest00215,src/main/java/org/owasp/benchmark/testcode/BenchmarkTest00215.java,pathtraver,22,True
BenchmarkTest00216,src/main/java/org/owasp/benchmark/testcode/BenchmarkTest00216.java,pathtraver,22,True
BenchmarkTest00217,src/main/java/org/owasp/benchmark/testcode/BenchmarkTest00217.java,pathtraver,22,False
BenchmarkTest00218,src/main/java/org/owasp/benchmark/testcode/BenchmarkTest00218.java,pathtraver,22,True
BenchmarkTest00219,src/main/java/org/owasp/benchmark/testcode/BenchmarkTest00219.java,pathtraver,22,True
BenchmarkTest00220,src/main/java/org/owasp/benchmark/testcode/BenchmarkTest00220.java,pathtraver,22,False
BenchmarkTest00221,src/main/java/org/owasp/benchmark/testcode/BenchmarkTest00221.java,pathtraver,22,False
BenchmarkTest00222,src/main/java/org/owasp/benchmark/testcode/BenchmarkTest00222.java,pathtraver,22,True
BenchmarkTest00223,src/main/java/org/owasp/benchmark/testcode/BenchmarkTest00223.java,hash,328,True
BenchmarkTest00224,src/main/java/org/owasp/benchmark/testcode/BenchmarkTest00224.java,hash,328,False
BenchmarkTest00225,src/main/java/org/owasp/benchmark/testcode/BenchmarkTest00225.java,hash,328,False
BenchmarkTest00226,src/main/java/org/owasp/benchmark/testcode/BenchmarkTest00226.java,hash,328,True
BenchmarkTest00227,src/main/java/org/owasp/benchmark/testcode/BenchmarkTest00227.java,hash,328,True
BenchmarkTest00228,src/main/java/org/owasp/benchmark/testcode/BenchmarkTest00228.java,hash,328,False
BenchmarkTest00229,src/main/java/org/owasp/benchmark/testcode/BenchmarkTest00229.java,hash,328,False
BenchmarkTest00230,src/main/java/org/owasp/benchmark/testcode/BenchmarkTest00230.java,weakrand,330,True
BenchmarkTest00231,src/main/java/org/owasp/benchmark/testcode/BenchmarkTest00231.java,weakrand,330,True
BenchmarkTest00232,src/main/java/org/owasp/benchmark/testcode/BenchmarkTest00232.java,weakrand,330,True
BenchmarkTest00233,src/main/java/org/owasp/benchmark/testcode/BenchmarkTest00233.java,weakrand,330,True
BenchmarkTest00234,src/main/java/org/owasp/benchmark/testcode/BenchmarkTest00234.java,weakrand,330,True
BenchmarkTest00235,src/main/java/org/owasp/benchmark/testcode/BenchmarkTest00235.java,weakrand,330,True
BenchmarkTest00236,src/main/java/org/owasp/benchmark/testcode/BenchmarkTest00236.java,weakrand,330,True
BenchmarkTest00237,src/main/java/org/owasp/benchmark/testcode/BenchmarkTest00237.java,weakrand,330,True
BenchmarkTest00238,src/main/java/org/owasp/benchmark/testcode/BenchmarkTest00238.java,weakrand,330,True
BenchmarkTest00239,src/main/java/org/owasp/benchmark/testcode/BenchmarkTest00239.java,weakrand,330,True
BenchmarkTest00240,src/main/java/org/owasp/benchmark/testcode/BenchmarkTest00240.java,weakrand,330,True
BenchmarkTest00241,src/main/java/org/owasp/benchmark/testcode/BenchmarkTest00241.java,securecookie,614,True
BenchmarkTest00242,src/main/java/org/owasp/benchmark/testcode/BenchmarkTest00242.java,securecookie,614,False
BenchmarkTest00243,src/main/java/org/owasp/benchmark/testcode/BenchmarkTest00243.java,weakrand,330,False
BenchmarkTest00244,src/main/java/org/owasp/benchmark/testcode/BenchmarkTest00244.java,weakrand,330,False
BenchmarkTest00245,src/main/java/org/owasp/benchmark/testcode/BenchmarkTest00245.java,weakrand,330,False
BenchmarkTest00246,src/main/java/org/owasp/benchmark/testcode/BenchmarkTest00246.java,weakrand,330,False
BenchmarkTest00247,src/main/java/org/owasp/benchmark/testcode/BenchmarkTest00247.java,weakrand,330,False
BenchmarkTest00248,src/main/java/org/owasp/benchmark/testcode/BenchmarkTest00248.java,weakrand,330,False
BenchmarkTest00249,src/main/java/org/owasp/benchmark/testcode/BenchmarkTest00249.java,weakrand,330,False
BenchmarkTest00250,src/main/java/org/owasp/benchmark/testcode/BenchmarkTest00250.java,trustbound,501,False
BenchmarkTest00251,src/main/java/org/owasp/benchmark/testcode/BenchmarkTest00251.java,trustbound,501,True
BenchmarkTest00252,src/main/java/org/owasp/benchmark/testcode/BenchmarkTest00252.java,trustbound,501,False
BenchmarkTest00253,src/main/java/org/owasp/benchmark/testcode/BenchmarkTest00253.java,trustbound,501,False
BenchmarkTest00254,src/main/java/org/owasp/benchmark/testcode/BenchmarkTest00254.java,crypto,327,True
BenchmarkTest00255,src/main/java/org/owasp/benchmark/testcode/BenchmarkTest00255.java,crypto,327,False
BenchmarkTest00256,src/main/java/org/owasp/benchmark/testcode/BenchmarkTest00256.java,crypto,327,True
BenchmarkTest00257,src/main/java/org/owasp/benchmark/testcode/BenchmarkTest00257.java,crypto,327,True
BenchmarkTest00258,src/main/java/org/owasp/benchmark/testcode/BenchmarkTest00258.java,crypto,327,True
BenchmarkTest00259,src/main/java/org/owasp/benchmark/testcode/BenchmarkTest00259.java,crypto,327,False
BenchmarkTest00260,src/main/java/org/owasp/benchmark/testcode/BenchmarkTest00260.java,crypto,327,False
BenchmarkTest00261,src/main/java/org/owasp/benchmark/testcode/BenchmarkTest00261.java,pathtraver,22,False
BenchmarkTest00262,src/main/java/org/owasp/benchmark/testcode/BenchmarkTest00262.java,pathtraver,22,True
BenchmarkTest00263,src/main/java/org/owasp/benchmark/testcode/BenchmarkTest00263.java,pathtraver,22,False
BenchmarkTest00264,src/main/java/org/owasp/benchmark/testcode/BenchmarkTest00264.java,pathtraver,22,True
BenchmarkTest00265,src/main/java/org/owasp/benchmark/testcode/BenchmarkTest00265.java,pathtraver,22,False
BenchmarkTest00266,src/main/java/org/owasp/benchmark/testcode/BenchmarkTest00266.java,hash,328,True
BenchmarkTest00267,src/main/java/org/owasp/benchmark/testcode/BenchmarkTest00267.java,hash,328,True
BenchmarkTest00268,src/main/java/org/owasp/benchmark/testcode/BenchmarkTest00268.java,hash,328,True
BenchmarkTest00269,src/main/java/org/owasp/benchmark/testcode/BenchmarkTest00269.java,hash,328,True
BenchmarkTest00270,src/main/java/org/owasp/benchmark/testcode/BenchmarkTest00270.java,hash,328,False
BenchmarkTest00271,src/main/java/org/owasp/benchmark/testcode/BenchmarkTest00271.java,hash,328,False
BenchmarkTest00272,src/main/java/org/owasp/benchmark/testcode/BenchmarkTest00272.java,hash,328,True
BenchmarkTest00273,src/main/java/org/owasp/benchmark/testcode/BenchmarkTest00273.java,hash,328,True
BenchmarkTest00274,src/main/java/org/owasp/benchmark/testcode/BenchmarkTest00274.java,hash,328,True
BenchmarkTest00275,src/main/java/org/owasp/benchmark/testcode/BenchmarkTest00275.java,xss,79,False
BenchmarkTest00276,src/main/java/org/owasp/benchmark/testcode/BenchmarkTest00276.java,xss,79,True
BenchmarkTest00277,src/main/java/org/owasp/benchmark/testcode/BenchmarkTest00277.java,xss,79,False
BenchmarkTest00278,src/main/java/org/owasp/benchmark/testcode/BenchmarkTest00278.java,xss,79,False
BenchmarkTest00279,src/main/java/org/owasp/benchmark/testcode/BenchmarkTest00279.java,xss,79,True
BenchmarkTest00280,src/main/java/org/owasp/benchmark/testcode/BenchmarkTest00280.java,xss,79,True
BenchmarkTest00281,src/main/java/org/owasp/benchmark/testcode/BenchmarkTest00281.java,xss,79,False
BenchmarkTest00282,src/main/java/org/owasp/benchmark/testcode/BenchmarkTest00282.java,xss,79,False
BenchmarkTest00283,src/main/java/org/owasp/benchmark/testcode/BenchmarkTest00283.java,xss,79,False
BenchmarkTest00284,src/main/java/org/owasp/benchmark/testcode/BenchmarkTest00284.java,xss,79,True
BenchmarkTest00285,src/main/java/org/owasp/benchmark/testcode/BenchmarkTest00285.java,xss,79,False
BenchmarkTest00286,src/main/java/org/owasp/benchmark/testcode/BenchmarkTest00286.java,xss,79,False
BenchmarkTest00287,src/main/java/org/owasp/benchmark/testcode/BenchmarkTest00287.java,xss,79,True
BenchmarkTest00288,src/main/java/org/owasp/benchmark/testcode/BenchmarkTest00288.java,xss,79,False
BenchmarkTest00289,src/main/java/org/owasp/benchmark/testcode/BenchmarkTest00289.java,xss,79,False
BenchmarkTest00290,src/main/java/org/owasp/benchmark/testcode/BenchmarkTest00290.java,xss,79,True
BenchmarkTest00291,src/main/java/org/owasp/benchmark/testcode/BenchmarkTest00291.java,xss,79,True
BenchmarkTest00292,src/main/java/org/owasp/benchmark/testcode/BenchmarkTest00292.java,xss,79,True
BenchmarkTest00293,src/main/java/org/owasp/benchmark/testcode/BenchmarkTest00293.java,cmdi,78,True
BenchmarkTest00294,src/main/java/org/owasp/benchmark/testcode/BenchmarkTest00294.java,cmdi,78,True
BenchmarkTest00295,src/main/java/org/owasp/benchmark/testcode/BenchmarkTest00295.java,cmdi,78,True
BenchmarkTest00296,src/main/java/org/owasp/benchmark/testcode/BenchmarkTest00296.java,weakrand,330,True
BenchmarkTest00297,src/main/java/org/owasp/benchmark/testcode/BenchmarkTest00297.java,weakrand,330,True
BenchmarkTest00298,src/main/java/org/owasp/benchmark/testcode/BenchmarkTest00298.java,weakrand,330,True
BenchmarkTest00299,src/main/java/org/owasp/benchmark/testcode/BenchmarkTest00299.java,weakrand,330,True
BenchmarkTest00300,src/main/java/org/owasp/benchmark/testcode/BenchmarkTest00300.java,securecookie,614,True
BenchmarkTest00301,src/main/java/org/owasp/benchmark/testcode/BenchmarkTest00301.java,xss,79,True
BenchmarkTest00302,src/main/java/org/owasp/benchmark/testcode/BenchmarkTest00302.java,cmdi,78,True
BenchmarkTest00303,src/main/java/org/owasp/benchmark/testcode/BenchmarkTest00303.java,cmdi,78,True
BenchmarkTest00304,src/main/java/org/owasp/benchmark/testcode/BenchmarkTest00304.java,cmdi,78,True
BenchmarkTest00305,src/main/java/org/owasp/benchmark/testcode/BenchmarkTest00305.java,cmdi,78,False
BenchmarkTest00306,src/main/java/org/owasp/benchmark/testcode/BenchmarkTest00306.java,cmdi,78,True
BenchmarkTest00307,src/main/java/org/owasp/benchmark/testcode/BenchmarkTest00307.java,cmdi,78,False
BenchmarkTest00308,src/main/java/org/owasp/benchmark/testcode/BenchmarkTest00308.java,cmdi,78,False
BenchmarkTest00309,src/main/java/org/owasp/benchmark/testcode/BenchmarkTest00309.java,cmdi,78,False
BenchmarkTest00310,src/main/java/org/owasp/benchmark/testcode/BenchmarkTest00310.java,cmdi,78,False
BenchmarkTest00311,src/main/java/org/owasp/benchmark/testcode/BenchmarkTest00311.java,cmdi,78,True
BenchmarkTest00312,src/main/java/org/owasp/benchmark/testcode/BenchmarkTest00312.java,weakrand,330,False
BenchmarkTest00313,src/main/java/org/owasp/benchmark/testcode/BenchmarkTest00313.java,weakrand,330,False
BenchmarkTest00314,src/main/java/org/owasp/benchmark/testcode/BenchmarkTest00314.java,weakrand,330,False
BenchmarkTest00315,src/main/java/org/owasp/benchmark/testcode/BenchmarkTest00315.java,weakrand,330,False
BenchmarkTest00316,src/main/java/org/owasp/benchmark/testcode/BenchmarkTest00316.java,weakrand,330,False
BenchmarkTest00317,src/main/java/org/owasp/benchmark/testcode/BenchmarkTest00317.java,weakrand,330,False
BenchmarkTest00318,src/main/java/org/owasp/benchmark/testcode/BenchmarkTest00318.java,weakrand,330,False
BenchmarkTest00319,src/main/java/org/owasp/benchmark/testcode/BenchmarkTest00319.java,weakrand,330,False
BenchmarkTest00320,src/main/java/org/owasp/benchmark/testcode/BenchmarkTest00320.java,weakrand,330,False
BenchmarkTest00321,src/main/java/org/owasp/benchmark/testcode/BenchmarkTest00321.java,trustbound,501,True
BenchmarkTest00322,src/main/java/org/owasp/benchmark/testcode/BenchmarkTest00322.java,trustbound,501,False
BenchmarkTest00323,src/main/java/org/owasp/benchmark/testcode/BenchmarkTest00323.java,trustbound,501,False
BenchmarkTest00324,src/main/java/org/owasp/benchmark/testcode/BenchmarkTest00324.java,trustbound,501,True
BenchmarkTest00325,src/main/java/org/owasp/benchmark/testcode/BenchmarkTest00325.java,trustbound,501,True
BenchmarkTest00326,src/main/java/org/owasp/benchmark/testcode/BenchmarkTest00326.java,trustbound,501,True
BenchmarkTest00327,src/main/java/org/owasp/benchmark/testcode/BenchmarkTest00327.java,trustbound,501,True
BenchmarkTest00328,src/main/java/org/owasp/benchmark/testcode/BenchmarkTest00328.java,sqli,89,True
BenchmarkTest00329,src/main/java/org/owasp/benchmark/testcode/BenchmarkTest00329.java,sqli,89,False
BenchmarkTest00330,src/main/java/org/owasp/benchmark/testcode/BenchmarkTest00330.java,sqli,89,False
BenchmarkTest00331,src/main/java/org/owasp/benchmark/testcode/BenchmarkTest00331.java,sqli,89,False
BenchmarkTest00332,src/main/java/org/owasp/benchmark/testcode/BenchmarkTest00332.java,sqli,89,False
BenchmarkTest00333,src/main/java/org/owasp/benchmark/testcode/BenchmarkTest00333.java,sqli,89,False
BenchmarkTest00334,src/main/java/org/owasp/benchmark/testcode/BenchmarkTest00334.java,sqli,89,False
BenchmarkTest00335,src/main/java/org/owasp/benchmark/testcode/BenchmarkTest00335.java,sqli,89,True
BenchmarkTest00336,src/main/java/org/owasp/benchmark/testcode/BenchmarkTest00336.java,sqli,89,False
BenchmarkTest00337,src/main/java/org/owasp/benchmark/testcode/BenchmarkTest00337.java,sqli,89,True
BenchmarkTest00338,src/main/java/org/owasp/benchmark/testcode/BenchmarkTest00338.java,sqli,89,False
BenchmarkTest00339,src/main/java/org/owasp/benchmark/testcode/BenchmarkTest00339.java,sqli,89,True
BenchmarkTest00340,src/main/java/org/owasp/benchmark/testcode/BenchmarkTest00340.java,sqli,89,False
BenchmarkTest00341,src/main/java/org/owasp/benchmark/testcode/BenchmarkTest00341.java,sqli,89,True
BenchmarkTest00342,src/main/java/org/owasp/benchmark/testcode/BenchmarkTest00342.java,sqli,89,True
BenchmarkTest00343,src/main/java/org/owasp/benchmark/testcode/BenchmarkTest00343.java,sqli,89,False
BenchmarkTest00344,src/main/java/org/owasp/benchmark/testcode/BenchmarkTest00344.java,sqli,89,False
BenchmarkTest00345,src/main/java/org/owasp/benchmark/testcode/BenchmarkTest00345.java,crypto,327,False
BenchmarkTest00346,src/main/java/org/owasp/benchmark/testcode/BenchmarkTest00346.java,hash,328,True
BenchmarkTest00347,src/main/java/org/owasp/benchmark/testcode/BenchmarkTest00347.java,weakrand,330,True
BenchmarkTest00348,src/main/java/org/owasp/benchmark/testcode/BenchmarkTest00348.java,securecookie,614,True
BenchmarkTest00349,src/main/java/org/owasp/benchmark/testcode/BenchmarkTest00349.java,weakrand,330,False
BenchmarkTest00350,src/main/java/org/owasp/benchmark/testcode/BenchmarkTest00350.java,crypto,327,False
BenchmarkTest00351,src/main/java/org/owasp/benchmark/testcode/BenchmarkTest00351.java,crypto,327,False
BenchmarkTest00352,src/main/java/org/owasp/benchmark/testcode/BenchmarkTest00352.java,crypto,327,False
BenchmarkTest00353,src/main/java/org/owasp/benchmark/testcode/BenchmarkTest00353.java,crypto,327,False
BenchmarkTest00354,src/main/java/org/owasp/benchmark/testcode/BenchmarkTest00354.java,crypto,327,True
BenchmarkTest00355,src/main/java/org/owasp/benchmark/testcode/BenchmarkTest00355.java,crypto,327,True
BenchmarkTest00356,src/main/java/org/owasp/benchmark/testcode/BenchmarkTest00356.java,crypto,327,True
BenchmarkTest00357,src/main/java/org/owasp/benchmark/testcode/BenchmarkTest00357.java,crypto,327,False
BenchmarkTest00358,src/main/java/org/owasp/benchmark/testcode/BenchmarkTest00358.java,crypto,327,False
BenchmarkTest00359,src/main/java/org/owasp/benchmark/testcode/BenchmarkTest00359.java,pathtraver,22,True
BenchmarkTest00360,src/main/java/org/owasp/benchmark/testcode/BenchmarkTest00360.java,pathtraver,22,True
BenchmarkTest00361,src/main/java/org/owasp/benchmark/testcode/BenchmarkTest00361.java,pathtraver,22,False
BenchmarkTest00362,src/main/java/org/owasp/benchmark/testcode/BenchmarkTest00362.java,pathtraver,22,True
BenchmarkTest00363,src/main/java/org/owasp/benchmark/testcode/BenchmarkTest00363.java,pathtraver,22,True
BenchmarkTest00364,src/main/java/org/owasp/benchmark/testcode/BenchmarkTest00364.java,pathtraver,22,False
BenchmarkTest00365,src/main/java/org/owasp/benchmark/testcode/BenchmarkTest00365.java,pathtraver,22,False
BenchmarkTest00366,src/main/java/org/owasp/benchmark/testcode/BenchmarkTest00366.java,pathtraver,22,False
BenchmarkTest00367,src/main/java/org/owasp/benchmark/testcode/BenchmarkTest00367.java,ldapi,90,False
BenchmarkTest00368,src/main/java/org/owasp/benchmark/testcode/BenchmarkTest00368.java,weakrand,330,True
BenchmarkTest00369,src/main/java/org/owasp/benchmark/testcode/BenchmarkTest00369.java,weakrand,330,True
BenchmarkTest00370,src/main/java/org/owasp/benchmark/testcode/BenchmarkTest00370.java,hash,328,False
BenchmarkTest00371,src/main/java/org/owasp/benchmark/testcode/BenchmarkTest00371.java,hash,328,True
BenchmarkTest00372,src/main/java/org/owasp/benchmark/testcode/BenchmarkTest00372.java,hash,328,True
BenchmarkTest00373,src/main/java/org/owasp/benchmark/testcode/BenchmarkTest00373.java,hash,328,False
BenchmarkTest00374,src/main/java/org/owasp/benchmark/testcode/BenchmarkTest00374.java,hash,328,True
BenchmarkTest00375,src/main/java/org/owasp/benchmark/testcode/BenchmarkTest00375.java,xss,79,True
BenchmarkTest00376,src/main/java/org/owasp/benchmark/testcode/BenchmarkTest00376.java,xss,79,True
BenchmarkTest00377,src/main/java/org/owasp/benchmark/testcode/BenchmarkTest00377.java,xss,79,False
BenchmarkTest00378,src/main/java/org/owasp/benchmark/testcode/BenchmarkTest00378.java,xss,79,True
BenchmarkTest00379,src/main/java/org/owasp/benchmark/testcode/BenchmarkTest00379.java,xss,79,False
BenchmarkTest00380,src/main/java/org/owasp/benchmark/testcode/BenchmarkTest00380.java,xss,79,True
BenchmarkTest00381,src/main/java/org/owasp/benchmark/testcode/BenchmarkTest00381.java,xss,79,False
BenchmarkTest00382,src/main/java/org/owasp/benchmark/testcode/BenchmarkTest00382.java,xss,79,True
BenchmarkTest00383,src/main/java/org/owasp/benchmark/testcode/BenchmarkTest00383.java,xss,79,True
BenchmarkTest00384,src/main/java/org/owasp/benchmark/testcode/BenchmarkTest00384.java,xss,79,True
BenchmarkTest00385,src/main/java/org/owasp/benchmark/testcode/BenchmarkTest00385.java,xss,79,True
BenchmarkTest00386,src/main/java/org/owasp/benchmark/testcode/BenchmarkTest00386.java,xss,79,False
BenchmarkTest00387,src/main/java/org/owasp/benchmark/testcode/BenchmarkTest00387.java,xss,79,True
BenchmarkTest00388,src/main/java/org/owasp/benchmark/testcode/BenchmarkTest00388.java,xss,79,True
BenchmarkTest00389,src/main/java/org/owasp/benchmark/testcode/BenchmarkTest00389.java,xss,79,False
BenchmarkTest00390,src/main/java/org/owasp/benchmark/testcode/BenchmarkTest00390.java,xss,79,True
BenchmarkTest00391,src/main/java/org/owasp/benchmark/testcode/BenchmarkTest00391.java,xss,79,False
BenchmarkTest00392,src/main/java/org/owasp/benchmark/testcode/BenchmarkTest00392.java,xss,79,True
BenchmarkTest00393,src/main/java/org/owasp/benchmark/testcode/BenchmarkTest00393.java,xss,79,False
BenchmarkTest00394,src/main/java/org/owasp/benchmark/testcode/BenchmarkTest00394.java,xss,79,False
BenchmarkTest00395,src/main/java/org/owasp/benchmark/testcode/BenchmarkTest00395.java,xss,79,True
BenchmarkTest00396,src/main/java/org/owasp/benchmark/testcode/BenchmarkTest00396.java,cmdi,78,False
BenchmarkTest00397,src/main/java/org/owasp/benchmark/testcode/BenchmarkTest00397.java,weakrand,330,True
BenchmarkTest00398,src/main/java/org/owasp/benchmark/testcode/BenchmarkTest00398.java,weakrand,330,True
BenchmarkTest00399,src/main/java/org/owasp/benchmark/testcode/BenchmarkTest00399.java,weakrand,330,True
BenchmarkTest00400,src/main/java/org/owasp/benchmark/testcode/BenchmarkTest00400.java,weakrand,330,True
BenchmarkTest00401,src/main/java/org/owasp/benchmark/testcode/BenchmarkTest00401.java,weakrand,330,True
BenchmarkTest00402,src/main/java/org/owasp/benchmark/testcode/BenchmarkTest00402.java,weakrand,330,True
BenchmarkTest00403,src/main/java/org/owasp/benchmark/testcode/BenchmarkTest00403.java,securecookie,614,True
BenchmarkTest00404,src/main/java/org/owasp/benchmark/testcode/BenchmarkTest00404.java,securecookie,614,False
BenchmarkTest00405,src/main/java/org/owasp/benchmark/testcode/BenchmarkTest00405.java,securecookie,614,False
BenchmarkTest00406,src/main/java/org/owasp/benchmark/testcode/BenchmarkTest00406.java,cmdi,78,False
BenchmarkTest00407,src/main/java/org/owasp/benchmark/testcode/BenchmarkTest00407.java,cmdi,78,True
BenchmarkTest00408,src/main/java/org/owasp/benchmark/testcode/BenchmarkTest00408.java,cmdi,78,False
BenchmarkTest00409,src/main/java/org/owasp/benchmark/testcode/BenchmarkTest00409.java,cmdi,78,True
BenchmarkTest00410,src/main/java/org/owasp/benchmark/testcode/BenchmarkTest00410.java,cmdi,78,False
BenchmarkTest00411,src/main/java/org/owasp/benchmark/testcode/BenchmarkTest00411.java,cmdi,78,False
BenchmarkTest00412,src/main/java/org/owasp/benchmark/testcode/BenchmarkTest00412.java,cmdi,78,False
BenchmarkTest00413,src/main/java/org/owasp/benchmark/testcode/BenchmarkTest00413.java,weakrand,330,False
BenchmarkTest00414,src/main/java/org/owasp/benchmark/testcode/BenchmarkTest00414.java,weakrand,330,False
BenchmarkTest00415,src/main/java/org/owasp/benchmark/testcode/BenchmarkTest00415.java,weakrand,330,False
BenchmarkTest00416,src/main/java/org/owasp/benchmark/testcode/BenchmarkTest00416.java,weakrand,330,False
BenchmarkTest00417,src/main/java/org/owasp/benchmark/testcode/BenchmarkTest00417.java,weakrand,330,False
BenchmarkTest00418,src/main/java/org/owasp/benchmark/testcode/BenchmarkTest00418.java,weakrand,330,False
BenchmarkTest00419,src/main/java/org/owasp/benchmark/testcode/BenchmarkTest00419.java,weakrand,330,False
BenchmarkTest00420,src/main/java/org/owasp/benchmark/testcode/BenchmarkTest00420.java,weakrand,330,False
BenchmarkTest00421,src/main/java/org/owasp/benchmark/testcode/BenchmarkTest00421.java,weakrand,330,False
BenchmarkTest00422,src/main/java/org/owasp/benchmark/testcode/BenchmarkTest00422.java,weakrand,330,False
BenchmarkTest00423,src/main/java/org/owasp/benchmark/testcode/BenchmarkTest00423.java,weakrand,330,False
BenchmarkTest00424,src/main/java/org/owasp/benchmark/testcode/BenchmarkTest00424.java,trustbound,501,True
BenchmarkTest00425,src/main/java/org/owasp/benchmark/testcode/BenchmarkTest00425.java,trustbound,501,True
BenchmarkTest00426,src/main/java/org/owasp/benchmark/testcode/BenchmarkTest00426.java,trustbound,501,True
BenchmarkTest00427,src/main/java/org/owasp/benchmark/testcode/BenchmarkTest00427.java,trustbound,501,True
BenchmarkTest00428,src/main/java/org/owasp/benchmark/testcode/BenchmarkTest00428.java,sqli,89,True
BenchmarkTest00429,src/main/java/org/owasp/benchmark/testcode/BenchmarkTest00429.java,sqli,89,True
BenchmarkTest00430,src/main/java/org/owasp/benchmark/testcode/BenchmarkTest00430.java,sqli,89,False
BenchmarkTest00431,src/main/java/org/owasp/benchmark/testcode/BenchmarkTest00431.java,sqli,89,True
BenchmarkTest00432,src/main/java/org/owasp/benchmark/testcode/BenchmarkTest00432.java,sqli,89,False
BenchmarkTest00433,src/main/java/org/owasp/benchmark/testcode/BenchmarkTest00433.java,sqli,89,True
BenchmarkTest00434,src/main/java/org/owasp/benchmark/testcode/BenchmarkTest00434.java,sqli,89,True
BenchmarkTest00435,src/main/java/org/owasp/benchmark/testcode/BenchmarkTest00435.java,sqli,89,True
BenchmarkTest00436,src/main/java/org/owasp/benchmark/testcode/BenchmarkTest00436.java,sqli,89,False
BenchmarkTest00437,src/main/java/org/owasp/benchmark/testcode/BenchmarkTest00437.java,sqli,89,False
BenchmarkTest00438,src/main/java/org/owasp/benchmark/testcode/BenchmarkTest00438.java,sqli,89,True
BenchmarkTest00439,src/main/java/org/owasp/benchmark/testcode/BenchmarkTest00439.java,sqli,89,True
BenchmarkTest00440,src/main/java/org/owasp/benchmark/testcode/BenchmarkTest00440.java,sqli,89,False
BenchmarkTest00441,src/main/java/org/owasp/benchmark/testcode/BenchmarkTest00441.java,sqli,89,True
BenchmarkTest00442,src/main/java/org/owasp/benchmark/testcode/BenchmarkTest00442.java,xpathi,643,True
BenchmarkTest00443,src/main/java/org/owasp/benchmark/testcode/BenchmarkTest00443.java,crypto,327,False
BenchmarkTest00444,src/main/java/org/owasp/benchmark/testcode/BenchmarkTest00444.java,crypto,327,False
BenchmarkTest00445,src/main/java/org/owasp/benchmark/testcode/BenchmarkTest00445.java,crypto,327,True
BenchmarkTest00446,src/main/java/org/owasp/benchmark/testcode/BenchmarkTest00446.java,crypto,327,True
BenchmarkTest00447,src/main/java/org/owasp/benchmark/testcode/BenchmarkTest00447.java,crypto,327,False
BenchmarkTest00448,src/main/java/org/owasp/benchmark/testcode/BenchmarkTest00448.java,crypto,327,True
BenchmarkTest00449,src/main/java/org/owasp/benchmark/testcode/BenchmarkTest00449.java,crypto,327,True
BenchmarkTest00450,src/main/java/org/owasp/benchmark/testcode/BenchmarkTest00450.java,crypto,327,False
BenchmarkTest00451,src/main/java/org/owasp/benchmark/testcode/BenchmarkTest00451.java,crypto,327,False
BenchmarkTest00452,src/main/java/org/owasp/benchmark/testcode/BenchmarkTest00452.java,pathtraver,22,True
BenchmarkTest00453,src/main/java/org/owasp/benchmark/testcode/BenchmarkTest00453.java,pathtraver,22,True
BenchmarkTest00454,src/main/java/org/owasp/benchmark/testcode/BenchmarkTest00454.java,pathtraver,22,False
BenchmarkTest00455,src/main/java/org/owasp/benchmark/testcode/BenchmarkTest00455.java,pathtraver,22,True
BenchmarkTest00456,src/main/java/org/owasp/benchmark/testcode/BenchmarkTest00456.java,pathtraver,22,True
BenchmarkTest00457,src/main/java/org/owasp/benchmark/testcode/BenchmarkTest00457.java,pathtraver,22,True
BenchmarkTest00458,src/main/java/org/owasp/benchmark/testcode/BenchmarkTest00458.java,pathtraver,22,False
BenchmarkTest00459,src/main/java/org/owasp/benchmark/testcode/BenchmarkTest00459.java,pathtraver,22,True
BenchmarkTest00460,src/main/java/org/owasp/benchmark/testcode/BenchmarkTest00460.java,pathtraver,22,False
BenchmarkTest00461,src/main/java/org/owasp/benchmark/testcode/BenchmarkTest00461.java,weakrand,330,True
BenchmarkTest00462,src/main/java/org/owasp/benchmark/testcode/BenchmarkTest00462.java,hash,328,True
BenchmarkTest00463,src/main/java/org/owasp/benchmark/testcode/BenchmarkTest00463.java,hash,328,False
BenchmarkTest00464,src/main/java/org/owasp/benchmark/testcode/BenchmarkTest00464.java,hash,328,True
BenchmarkTest00465,src/main/java/org/owasp/benchmark/testcode/BenchmarkTest00465.java,hash,328,True
BenchmarkTest00466,src/main/java/org/owasp/benchmark/testcode/BenchmarkTest00466.java,hash,328,False
BenchmarkTest00467,src/main/java/org/owasp/benchmark/testcode/BenchmarkTest00467.java,xss,79,True
BenchmarkTest00468,src/main/java/org/owasp/benchmark/testcode/BenchmarkTest00468.java,xss,79,False
BenchmarkTest00469,src/main/java/org/owasp/benchmark/testcode/BenchmarkTest00469.java,xss,79,False
BenchmarkTest00470,src/main/java/org/owasp/benchmark/testcode/BenchmarkTest00470.java,xss,79,False
BenchmarkTest00471,src/main/java/org/owasp/benchmark/testcode/BenchmarkTest00471.java,xss,79,False
BenchmarkTest00472,src/main/java/org/owasp/benchmark/testcode/BenchmarkTest00472.java,xss,79,True
BenchmarkTest00473,src/main/java/org/owasp/benchmark/testcode/BenchmarkTest00473.java,xss,79,True
BenchmarkTest00474,src/main/java/org/owasp/benchmark/testcode/BenchmarkTest00474.java,xss,79,False
BenchmarkTest00475,src/main/java/org/owasp/benchmark/testcode/BenchmarkTest00475.java,xss,79,True
BenchmarkTest00476,src/main/java/org/owasp/benchmark/testcode/BenchmarkTest00476.java,xss,79,False
BenchmarkTest00477,src/main/java/org/owasp/benchmark/testcode/BenchmarkTest00477.java,xss,79,True
BenchmarkTest00478,src/main/java/org/owasp/benchmark/testcode/BenchmarkTest00478.java,xss,79,True
BenchmarkTest00479,src/main/java/org/owasp/benchmark/testcode/BenchmarkTest00479.java,xss,79,False
BenchmarkTest00480,src/main/java/org/owasp/benchmark/testcode/BenchmarkTest00480.java,cmdi,78,True
BenchmarkTest00481,src/main/java/org/owasp/benchmark/testcode/BenchmarkTest00481.java,cmdi,78,False
BenchmarkTest00482,src/main/java/org/owasp/benchmark/testcode/BenchmarkTest00482.java,weakrand,330,True
BenchmarkTest00483,src/main/java/org/owasp/benchmark/testcode/BenchmarkTest00483.java,weakrand,330,True
BenchmarkTest00484,src/main/java/org/owasp/benchmark/testcode/BenchmarkTest00484.java,weakrand,330,True
BenchmarkTest00485,src/main/java/org/owasp/benchmark/testcode/BenchmarkTest00485.java,weakrand,330,True
BenchmarkTest00486,src/main/java/org/owasp/benchmark/testcode/BenchmarkTest00486.java,weakrand,330,True
BenchmarkTest00487,src/main/java/org/owasp/benchmark/testcode/BenchmarkTest00487.java,weakrand,330,True
BenchmarkTest00488,src/main/java/org/owasp/benchmark/testcode/BenchmarkTest00488.java,weakrand,330,True
BenchmarkTest00489,src/main/java/org/owasp/benchmark/testcode/BenchmarkTest00489.java,weakrand,330,True
BenchmarkTest00490,src/main/java/org/owasp/benchmark/testcode/BenchmarkTest00490.java,weakrand,330,True
BenchmarkTest00491,src/main/java/org/owasp/benchmark/testcode/BenchmarkTest00491.java,securecookie,614,True
BenchmarkTest00492,src/main/java/org/owasp/benchmark/testcode/BenchmarkTest00492.java,xss,79,True
BenchmarkTest00493,src/main/java/org/owasp/benchmark/testcode/BenchmarkTest00493.java,xss,79,False
BenchmarkTest00494,src/main/java/org/owasp/benchmark/testcode/BenchmarkTest00494.java,cmdi,78,False
BenchmarkTest00495,src/main/java/org/owasp/benchmark/testcode/BenchmarkTest00495.java,cmdi,78,True
BenchmarkTest00496,src/main/java/org/owasp/benchmark/testcode/BenchmarkTest00496.java,cmdi,78,True
BenchmarkTest00497,src/main/java/org/owasp/benchmark/testcode/BenchmarkTest00497.java,cmdi,78,True
BenchmarkTest00498,src/main/java/org/owasp/benchmark/testcode/BenchmarkTest00498.java,cmdi,78,True
BenchmarkTest00499,src/main/java/org/owasp/benchmark/testcode/BenchmarkTest00499.java,cmdi,78,True
BenchmarkTest00500,src/main/java/org/owasp/benchmark/testcode/BenchmarkTest00500.java,cmdi,78,True
BenchmarkTest00501,src/main/java/org/owasp/benchmark/testcode/BenchmarkTest00501.java,weakrand,330,False
BenchmarkTest00502,src/main/java/org/owasp/benchmark/testcode/BenchmarkTest00502.java,weakrand,330,False
BenchmarkTest00503,src/main/java/org/owasp/benchmark/testcode/BenchmarkTest00503.java,weakrand,330,False
BenchmarkTest00504,src/main/java/org/owasp/benchmark/testcode/BenchmarkTest00504.java,weakrand,330,False
BenchmarkTest00505,src/main/java/org/owasp/benchmark/testcode/BenchmarkTest00505.java,weakrand,330,False
BenchmarkTest00506,src/main/java/org/owasp/benchmark/testcode/BenchmarkTest00506.java,weakrand,330,False
BenchmarkTest00507,src/main/java/org/owasp/benchmark/testcode/BenchmarkTest00507.java,weakrand,330,False
BenchmarkTest00508,src/main/java/org/owasp/benchmark/testcode/BenchmarkTest00508.java,trustbound,501,True
BenchmarkTest00509,src/main/java/org/owasp/benchmark/testcode/BenchmarkTest00509.java,sqli,89,False
BenchmarkTest00510,src/main/java/org/owasp/benchmark/testcode/BenchmarkTest00510.java,sqli,89,True
BenchmarkTest00511,src/main/java/org/owasp/benchmark/testcode/BenchmarkTest00511.java,sqli,89,False
BenchmarkTest00512,src/main/java/org/owasp/benchmark/testcode/BenchmarkTest00512.java,sqli,89,True
BenchmarkTest00513,src/main/java/org/owasp/benchmark/testcode/BenchmarkTest00513.java,sqli,89,False
BenchmarkTest00514,src/main/java/org/owasp/benchmark/testcode/BenchmarkTest00514.java,sqli,89,False
BenchmarkTest00515,src/main/java/org/owasp/benchmark/testcode/BenchmarkTest00515.java,sqli,89,True
BenchmarkTest00516,src/main/java/org/owasp/benchmark/testcode/BenchmarkTest00516.java,sqli,89,True
BenchmarkTest00517,src/main/java/org/owasp/benchmark/testcode/BenchmarkTest00517.java,sqli,89,False
BenchmarkTest00518,src/main/java/org/owasp/benchmark/testcode/BenchmarkTest00518.java,sqli,89,True
BenchmarkTest00519,src/main/java/org/owasp/benchmark/testcode/BenchmarkTest00519.java,sqli,89,False
BenchmarkTest00520,src/main/java/org/owasp/benchmark/testcode/BenchmarkTest00520.java,xpathi,643,False
BenchmarkTest00521,src/main/java/org/owasp/benchmark/testcode/BenchmarkTest00521.java,crypto,327,True
BenchmarkTest00522,src/main/java/org/owasp/benchmark/testcode/BenchmarkTest00522.java,crypto,327,True
BenchmarkTest00523,src/main/java/org/owasp/benchmark/testcode/BenchmarkTest00523.java,crypto,327,False
BenchmarkTest00524,src/main/java/org/owasp/benchmark/testcode/BenchmarkTest00524.java,crypto,327,False
BenchmarkTest00525,src/main/java/org/owasp/benchmark/testcode/BenchmarkTest00525.java,pathtraver,22,True
BenchmarkTest00526,src/main/java/org/owasp/benchmark/testcode/BenchmarkTest00526.java,pathtraver,22,True
BenchmarkTest00527,src/main/java/org/owasp/benchmark/testcode/BenchmarkTest00527.java,pathtraver,22,True
BenchmarkTest00528,src/main/java/org/owasp/benchmark/testcode/BenchmarkTest00528.java,pathtraver,22,True
BenchmarkTest00529,src/main/java/org/owasp/benchmark/testcode/BenchmarkTest00529.java,pathtraver,22,True
BenchmarkTest00530,src/main/java/org/owasp/benchmark/testcode/BenchmarkTest00530.java,ldapi,90,False
BenchmarkTest00531,src/main/java/org/owasp/benchmark/testcode/BenchmarkTest00531.java,hash,328,True
BenchmarkTest00532,src/main/java/org/owasp/benchmark/testcode/BenchmarkTest00532.java,hash,328,True
BenchmarkTest00533,src/main/java/org/owasp/benchmark/testcode/BenchmarkTest00533.java,hash,328,True
BenchmarkTest00534,src/main/java/org/owasp/benchmark/testcode/BenchmarkTest00534.java,hash,328,True
BenchmarkTest00535,src/main/java/org/owasp/benchmark/testcode/BenchmarkTest00535.java,hash,328,False
BenchmarkTest00536,src/main/java/org/owasp/benchmark/testcode/BenchmarkTest00536.java,hash,328,True
BenchmarkTest00537,src/main/java/org/owasp/benchmark/testcode/BenchmarkTest00537.java,hash,328,True
BenchmarkTest00538,src/main/java/org/owasp/benchmark/testcode/BenchmarkTest00538.java,hash,328,False
BenchmarkTest00539,src/main/java/org/owasp/benchmark/testcode/BenchmarkTest00539.java,hash,328,False
BenchmarkTest00540,src/main/java/org/owasp/benchmark/testcode/BenchmarkTest00540.java,hash,328,False
BenchmarkTest00541,src/main/java/org/owasp/benchmark/testcode/BenchmarkTest00541.java,xss,79,True
BenchmarkTest00542,src/main/java/org/owasp/benchmark/testcode/BenchmarkTest00542.java,xss,79,True
BenchmarkTest00543,src/main/java/org/owasp/benchmark/testcode/BenchmarkTest00543.java,xss,79,True
BenchmarkTest00544,src/main/java/org/owasp/benchmark/testcode/BenchmarkTest00544.java,xss,79,False
BenchmarkTest00545,src/main/java/org/owasp/benchmark/testcode/BenchmarkTest00545.java,xss,79,False
BenchmarkTest00546,src/main/java/org/owasp/benchmark/testcode/BenchmarkTest00546.java,xss,79,False
BenchmarkTest00547,src/main/java/org/owasp/benchmark/testcode/BenchmarkTest00547.java,xss,79,True
BenchmarkTest00548,src/main/java/org/owasp/benchmark/testcode/BenchmarkTest00548.java,xss,79,False
BenchmarkTest00549,src/main/java/org/owasp/benchmark/testcode/BenchmarkTest00549.java,xss,79,True
BenchmarkTest00550,src/main/java/org/owasp/benchmark/testcode/BenchmarkTest00550.java,xss,79,False
BenchmarkTest00551,src/main/java/org/owasp/benchmark/testcode/BenchmarkTest00551.java,xss,79,True
BenchmarkTest00552,src/main/java/org/owasp/benchmark/testcode/BenchmarkTest00552.java,xss,79,True
BenchmarkTest00553,src/main/java/org/owasp/benchmark/testcode/BenchmarkTest00553.java,xss,79,False
BenchmarkTest00554,src/main/java/org/owasp/benchmark/testcode/BenchmarkTest00554.java,xss,79,True
BenchmarkTest00555,src/main/java/org/owasp/benchmark/testcode/BenchmarkTest00555.java,xss,79,True
BenchmarkTest00556,src/main/java/org/owasp/benchmark/testcode/BenchmarkTest00556.java,xss,79,False
BenchmarkTest00557,src/main/java/org/owasp/benchmark/testcode/BenchmarkTest00557.java,xss,79,True
BenchmarkTest00558,src/main/java/org/owasp/benchmark/testcode/BenchmarkTest00558.java,cmdi,78,False
BenchmarkTest00559,src/main/java/org/owasp/benchmark/testcode/BenchmarkTest00559.java,cmdi,78,False
BenchmarkTest00560,src/main/java/org/owasp/benchmark/testcode/BenchmarkTest00560.java,weakrand,330,True
BenchmarkTest00561,src/main/java/org/owasp/benchmark/testcode/BenchmarkTest00561.java,weakrand,330,True
BenchmarkTest00562,src/main/java/org/owasp/benchmark/testcode/BenchmarkTest00562.java,weakrand,330,True
BenchmarkTest00563,src/main/java/org/owasp/benchmark/testcode/BenchmarkTest00563.java,weakrand,330,True
BenchmarkTest00564,src/main/java/org/owasp/benchmark/testcode/BenchmarkTest00564.java,weakrand,330,True
BenchmarkTest00565,src/main/java/org/owasp/benchmark/testcode/BenchmarkTest00565.java,securecookie,614,True
BenchmarkTest00566,src/main/java/org/owasp/benchmark/testcode/BenchmarkTest00566.java,securecookie,614,True
BenchmarkTest00567,src/main/java/org/owasp/benchmark/testcode/BenchmarkTest00567.java,cmdi,78,True
BenchmarkTest00568,src/main/java/org/owasp/benchmark/testcode/BenchmarkTest00568.java,cmdi,78,True
BenchmarkTest00569,src/main/java/org/owasp/benchmark/testcode/BenchmarkTest00569.java,cmdi,78,False
BenchmarkTest00570,src/main/java/org/owasp/benchmark/testcode/BenchmarkTest00570.java,cmdi,78,False
BenchmarkTest00571,src/main/java/org/owasp/benchmark/testcode/BenchmarkTest00571.java,cmdi,78,False
BenchmarkTest00572,src/main/java/org/owasp/benchmark/testcode/BenchmarkTest00572.java,cmdi,78,False
BenchmarkTest00573,src/main/java/org/owasp/benchmark/testcode/BenchmarkTest00573.java,cmdi,78,True
BenchmarkTest00574,src/main/java/org/owasp/benchmark/testcode/BenchmarkTest00574.java,cmdi,78,True
BenchmarkTest00575,src/main/java/org/owasp/benchmark/testcode/BenchmarkTest00575.java,cmdi,78,True
BenchmarkTest00576,src/main/java/org/owasp/benchmark/testcode/BenchmarkTest00576.java,cmdi,78,True
BenchmarkTest00577,src/main/java/org/owasp/benchmark/testcode/BenchmarkTest00577.java,weakrand,330,False
BenchmarkTest00578,src/main/java/org/owasp/benchmark/testcode/BenchmarkTest00578.java,weakrand,330,False
BenchmarkTest00579,src/main/java/org/owasp/benchmark/testcode/BenchmarkTest00579.java,weakrand,330,False
BenchmarkTest00580,src/main/java/org/owasp/benchmark/testcode/BenchmarkTest00580.java,weakrand,330,False
BenchmarkTest00581,src/main/java/org/owasp/benchmark/testcode/BenchmarkTest00581.java,weakrand,330,False
BenchmarkTest00582,src/main/java/org/owasp/benchmark/testcode/BenchmarkTest00582.java,weakrand,330,False
BenchmarkTest00583,src/main/java/org/owasp/benchmark/testcode/BenchmarkTest00583.java,weakrand,330,False
BenchmarkTest00584,src/main/java/org/owasp/benchmark/testcode/BenchmarkTest00584.java,weakrand,330,False
BenchmarkTest00585,src/main/java/org/owasp/benchmark/testcode/BenchmarkTest00585.java,weakrand,330,False
BenchmarkTest00586,src/main/java/org/owasp/benchmark/testcode/BenchmarkTest00586.java,trustbound,501,False
BenchmarkTest00587,src/main/java/org/owasp/benchmark/testcode/BenchmarkTest00587.java,trustbound,501,True
BenchmarkTest00588,src/main/java/org/owasp/benchmark/testcode/BenchmarkTest00588.java,trustbound,501,True
BenchmarkTest00589,src/main/java/org/owasp/benchmark/testcode/BenchmarkTest00589.java,sqli,89,False
BenchmarkTest00590,src/main/java/org/owasp/benchmark/testcode/BenchmarkTest00590.java,sqli,89,True
BenchmarkTest00591,src/main/java/org/owasp/benchmark/testcode/BenchmarkTest00591.java,sqli,89,True
BenchmarkTest00592,src/main/java/org/owasp/benchmark/testcode/BenchmarkTest00592.java,sqli,89,False
BenchmarkTest00593,src/main/java/org/owasp/benchmark/testcode/BenchmarkTest00593.java,sqli,89,True
BenchmarkTest00594,src/main/java/org/owasp/benchmark/testcode/BenchmarkTest00594.java,sqli,89,True
BenchmarkTest00595,src/main/java/org/owasp/benchmark/testcode/BenchmarkTest00595.java,sqli,89,True
BenchmarkTest00596,src/main/java/org/owasp/benchmark/testcode/BenchmarkTest00596.java,sqli,89,True
BenchmarkTest00597,src/main/java/org/owasp/benchmark/testcode/BenchmarkTest00597.java,sqli,89,True
BenchmarkTest00598,src/main/java/org/owasp/benchmark/testcode/BenchmarkTest00598.java,sqli,89,True
BenchmarkTest00599,src/main/java/org/owasp/benchmark/testcode/BenchmarkTest00599.java,sqli,89,False
BenchmarkTest00600,src/main/java/org/owasp/benchmark/testcode/BenchmarkTest00600.java,sqli,89,True
BenchmarkTest00601,src/main/java/org/owasp/benchmark/testcode/BenchmarkTest00601.java,sqli,89,False
BenchmarkTest00602,src/main/java/org/owasp/benchmark/testcode/BenchmarkTest00602.java,sqli,89,False
BenchmarkTest00603,src/main/java/org/owasp/benchmark/testcode/BenchmarkTest00603.java,sqli,89,True
BenchmarkTest00604,src/main/java/org/owasp/benchmark/testcode/BenchmarkTest00604.java,sqli,89,True
BenchmarkTest00605,src/main/java/org/owasp/benchmark/testcode/BenchmarkTest00605.java,sqli,89,False
BenchmarkTest00606,src/main/java/org/owasp/benchmark/testcode/BenchmarkTest00606.java,sqli,89,True
BenchmarkTest00607,src/main/java/org/owasp/benchmark/testcode/BenchmarkTest00607.java,xpathi,643,True
BenchmarkTest00608,src/main/java/org/owasp/benchmark/testcode/BenchmarkTest00608.java,crypto,327,True
BenchmarkTest00609,src/main/java/org/owasp/benchmark/testcode/BenchmarkTest00609.java,crypto,327,True
BenchmarkTest00610,src/main/java/org/owasp/benchmark/testcode/BenchmarkTest00610.java,crypto,327,True
BenchmarkTest00611,src/main/java/org/owasp/benchmark/testcode/BenchmarkTest00611.java,crypto,327,True
BenchmarkTest00612,src/main/java/org/owasp/benchmark/testcode/BenchmarkTest00612.java,crypto,327,False
BenchmarkTest00613,src/main/java/org/owasp/benchmark/testcode/BenchmarkTest00613.java,crypto,327,False
BenchmarkTest00614,src/main/java/org/owasp/benchmark/testcode/BenchmarkTest00614.java,crypto,327,True
BenchmarkTest00615,src/main/java/org/owasp/benchmark/testcode/BenchmarkTest00615.java,crypto,327,True
BenchmarkTest00616,src/main/java/org/owasp/benchmark/testcode/BenchmarkTest00616.java,crypto,327,True
BenchmarkTest00617,src/main/java/org/owasp/benchmark/testcode/BenchmarkTest00617.java,crypto,327,True
BenchmarkTest00618,src/main/java/org/owasp/benchmark/testcode/BenchmarkTest00618.java,crypto,327,False
BenchmarkTest00619,src/main/java/org/owasp/benchmark/testcode/BenchmarkTest00619.java,pathtraver,22,True
BenchmarkTest00620,src/main/java/org/owasp/benchmark/testcode/BenchmarkTest00620.java,pathtraver,22,False
BenchmarkTest00621,src/main/java/org/owasp/benchmark/testcode/BenchmarkTest00621.java,pathtraver,22,False
BenchmarkTest00622,src/main/java/org/owasp/benchmark/testcode/BenchmarkTest00622.java,pathtraver,22,False
BenchmarkTest00623,src/main/java/org/owasp/benchmark/testcode/BenchmarkTest00623.java,pathtraver,22,True
BenchmarkTest00624,src/main/java/org/owasp/benchmark/testcode/BenchmarkTest00624.java,pathtraver,22,True
BenchmarkTest00625,src/main/java/org/owasp/benchmark/testcode/BenchmarkTest00625.java,pathtraver,22,False
BenchmarkTest00626,src/main/java/org/owasp/benchmark/testcode/BenchmarkTest00626.java,pathtraver,22,False
BenchmarkTest00627,src/main/java/org/owasp/benchmark/testcode/BenchmarkTest00627.java,pathtraver,22,True
BenchmarkTest00628,src/main/java/org/owasp/benchmark/testcode/BenchmarkTest00628.java,pathtraver,22,False
BenchmarkTest00629,src/main/java/org/owasp/benchmark/testcode/BenchmarkTest00629.java,pathtraver,22,True
BenchmarkTest00630,src/main/java/org/owasp/benchmark/testcode/BenchmarkTest00630.java,ldapi,90,True
BenchmarkTest00631,src/main/java/org/owasp/benchmark/testcode/BenchmarkTest00631.java,hash,328,True
BenchmarkTest00632,src/main/java/org/owasp/benchmark/testcode/BenchmarkTest00632.java,hash,328,False
BenchmarkTest00633,src/main/java/org/owasp/benchmark/testcode/BenchmarkTest00633.java,hash,328,False
BenchmarkTest00634,src/main/java/org/owasp/benchmark/testcode/BenchmarkTest00634.java,hash,328,True
BenchmarkTest00635,src/main/java/org/owasp/benchmark/testcode/BenchmarkTest00635.java,hash,328,True
BenchmarkTest00636,src/main/java/org/owasp/benchmark/testcode/BenchmarkTest00636.java,hash,328,True
BenchmarkTest00637,src/main/java/org/owasp/benchmark/testcode/BenchmarkTest00637.java,hash,328,True
BenchmarkTest00638,src/main/java/org/owasp/benchmark/testcode/BenchmarkTest00638.java,hash,328,True
BenchmarkTest00639,src/main/java/org/owasp/benchmark/testcode/BenchmarkTest00639.java,hash,328,False
BenchmarkTest00640,src/main/java/org/owasp/benchmark/testcode/BenchmarkTest00640.java,hash,328,False
BenchmarkTest00641,src/main/java/org/owasp/benchmark/testcode/BenchmarkTest00641.java,hash,328,False
BenchmarkTest00642,src/main/java/org/owasp/benchmark/testcode/BenchmarkTest00642.java,xss,79,True
BenchmarkTest00643,src/main/java/org/owasp/benchmark/testcode/BenchmarkTest00643.java,xss,79,True
BenchmarkTest00644,src/main/java/org/owasp/benchmark/testcode/BenchmarkTest00644.java,xss,79,True
BenchmarkTest00645,src/main/java/org/owasp/benchmark/testcode/BenchmarkTest00645.java,xss,79,True
BenchmarkTest00646,src/main/java/org/owasp/benchmark/testcode/BenchmarkTest00646.java,xss,79,False
BenchmarkTest00647,src/main/java/org/owasp/benchmark/testcode/BenchmarkTest00647.java,xss,79,False
BenchmarkTest00648,src/main/java/org/owasp/benchmark/testcode/BenchmarkTest00648.java,xss,79,False
BenchmarkTest00649,src/main/java/org/owasp/benchmark/testcode/BenchmarkTest00649.java,xss,79,False
BenchmarkTest00650,src/main/java/org/owasp/benchmark/testcode/BenchmarkTest00650.java,xss,79,False
BenchmarkTest00651,src/main/java/org/owasp/benchmark/testcode/BenchmarkTest00651.java,xss,79,True
BenchmarkTest00652,src/main/java/org/owasp/benchmark/testcode/BenchmarkTest00652.java,weakrand,330,True
BenchmarkTest00653,src/main/java/org/owasp/benchmark/testcode/BenchmarkTest00653.java,weakrand,330,True
BenchmarkTest00654,src/main/java/org/owasp/benchmark/testcode/BenchmarkTest00654.java,weakrand,330,True
BenchmarkTest00655,src/main/java/org/owasp/benchmark/testcode/BenchmarkTest00655.java,securecookie,614,False
BenchmarkTest00656,src/main/java/org/owasp/benchmark/testcode/BenchmarkTest00656.java,xss,79,True
BenchmarkTest00657,src/main/java/org/owasp/benchmark/testcode/BenchmarkTest00657.java,cmdi,78,False
BenchmarkTest00658,src/main/java/org/owasp/benchmark/testcode/BenchmarkTest00658.java,cmdi,78,False
BenchmarkTest00659,src/main/java/org/owasp/benchmark/testcode/BenchmarkTest00659.java,cmdi,78,False
BenchmarkTest00660,src/main/java/org/owasp/benchmark/testcode/BenchmarkTest00660.java,weakrand,330,False
BenchmarkTest00661,src/main/java/org/owasp/benchmark/testcode/BenchmarkTest00661.java,weakrand,330,False
BenchmarkTest00662,src/main/java/org/owasp/benchmark/testcode/BenchmarkTest00662.java,weakrand,330,False
BenchmarkTest00663,src/main/java/org/owasp/benchmark/testcode/BenchmarkTest00663.java,weakrand,330,False
BenchmarkTest00664,src/main/java/org/owasp/benchmark/testcode/BenchmarkTest00664.java,weakrand,330,False
BenchmarkTest00665,src/main/java/org/owasp/benchmark/testcode/BenchmarkTest00665.java,weakrand,330,False
BenchmarkTest00666,src/main/java/org/owasp/benchmark/testcode/BenchmarkTest00666.java,weakrand,330,False
BenchmarkTest00667,src/main/java/org/owasp/benchmark/testcode/BenchmarkTest00667.java,weakrand,330,False
BenchmarkTest00668,src/main/java/org/owasp/benchmark/testcode/BenchmarkTest00668.java,trustbound,501,True
BenchmarkTest00669,src/main/java/org/owasp/benchmark/testcode/BenchmarkTest00669.java,trustbound,501,False
BenchmarkTest00670,src/main/java/org/owasp/benchmark/testcode/BenchmarkTest00670.java,trustbound,501,True
BenchmarkTest00671,src/main/java/org/owasp/benchmark/testcode/BenchmarkTest00671.java,trustbound,501,True
BenchmarkTest00672,src/main/java/org/owasp/benchmark/testcode/BenchmarkTest00672.java,sqli,89,False
BenchmarkTest00673,src/main/java/org/owasp/benchmark/testcode/BenchmarkTest00673.java,sqli,89,True
BenchmarkTest00674,src/main/java/org/owasp/benchmark/testcode/BenchmarkTest00674.java,sqli,89,False
BenchmarkTest00675,src/main/java/org/owasp/benchmark/testcode/BenchmarkTest00675.java,sqli,89,False
BenchmarkTest00676,src/main/java/org/owasp/benchmark/testcode/BenchmarkTest00676.java,sqli,89,False
BenchmarkTest00677,src/main/java/org/owasp/benchmark/testcode/BenchmarkTest00677.java,sqli,89,True
BenchmarkTest00678,src/main/java/org/owasp/benchmark/testcode/BenchmarkTest00678.java,sqli,89,True
BenchmarkTest00679,src/main/java/org/owasp/benchmark/testcode/BenchmarkTest00679.java,sqli,89,True
BenchmarkTest00680,src/main/java/org/owasp/benchmark/testcode/BenchmarkTest00680.java,sqli,89,False
BenchmarkTest00681,src/main/java/org/owasp/benchmark/testcode/BenchmarkTest00681.java,sqli,89,True
BenchmarkTest00682,src/main/java/org/owasp/benchmark/testcode/BenchmarkTest00682.java,sqli,89,False
BenchmarkTest00683,src/main/java/org/owasp/benchmark/testcode/BenchmarkTest00683.java,xpathi,643,False
BenchmarkTest00684,src/main/java/org/owasp/benchmark/testcode/BenchmarkTest00684.java,crypto,327,True
BenchmarkTest00685,src/main/java/org/owasp/benchmark/testcode/BenchmarkTest00685.java,crypto,327,True
BenchmarkTest00686,src/main/java/org/owasp/benchmark/testcode/BenchmarkTest00686.java,crypto,327,False
BenchmarkTest00687,src/main/java/org/owasp/benchmark/testcode/BenchmarkTest00687.java,crypto,327,False
BenchmarkTest00688,src/main/java/org/owasp/benchmark/testcode/BenchmarkTest00688.java,crypto,327,True
BenchmarkTest00689,src/main/java/org/owasp/benchmark/testcode/BenchmarkTest00689.java,crypto,327,False
BenchmarkTest00690,src/main/java/org/owasp/benchmark/testcode/BenchmarkTest00690.java,crypto,327,False
BenchmarkTest00691,src/main/java/org/owasp/benchmark/testcode/BenchmarkTest00691.java,crypto,327,True
BenchmarkTest00692,src/main/java/org/owasp/benchmark/testcode/BenchmarkTest00692.java,crypto,327,True
BenchmarkTest00693,src/main/java/org/owasp/benchmark/testcode/BenchmarkTest00693.java,crypto,327,True
BenchmarkTest00694,src/main/java/org/owasp/benchmark/testcode/BenchmarkTest00694.java,ldapi,90,True
BenchmarkTest00695,src/main/java/org/owasp/benchmark/testcode/BenchmarkTest00695.java,ldapi,90,True
BenchmarkTest00696,src/main/java/org/owasp/benchmark/testcode/BenchmarkTest00696.java,pathtraver,22,True
BenchmarkTest00697,src/main/java/org/owasp/benchmark/testcode/BenchmarkTest00697.java,pathtraver,22,True
BenchmarkTest00698,src/main/java/org/owasp/benchmark/testcode/BenchmarkTest00698.java,pathtraver,22,True
BenchmarkTest00699,src/main/java/org/owasp/benchmark/testcode/BenchmarkTest00699.java,pathtraver,22,False
BenchmarkTest00700,src/main/java/org/owasp/benchmark/testcode/BenchmarkTest00700.java,pathtraver,22,True
BenchmarkTest00701,src/main/java/org/owasp/benchmark/testcode/BenchmarkTest00701.java,ldapi,90,False
BenchmarkTest00702,src/main/java/org/owasp/benchmark/testcode/BenchmarkTest00702.java,weakrand,330,True
BenchmarkTest00703,src/main/java/org/owasp/benchmark/testcode/BenchmarkTest00703.java,hash,328,True
BenchmarkTest00704,src/main/java/org/owasp/benchmark/testcode/BenchmarkTest00704.java,hash,328,True
BenchmarkTest00705,src/main/java/org/owasp/benchmark/testcode/BenchmarkTest00705.java,hash,328,True
BenchmarkTest00706,src/main/java/org/owasp/benchmark/testcode/BenchmarkTest00706.java,hash,328,False
BenchmarkTest00707,src/main/java/org/owasp/benchmark/testcode/BenchmarkTest00707.java,hash,328,False
BenchmarkTest00708,src/main/java/org/owasp/benchmark/testcode/BenchmarkTest00708.java,hash,328,True
BenchmarkTest00709,src/main/java/org/owasp/benchmark/testcode/BenchmarkTest00709.java,hash,328,False
BenchmarkTest00710,src/main/java/org/owasp/benchmark/testcode/BenchmarkTest00710.java,hash,328,True
BenchmarkTest00711,src/main/java/org/owasp/benchmark/testcode/BenchmarkTest00711.java,xss,79,True
BenchmarkTest00712,src/main/java/org/owasp/benchmark/testcode/BenchmarkTest00712.java,xss,79,False
BenchmarkTest00713,src/main/java/org/owasp/benchmark/testcode/BenchmarkTest00713.java,xss,79,False
BenchmarkTest00714,src/main/java/org/owasp/benchmark/testcode/BenchmarkTest00714.java,xss,79,False
BenchmarkTest00715,src/main/java/org/owasp/benchmark/testcode/BenchmarkTest00715.java,xss,79,True
BenchmarkTest00716,src/main/java/org/owasp/benchmark/testcode/BenchmarkTest00716.java,xss,79,False
BenchmarkTest00717,src/main/java/org/owasp/benchmark/testcode/BenchmarkTest00717.java,xss,79,False
BenchmarkTest00718,src/main/java/org/owasp/benchmark/testcode/BenchmarkTest00718.java,xss,79,False
BenchmarkTest00719,src/main/java/org/owasp/benchmark/testcode/BenchmarkTest00719.java,xss,79,True
BenchmarkTest00720,src/main/java/org/owasp/benchmark/testcode/BenchmarkTest00720.java,xss,79,True
BenchmarkTest00721,src/main/java/org/owasp/benchmark/testcode/BenchmarkTest00721.java,xss,79,True
BenchmarkTest00722,src/main/java/org/owasp/benchmark/testcode/BenchmarkTest00722.java,xss,79,False
BenchmarkTest00723,src/main/java/org/owasp/benchmark/testcode/BenchmarkTest00723.java,xss,79,False
BenchmarkTest00724,src/main/java/org/owasp/benchmark/testcode/BenchmarkTest00724.java,xss,79,True
BenchmarkTest00725,src/main/java/org/owasp/benchmark/testcode/BenchmarkTest00725.java,xss,79,True
BenchmarkTest00726,src/main/java/org/owasp/benchmark/testcode/BenchmarkTest00726.java,xss,79,False
BenchmarkTest00727,src/main/java/org/owasp/benchmark/testcode/BenchmarkTest00727.java,xss,79,True
BenchmarkTest00728,src/main/java/org/owasp/benchmark/testcode/BenchmarkTest00728.java,xss,79,True
BenchmarkTest00729,src/main/java/org/owasp/benchmark/testcode/BenchmarkTest00729.java,xss,79,True
BenchmarkTest00730,src/main/java/org/owasp/benchmark/testcode/BenchmarkTest00730.java,xss,79,False
BenchmarkTest00731,src/main/java/org/owasp/benchmark/testcode/BenchmarkTest00731.java,cmdi,78,True
BenchmarkTest00732,src/main/java/org/owasp/benchmark/testcode/BenchmarkTest00732.java,cmdi,78,False
BenchmarkTest00733,src/main/java/org/owasp/benchmark/testcode/BenchmarkTest00733.java,weakrand,330,True
BenchmarkTest00734,src/main/java/org/owasp/benchmark/testcode/BenchmarkTest00734.java,weakrand,330,True
BenchmarkTest00735,src/main/java/org/owasp/benchmark/testcode/BenchmarkTest00735.java,weakrand,330,True
BenchmarkTest00736,src/main/java/org/owasp/benchmark/testcode/BenchmarkTest00736.java,securecookie,614,True
BenchmarkTest00737,src/main/java/org/owasp/benchmark/testcode/BenchmarkTest00737.java,xss,79,True
BenchmarkTest00738,src/main/java/org/owasp/benchmark/testcode/BenchmarkTest00738.java,cmdi,78,False
BenchmarkTest00739,src/main/java/org/owasp/benchmark/testcode/BenchmarkTest00739.java,cmdi,78,False
BenchmarkTest00740,src/main/java/org/owasp/benchmark/testcode/BenchmarkTest00740.java,cmdi,78,True
BenchmarkTest00741,src/main/java/org/owasp/benchmark/testcode/BenchmarkTest00741.java,cmdi,78,False
BenchmarkTest00742,src/main/java/org/owasp/benchmark/testcode/BenchmarkTest00742.java,cmdi,78,False
BenchmarkTest00743,src/main/java/org/owasp/benchmark/testcode/BenchmarkTest00743.java,cmdi,78,False
BenchmarkTest00744,src/main/java/org/owasp/benchmark/testcode/BenchmarkTest00744.java,weakrand,330,False
BenchmarkTest00745,src/main/java/org/owasp/benchmark/testcode/BenchmarkTest00745.java,weakrand,330,False
BenchmarkTest00746,src/main/java/org/owasp/benchmark/testcode/BenchmarkTest00746.java,weakrand,330,False
BenchmarkTest00747,src/main/java/org/owasp/benchmark/testcode/BenchmarkTest00747.java,weakrand,330,False
BenchmarkTest00748,src/main/java/org/owasp/benchmark/testcode/BenchmarkTest00748.java,weakrand,330,False
BenchmarkTest00749,src/main/java/org/owasp/benchmark/testcode/BenchmarkTest00749.java,weakrand,330,False
BenchmarkTest00750,src/main/java/org/owasp/benchmark/testcode/BenchmarkTest00750.java,weakrand,330,False
BenchmarkTest00751,src/main/java/org/owasp/benchmark/testcode/BenchmarkTest00751.java,weakrand,330,False
BenchmarkTest00752,src/main/java/org/owasp/benchmark/testcode/BenchmarkTest00752.java,weakrand,330,False
BenchmarkTest00753,src/main/java/org/owasp/benchmark/testcode/BenchmarkTest00753.java,weakrand,330,False
BenchmarkTest00754,src/main/java/org/owasp/benchmark/testcode/BenchmarkTest00754.java,trustbound,501,True
BenchmarkTest00755,src/main/java/org/owasp/benchmark/testcode/BenchmarkTest00755.java,trustbound,501,False
BenchmarkTest00756,src/main/java/org/owasp/benchmark/testcode/BenchmarkTest00756.java,trustbound,501,True
BenchmarkTest00757,src/main/java/org/owasp/benchmark/testcode/BenchmarkTest00757.java,trustbound,501,True
BenchmarkTest00758,src/main/java/org/owasp/benchmark/testcode/BenchmarkTest00758.java,trustbound,501,False
BenchmarkTest00759,src/main/java/org/owasp/benchmark/testcode/BenchmarkTest00759.java,trustbound,501,True
BenchmarkTest00760,src/main/java/org/owasp/benchmark/testcode/BenchmarkTest00760.java,sqli,89,True
BenchmarkTest00761,src/main/java/org/owasp/benchmark/testcode/BenchmarkTest00761.java,sqli,89,True
BenchmarkTest00762,src/main/java/org/owasp/benchmark/testcode/BenchmarkTest00762.java,sqli,89,True
BenchmarkTest00763,src/main/java/org/owasp/benchmark/testcode/BenchmarkTest00763.java,sqli,89,False
BenchmarkTest00764,src/main/java/org/owasp/benchmark/testcode/BenchmarkTest00764.java,sqli,89,True
BenchmarkTest00765,src/main/java/org/owasp/benchmark/testcode/BenchmarkTest00765.java,sqli,89,True
BenchmarkTest00766,src/main/java/org/owasp/benchmark/testcode/BenchmarkTest00766.java,sqli,89,False
BenchmarkTest00767,src/main/java/org/owasp/benchmark/testcode/BenchmarkTest00767.java,sqli,89,True
BenchmarkTest00768,src/main/java/org/owasp/benchmark/testcode/BenchmarkTest00768.java,sqli,89,True
BenchmarkTest00769,src/main/java/org/owasp/benchmark/testcode/BenchmarkTest00769.java,sqli,89,True
BenchmarkTest00770,src/main/java/org/owasp/benchmark/testcode/BenchmarkTest00770.java,sqli,89,True
BenchmarkTest00771,src/main/java/org/owasp/benchmark/testcode/BenchmarkTest00771.java,sqli,89,True
BenchmarkTest00772,src/main/java/org/owasp/benchmark/testcode/BenchmarkTest00772.java,sqli,89,False
BenchmarkTest00773,src/main/java/org/owasp/benchmark/testcode/BenchmarkTest00773.java,sqli,89,False
BenchmarkTest00774,src/main/java/org/owasp/benchmark/testcode/BenchmarkTest00774.java,sqli,89,False
BenchmarkTest00775,src/main/java/org/owasp/benchmark/testcode/BenchmarkTest00775.java,crypto,327,False
BenchmarkTest00776,src/main/java/org/owasp/benchmark/testcode/BenchmarkTest00776.java,crypto,327,False
BenchmarkTest00777,src/main/java/org/owasp/benchmark/testcode/BenchmarkTest00777.java,crypto,327,False
BenchmarkTest00778,src/main/java/org/owasp/benchmark/testcode/BenchmarkTest00778.java,crypto,327,False
BenchmarkTest00779,src/main/java/org/owasp/benchmark/testcode/BenchmarkTest00779.java,crypto,327,True
BenchmarkTest00780,src/main/java/org/owasp/benchmark/testcode/BenchmarkTest00780.java,crypto,327,False
BenchmarkTest00781,src/main/java/org/owasp/benchmark/testcode/BenchmarkTest00781.java,crypto,327,True
BenchmarkTest00782,src/main/java/org/owasp/benchmark/testcode/BenchmarkTest00782.java,crypto,327,False
BenchmarkTest00783,src/main/java/org/owasp/benchmark/testcode/BenchmarkTest00783.java,pathtraver,22,True
BenchmarkTest00784,src/main/java/org/owasp/benchmark/testcode/BenchmarkTest00784.java,pathtraver,22,False
BenchmarkTest00785,src/main/java/org/owasp/benchmark/testcode/BenchmarkTest00785.java,pathtraver,22,True
BenchmarkTest00786,src/main/java/org/owasp/benchmark/testcode/BenchmarkTest00786.java,pathtraver,22,False
BenchmarkTest00787,src/main/java/org/owasp/benchmark/testcode/BenchmarkTest00787.java,pathtraver,22,True
BenchmarkTest00788,src/main/java/org/owasp/benchmark/testcode/BenchmarkTest00788.java,pathtraver,22,True
BenchmarkTest00789,src/main/java/org/owasp/benchmark/testcode/BenchmarkTest00789.java,hash,328,True
BenchmarkTest00790,src/main/java/org/owasp/benchmark/testcode/BenchmarkTest00790.java,hash,328,True
BenchmarkTest00791,src/main/java/org/owasp/benchmark/testcode/BenchmarkTest00791.java,hash,328,False
BenchmarkTest00792,src/main/java/org/owasp/benchmark/testcode/BenchmarkTest00792.java,hash,328,False
BenchmarkTest00793,src/main/java/org/owasp/benchmark/testcode/BenchmarkTest00793.java,hash,328,False
BenchmarkTest00794,src/main/java/org/owasp/benchmark/testcode/BenchmarkTest00794.java,hash,328,True
BenchmarkTest00795,src/main/java/org/owasp/benchmark/testcode/BenchmarkTest00795.java,hash,328,False
BenchmarkTest00796,src/main/java/org/owasp/benchmark/testcode/BenchmarkTest00796.java,hash,328,True
BenchmarkTest00797,src/main/java/org/owasp/benchmark/testcode/BenchmarkTest00797.java,hash,328,True
BenchmarkTest00798,src/main/java/org/owasp/benchmark/testcode/BenchmarkTest00798.java,hash,328,False
BenchmarkTest00799,src/main/java/org/owasp/benchmark/testcode/BenchmarkTest00799.java,xss,79,False
BenchmarkTest00800,src/main/java/org/owasp/benchmark/testcode/BenchmarkTest00800.java,xss,79,True
BenchmarkTest00801,src/main/java/org/owasp/benchmark/testcode/BenchmarkTest00801.java,xss,79,True
BenchmarkTest00802,src/main/java/org/owasp/benchmark/testcode/BenchmarkTest00802.java,xss,79,True
BenchmarkTest00803,src/main/java/org/owasp/benchmark/testcode/BenchmarkTest00803.java,xss,79,True
BenchmarkTest00804,src/main/java/org/owasp/benchmark/testcode/BenchmarkTest00804.java,xss,79,True
BenchmarkTest00805,src/main/java/org/owasp/benchmark/testcode/BenchmarkTest00805.java,xss,79,True
BenchmarkTest00806,src/main/java/org/owasp/benchmark/testcode/BenchmarkTest00806.java,xss,79,True
BenchmarkTest00807,src/main/java/org/owasp/benchmark/testcode/BenchmarkTest00807.java,xss,79,True
BenchmarkTest00808,src/main/java/org/owasp/benchmark/testcode/BenchmarkTest00808.java,xss,79,False
BenchmarkTest00809,src/main/java/org/owasp/benchmark/testcode/BenchmarkTest00809.java,xss,79,True
BenchmarkTest00810,src/main/java/org/owasp/benchmark/testcode/BenchmarkTest00810.java,xss,79,True
BenchmarkTest00811,src/main/java/org/owasp/benchmark/testcode/BenchmarkTest00811.java,xss,79,True
BenchmarkTest00812,src/main/java/org/owasp/benchmark/testcode/BenchmarkTest00812.java,xss,79,False
BenchmarkTest00813,src/main/java/org/owasp/benchmark/testcode/BenchmarkTest00813.java,xss,79,False
BenchmarkTest00814,src/main/java/org/owasp/benchmark/testcode/BenchmarkTest00814.java,cmdi,78,False
BenchmarkTest00815,src/main/java/org/owasp/benchmark/testcode/BenchmarkTest00815.java,cmdi,78,True
BenchmarkTest00816,src/main/java/org/owasp/benchmark/testcode/BenchmarkTest00816.java,cmdi,78,True
BenchmarkTest00817,src/main/java/org/owasp/benchmark/testcode/BenchmarkTest00817.java,weakrand,330,True
BenchmarkTest00818,src/main/java/org/owasp/benchmark/testcode/BenchmarkTest00818.java,weakrand,330,True
BenchmarkTest00819,src/main/java/org/owasp/benchmark/testcode/BenchmarkTest00819.java,weakrand,330,True
BenchmarkTest00820,src/main/java/org/owasp/benchmark/testcode/BenchmarkTest00820.java,securecookie,614,True
BenchmarkTest00821,src/main/java/org/owasp/benchmark/testcode/BenchmarkTest00821.java,securecookie,614,True
BenchmarkTest00822,src/main/java/org/owasp/benchmark/testcode/BenchmarkTest00822.java,xss,79,True
BenchmarkTest00823,src/main/java/org/owasp/benchmark/testcode/BenchmarkTest00823.java,cmdi,78,True
BenchmarkTest00824,src/main/java/org/owasp/benchmark/testcode/BenchmarkTest00824.java,cmdi,78,True
BenchmarkTest00825,src/main/java/org/owasp/benchmark/testcode/BenchmarkTest00825.java,cmdi,78,True
BenchmarkTest00826,src/main/java/org/owasp/benchmark/testcode/BenchmarkTest00826.java,cmdi,78,False
BenchmarkTest00827,src/main/java/org/owasp/benchmark/testcode/BenchmarkTest00827.java,cmdi,78,False
BenchmarkTest00828,src/main/java/org/owasp/benchmark/testcode/BenchmarkTest00828.java,weakrand,330,False
BenchmarkTest00829,src/main/java/org/owasp/benchmark/testcode/BenchmarkTest00829.java,weakrand,330,False
BenchmarkTest00830,src/main/java/org/owasp/benchmark/testcode/BenchmarkTest00830.java,weakrand,330,False
BenchmarkTest00831,src/main/java/org/owasp/benchmark/testcode/BenchmarkTest00831.java,weakrand,330,False
BenchmarkTest00832,src/main/java/org/owasp/benchmark/testcode/BenchmarkTest00832.java,weakrand,330,False
BenchmarkTest00833,src/main/java/org/owasp/benchmark/testcode/BenchmarkTest00833.java,trustbound,501,True
BenchmarkTest00834,src/main/java/org/owasp/benchmark/testcode/BenchmarkTest00834.java,trustbound,501,True
BenchmarkTest00835,src/main/java/org/owasp/benchmark/testcode/BenchmarkTest00835.java,trustbound,501,False
BenchmarkTest00836,src/main/java/org/owasp/benchmark/testcode/BenchmarkTest00836.java,trustbound,501,True
BenchmarkTest00837,src/main/java/org/owasp/benchmark/testcode/BenchmarkTest00837.java,sqli,89,False
BenchmarkTest00838,src/main/java/org/owasp/benchmark/testcode/BenchmarkTest00838.java,sqli,89,False
BenchmarkTest00839,src/main/java/org/owasp/benchmark/testcode/BenchmarkTest00839.java,sqli,89,True
BenchmarkTest00840,src/main/java/org/owasp/benchmark/testcode/BenchmarkTest00840.java,sqli,89,True
BenchmarkTest00841,src/main/java/org/owasp/benchmark/testcode/BenchmarkTest00841.java,sqli,89,True
BenchmarkTest00842,src/main/java/org/owasp/benchmark/testcode/BenchmarkTest00842.java,sqli,89,True
BenchmarkTest00843,src/main/java/org/owasp/benchmark/testcode/BenchmarkTest00843.java,sqli,89,True
BenchmarkTest00844,src/main/java/org/owasp/benchmark/testcode/BenchmarkTest00844.java,sqli,89,False
BenchmarkTest00845,src/main/java/org/owasp/benchmark/testcode/BenchmarkTest00845.java,sqli,89,True
BenchmarkTest00846,src/main/java/org/owasp/benchmark/testcode/BenchmarkTest00846.java,sqli,89,True
BenchmarkTest00847,src/main/java/org/owasp/benchmark/testcode/BenchmarkTest00847.java,sqli,89,True
BenchmarkTest00848,src/main/java/org/owasp/benchmark/testcode/BenchmarkTest00848.java,sqli,89,True
BenchmarkTest00849,src/main/java/org/owasp/benchmark/testcode/BenchmarkTest00849.java,sqli,89,True
BenchmarkTest00850,src/main/java/org/owasp/benchmark/testcode/BenchmarkTest00850.java,sqli,89,True
BenchmarkTest00851,src/main/java/org/owasp/benchmark/testcode/BenchmarkTest00851.java,sqli,89,False
BenchmarkTest00852,src/main/java/org/owasp/benchmark/testcode/BenchmarkTest00852.java,xpathi,643,False
BenchmarkTest00853,src/main/java/org/owasp/benchmark/testcode/BenchmarkTest00853.java,crypto,327,True
BenchmarkTest00854,src/main/java/org/owasp/benchmark/testcode/BenchmarkTest00854.java,crypto,327,False
BenchmarkTest00855,src/main/java/org/owasp/benchmark/testcode/BenchmarkTest00855.java,crypto,327,True
BenchmarkTest00856,src/main/java/org/owasp/benchmark/testcode/BenchmarkTest00856.java,crypto,327,True
BenchmarkTest00857,src/main/java/org/owasp/benchmark/testcode/BenchmarkTest00857.java,crypto,327,True
BenchmarkTest00858,src/main/java/org/owasp/benchmark/testcode/BenchmarkTest00858.java,crypto,327,False
BenchmarkTest00859,src/main/java/org/owasp/benchmark/testcode/BenchmarkTest00859.java,crypto,327,True
BenchmarkTest00860,src/main/java/org/owasp/benchmark/testcode/BenchmarkTest00860.java,ldapi,90,False
BenchmarkTest00861,src/main/java/org/owasp/benchmark/testcode/BenchmarkTest00861.java,ldapi,90,False
BenchmarkTest00862,src/main/java/org/owasp/benchmark/testcode/BenchmarkTest00862.java,pathtraver,22,False
BenchmarkTest00863,src/main/java/org/owasp/benchmark/testcode/BenchmarkTest00863.java,pathtraver,22,False
BenchmarkTest00864,src/main/java/org/owasp/benchmark/testcode/BenchmarkTest00864.java,pathtraver,22,False
BenchmarkTest00865,src/main/java/org/owasp/benchmark/testcode/BenchmarkTest00865.java,pathtraver,22,False
BenchmarkTest00866,src/main/java/org/owasp/benchmark/testcode/BenchmarkTest00866.java,pathtraver,22,False
BenchmarkTest00867,src/main/java/org/owasp/benchmark/testcode/BenchmarkTest00867.java,pathtraver,22,False
BenchmarkTest00868,src/main/java/org/owasp/benchmark/testcode/BenchmarkTest00868.java,hash,328,True
BenchmarkTest00869,src/main/java/org/owasp/benchmark/testcode/BenchmarkTest00869.java,hash,328,True
BenchmarkTest00870,src/main/java/org/owasp/benchmark/testcode/BenchmarkTest00870.java,hash,328,True
BenchmarkTest00871,src/main/java/org/owasp/benchmark/testcode/BenchmarkTest00871.java,hash,328,True
BenchmarkTest00872,src/main/java/org/owasp/benchmark/testcode/BenchmarkTest00872.java,hash,328,True
BenchmarkTest00873,src/main/java/org/owasp/benchmark/testcode/BenchmarkTest00873.java,hash,328,False
BenchmarkTest00874,src/main/java/org/owasp/benchmark/testcode/BenchmarkTest00874.java,hash,328,False
BenchmarkTest00875,src/main/java/org/owasp/benchmark/testcode/BenchmarkTest00875.java,hash,328,True
BenchmarkTest00876,src/main/java/org/owasp/benchmark/testcode/BenchmarkTest00876.java,hash,328,True
BenchmarkTest00877,src/main/java/org/owasp/benchmark/testcode/BenchmarkTest00877.java,hash,328,False
BenchmarkTest00878,src/main/java/org/owasp/benchmark/testcode/BenchmarkTest00878.java,hash,328,False
BenchmarkTest00879,src/main/java/org/owasp/benchmark/testcode/BenchmarkTest00879.java,xss,79,False
BenchmarkTest00880,src/main/java/org/owasp/benchmark/testcode/BenchmarkTest00880.java,xss,79,False
BenchmarkTest00881,src/main/java/org/owasp/benchmark/testcode/BenchmarkTest00881.java,xss,79,False
BenchmarkTest00882,src/main/java/org/owasp/benchmark/testcode/BenchmarkTest00882.java,xss,79,False
BenchmarkTest00883,src/main/java/org/owasp/benchmark/testcode/BenchmarkTest00883.java,xss,79,False
BenchmarkTest00884,src/main/java/org/owasp/benchmark/testcode/BenchmarkTest00884.java,xss,79,False
BenchmarkTest00885,src/main/java/org/owasp/benchmark/testcode/BenchmarkTest00885.java,xss,79,False
BenchmarkTest00886,src/main/java/org/owasp/benchmark/testcode/BenchmarkTest00886.java,xss,79,False
BenchmarkTest00887,src/main/java/org/owasp/benchmark/testcode/BenchmarkTest00887.java,xss,79,False
BenchmarkTest00888,src/main/java/org/owasp/benchmark/testcode/BenchmarkTest00888.java,xss,79,False
BenchmarkTest00889,src/main/java/org/owasp/benchmark/testcode/BenchmarkTest00889.java,xss,79,False
BenchmarkTest00890,src/main/java/org/owasp/benchmark/testcode/BenchmarkTest00890.java,xss,79,False
BenchmarkTest00891,src/main/java/org/owasp/benchmark/testcode/BenchmarkTest00891.java,xss,79,False
BenchmarkTest00892,src/main/java/org/owasp/benchmark/testcode/BenchmarkTest00892.java,xss,79,False
BenchmarkTest00893,src/main/java/org/owasp/benchmark/testcode/BenchmarkTest00893.java,xss,79,False
BenchmarkTest00894,src/main/java/org/owasp/benchmark/testcode/BenchmarkTest00894.java,xss,79,False
BenchmarkTest00895,src/main/java/org/owasp/benchmark/testcode/BenchmarkTest00895.java,cmdi,78,False
BenchmarkTest00896,src/main/java/org/owasp/benchmark/testcode/BenchmarkTest00896.java,cmdi,78,False
BenchmarkTest00897,src/main/java/org/owasp/benchmark/testcode/BenchmarkTest00897.java,cmdi,78,False
BenchmarkTest00898,src/main/java/org/owasp/benchmark/testcode/BenchmarkTest00898.java,weakrand,330,True
BenchmarkTest00899,src/main/java/org/owasp/benchmark/testcode/BenchmarkTest00899.java,weakrand,330,True
BenchmarkTest00900,src/main/java/org/owasp/benchmark/testcode/BenchmarkTest00900.java,weakrand,330,True
BenchmarkTest00901,src/main/java/org/owasp/benchmark/testcode/BenchmarkTest00901.java,weakrand,330,True
BenchmarkTest00902,src/main/java/org/owasp/benchmark/testcode/BenchmarkTest00902.java,weakrand,330,True
BenchmarkTest00903,src/main/java/org/owasp/benchmark/testcode/BenchmarkTest00903.java,securecookie,614,True
BenchmarkTest00904,src/main/java/org/owasp/benchmark/testcode/BenchmarkTest00904.java,securecookie,614,False
BenchmarkTest00905,src/main/java/org/owasp/benchmark/testcode/BenchmarkTest00905.java,cmdi,78,False
BenchmarkTest00906,src/main/java/org/owasp/benchmark/testcode/BenchmarkTest00906.java,cmdi,78,False
BenchmarkTest00907,src/main/java/org/owasp/benchmark/testcode/BenchmarkTest00907.java,cmdi,78,False
BenchmarkTest00908,src/main/java/org/owasp/benchmark/testcode/BenchmarkTest00908.java,cmdi,78,False
BenchmarkTest00909,src/main/java/org/owasp/benchmark/testcode/BenchmarkTest00909.java,cmdi,78,False
BenchmarkTest00910,src/main/java/org/owasp/benchmark/testcode/BenchmarkTest00910.java,cmdi,78,False
BenchmarkTest00911,src/main/java/org/owasp/benchmark/testcode/BenchmarkTest00911.java,weakrand,330,False
BenchmarkTest00912,src/main/java/org/owasp/benchmark/testcode/BenchmarkTest00912.java,weakrand,330,False
BenchmarkTest00913,src/main/java/org/owasp/benchmark/testcode/BenchmarkTest00913.java,weakrand,330,False
BenchmarkTest00914,src/main/java/org/owasp/benchmark/testcode/BenchmarkTest00914.java,weakrand,330,False
BenchmarkTest00915,src/main/java/org/owasp/benchmark/testcode/BenchmarkTest00915.java,weakrand,330,False
BenchmarkTest00916,src/main/java/org/owasp/benchmark/testcode/BenchmarkTest00916.java,weakrand,330,False
BenchmarkTest00917,src/main/java/org/owasp/benchmark/testcode/BenchmarkTest00917.java,weakrand,330,False
BenchmarkTest00918,src/main/java/org/owasp/benchmark/testcode/BenchmarkTest00918.java,weakrand,330,False
BenchmarkTest00919,src/main/java/org/owasp/benchmark/testcode/BenchmarkTest00919.java,weakrand,330,False
BenchmarkTest00920,src/main/java/org/owasp/benchmark/testcode/BenchmarkTest00920.java,weakrand,330,False
BenchmarkTest00921,src/main/java/org/owasp/benchmark/testcode/BenchmarkTest00921.java,weakrand,330,False
BenchmarkTest00922,src/main/java/org/owasp/benchmark/testcode/BenchmarkTest00922.java,trustbound,501,False
BenchmarkTest00923,src/main/java/org/owasp/benchmark/testcode/BenchmarkTest00923.java,trustbound,501,False
BenchmarkTest00924,src/main/java/org/owasp/benchmark/testcode/BenchmarkTest00924.java,sqli,89,False
BenchmarkTest00925,src/main/java/org/owasp/benchmark/testcode/BenchmarkTest00925.java,sqli,89,False
BenchmarkTest00926,src/main/java/org/owasp/benchmark/testcode/BenchmarkTest00926.java,sqli,89,False
BenchmarkTest00927,src/main/java/org/owasp/benchmark/testcode/BenchmarkTest00927.java,sqli,89,False
BenchmarkTest00928,src/main/java/org/owasp/benchmark/testcode/BenchmarkTest00928.java,sqli,89,False
BenchmarkTest00929,src/main/java/org/owasp/benchmark/testcode/BenchmarkTest00929.java,sqli,89,False
BenchmarkTest00930,src/main/java/org/owasp/benchmark/testcode/BenchmarkTest00930.java,sqli,89,False
BenchmarkTest00931,src/main/java/org/owasp/benchmark/testcode/BenchmarkTest00931.java,sqli,89,False
BenchmarkTest00932,src/main/java/org/owasp/benchmark/testcode/BenchmarkTest00932.java,sqli,89,False
BenchmarkTest00933,src/main/java/org/owasp/benchmark/testcode/BenchmarkTest00933.java,sqli,89,False
BenchmarkTest00934,src/main/java/org/owasp/benchmark/testcode/BenchmarkTest00934.java,sqli,89,False
BenchmarkTest00935,src/main/java/org/owasp/benchmark/testcode/BenchmarkTest00935.java,sqli,89,False
BenchmarkTest00936,src/main/java/org/owasp/benchmark/testcode/BenchmarkTest00936.java,sqli,89,False
BenchmarkTest00937,src/main/java/org/owasp/benchmark/testcode/BenchmarkTest00937.java,sqli,89,False
BenchmarkTest00938,src/main/java/org/owasp/benchmark/testcode/BenchmarkTest00938.java,sqli,89,False
BenchmarkTest00939,src/main/java/org/owasp/benchmark/testcode/BenchmarkTest00939.java,sqli,89,False
BenchmarkTest00940,src/main/java/org/owasp/benchmark/testcode/BenchmarkTest00940.java,sqli,89,False
BenchmarkTest00941,src/main/java/org/owasp/benchmark/testcode/BenchmarkTest00941.java,xpathi,643,False
BenchmarkTest00942,src/main/java/org/owasp/benchmark/testcode/BenchmarkTest00942.java,crypto,327,False
BenchmarkTest00943,src/main/java/org/owasp/benchmark/testcode/BenchmarkTest00943.java,crypto,327,False
BenchmarkTest00944,src/main/java/org/owasp/benchmark/testcode/BenchmarkTest00944.java,crypto,327,False
BenchmarkTest00945,src/main/java/org/owasp/benchmark/testcode/BenchmarkTest00945.java,crypto,327,True
BenchmarkTest00946,src/main/java/org/owasp/benchmark/testcode/BenchmarkTest00946.java,crypto,327,True
BenchmarkTest00947,src/main/java/org/owasp/benchmark/testcode/BenchmarkTest00947.java,ldapi,90,True
BenchmarkTest00948,src/main/java/org/owasp/benchmark/testcode/BenchmarkTest00948.java,ldapi,90,False
BenchmarkTest00949,src/main/java/org/owasp/benchmark/testcode/BenchmarkTest00949.java,pathtraver,22,True
BenchmarkTest00950,src/main/java/org/owasp/benchmark/testcode/BenchmarkTest00950.java,pathtraver,22,True
BenchmarkTest00951,src/main/java/org/owasp/benchmark/testcode/BenchmarkTest00951.java,pathtraver,22,False
BenchmarkTest00952,src/main/java/org/owasp/benchmark/testcode/BenchmarkTest00952.java,pathtraver,22,True
BenchmarkTest00953,src/main/java/org/owasp/benchmark/testcode/BenchmarkTest00953.java,pathtraver,22,True
BenchmarkTest00954,src/main/java/org/owasp/benchmark/testcode/BenchmarkTest00954.java,pathtraver,22,False
BenchmarkTest00955,src/main/java/org/owasp/benchmark/testcode/BenchmarkTest00955.java,pathtraver,22,False
BenchmarkTest00956,src/main/java/org/owasp/benchmark/testcode/BenchmarkTest00956.java,pathtraver,22,True
BenchmarkTest00957,src/main/java/org/owasp/benchmark/testcode/BenchmarkTest00957.java,pathtraver,22,False
BenchmarkTest00958,src/main/java/org/owasp/benchmark/testcode/BenchmarkTest00958.java,pathtraver,22,False
BenchmarkTest00959,src/main/java/org/owasp/benchmark/testcode/BenchmarkTest00959.java,ldapi,90,True
BenchmarkTest00960,src/main/java/org/owasp/benchmark/testcode/BenchmarkTest00960.java,weakrand,330,True
BenchmarkTest00961,src/main/java/org/owasp/benchmark/testcode/BenchmarkTest00961.java,hash,328,True
BenchmarkTest00962,src/main/java/org/owasp/benchmark/testcode/BenchmarkTest00962.java,hash,328,False
BenchmarkTest00963,src/main/java/org/owasp/benchmark/testcode/BenchmarkTest00963.java,hash,328,True
BenchmarkTest00964,src/main/java/org/owasp/benchmark/testcode/BenchmarkTest00964.java,hash,328,False
BenchmarkTest00965,src/main/java/org/owasp/benchmark/testcode/BenchmarkTest00965.java,hash,328,False
BenchmarkTest00966,src/main/java/org/owasp/benchmark/testcode/BenchmarkTest00966.java,hash,328,False
BenchmarkTest00967,src/main/java/org/owasp/benchmark/testcode/BenchmarkTest00967.java,hash,328,False
BenchmarkTest00968,src/main/java/org/owasp/benchmark/testcode/BenchmarkTest00968.java,cmdi,78,True
BenchmarkTest00969,src/main/java/org/owasp/benchmark/testcode/BenchmarkTest00969.java,cmdi,78,False
BenchmarkTest00970,src/main/java/org/owasp/benchmark/testcode/BenchmarkTest00970.java,cmdi,78,False
BenchmarkTest00971,src/main/java/org/owasp/benchmark/testcode/BenchmarkTest00971.java,weakrand,330,True
BenchmarkTest00972,src/main/java/org/owasp/benchmark/testcode/BenchmarkTest00972.java,weakrand,330,True
BenchmarkTest00973,src/main/java/org/owasp/benchmark/testcode/BenchmarkTest00973.java,weakrand,330,True
BenchmarkTest00974,src/main/java/org/owasp/benchmark/testcode/BenchmarkTest00974.java,weakrand,330,True
BenchmarkTest00975,src/main/java/org/owasp/benchmark/testcode/BenchmarkTest00975.java,weakrand,330,True
BenchmarkTest00976,src/main/java/org/owasp/benchmark/testcode/BenchmarkTest00976.java,weakrand,330,True
BenchmarkTest00977,src/main/java/org/owasp/benchmark/testcode/BenchmarkTest00977.java,securecookie,614,True
BenchmarkTest00978,src/main/java/org/owasp/benchmark/testcode/BenchmarkTest00978.java,cmdi,78,False
BenchmarkTest00979,src/main/java/org/owasp/benchmark/testcode/BenchmarkTest00979.java,cmdi,78,True
BenchmarkTest00980,src/main/java/org/owasp/benchmark/testcode/BenchmarkTest00980.java,cmdi,78,False
BenchmarkTest00981,src/main/java/org/owasp/benchmark/testcode/BenchmarkTest00981.java,cmdi,78,True
BenchmarkTest00982,src/main/java/org/owasp/benchmark/testcode/BenchmarkTest00982.java,cmdi,78,False
BenchmarkTest00983,src/main/java/org/owasp/benchmark/testcode/BenchmarkTest00983.java,cmdi,78,True
BenchmarkTest00984,src/main/java/org/owasp/benchmark/testcode/BenchmarkTest00984.java,weakrand,330,False
BenchmarkTest00985,src/main/java/org/owasp/benchmark/testcode/BenchmarkTest00985.java,weakrand,330,False
BenchmarkTest00986,src/main/java/org/owasp/benchmark/testcode/BenchmarkTest00986.java,weakrand,330,False
BenchmarkTest00987,src/main/java/org/owasp/benchmark/testcode/BenchmarkTest00987.java,weakrand,330,False
BenchmarkTest00988,src/main/java/org/owasp/benchmark/testcode/BenchmarkTest00988.java,weakrand,330,False
BenchmarkTest00989,src/main/java/org/owasp/benchmark/testcode/BenchmarkTest00989.java,weakrand,330,False
BenchmarkTest00990,src/main/java/org/owasp/benchmark/testcode/BenchmarkTest00990.java,weakrand,330,False
BenchmarkTest00991,src/main/java/org/owasp/benchmark/testcode/BenchmarkTest00991.java,trustbound,501,True
BenchmarkTest00992,src/main/java/org/owasp/benchmark/testcode/BenchmarkTest00992.java,trustbound,501,False
BenchmarkTest00993,src/main/java/org/owasp/benchmark/testcode/BenchmarkTest00993.java,trustbound,501,False
BenchmarkTest00994,src/main/java/org/owasp/benchmark/testcode/BenchmarkTest00994.java,trustbound,501,True
BenchmarkTest00995,src/main/java/org/owasp/benchmark/testcode/BenchmarkTest00995.java,trustbound,501,True
BenchmarkTest00996,src/main/java/org/owasp/benchmark/testcode/BenchmarkTest00996.java,sqli,89,True
BenchmarkTest00997,src/main/java/org/owasp/benchmark/testcode/BenchmarkTest00997.java,sqli,89,True
BenchmarkTest00998,src/main/java/org/owasp/benchmark/testcode/BenchmarkTest00998.java,sqli,89,True
BenchmarkTest00999,src/main/java/org/owasp/benchmark/testcode/BenchmarkTest00999.java,sqli,89,False
BenchmarkTest01000,src/main/java/org/owasp/benchmark/testcode/BenchmarkTest01000.java,sqli,89,True
BenchmarkTest01001,src/main/java/org/owasp/benchmark/testcode/BenchmarkTest01001.java,sqli,89,False
BenchmarkTest01002,src/main/java/org/owasp/benchmark/testcode/BenchmarkTest01002.java,sqli,89,True
BenchmarkTest01003,src/main/java/org/owasp/benchmark/testcode/BenchmarkTest01003.java,sqli,89,True
BenchmarkTest01004,src/main/java/org/owasp/benchmark/testcode/BenchmarkTest01004.java,sqli,89,True
BenchmarkTest01005,src/main/java/org/owasp/benchmark/testcode/BenchmarkTest01005.java,sqli,89,True
BenchmarkTest01006,src/main/java/org/owasp/benchmark/testcode/BenchmarkTest01006.java,sqli,89,True
BenchmarkTest01007,src/main/java/org/owasp/benchmark/testcode/BenchmarkTest01007.java,sqli,89,True
BenchmarkTest01008,src/main/java/org/owasp/benchmark/testcode/BenchmarkTest01008.java,sqli,89,True
BenchmarkTest01009,src/main/java/org/owasp/benchmark/testcode/BenchmarkTest01009.java,sqli,89,True
BenchmarkTest01010,src/main/java/org/owasp/benchmark/testcode/BenchmarkTest01010.java,sqli,89,False
BenchmarkTest01011,src/main/java/org/owasp/benchmark/testcode/BenchmarkTest01011.java,sqli,89,True
BenchmarkTest01012,src/main/java/org/owasp/benchmark/testcode/BenchmarkTest01012.java,sqli,89,False
BenchmarkTest01013,src/main/java/org/owasp/benchmark/testcode/BenchmarkTest01013.java,xpathi,643,False
BenchmarkTest01014,src/main/java/org/owasp/benchmark/testcode/BenchmarkTest01014.java,xpathi,643,False
BenchmarkTest01015,src/main/java/org/owasp/benchmark/testcode/BenchmarkTest01015.java,crypto,327,True
BenchmarkTest01016,src/main/java/org/owasp/benchmark/testcode/BenchmarkTest01016.java,crypto,327,True
BenchmarkTest01017,src/main/java/org/owasp/benchmark/testcode/BenchmarkTest01017.java,crypto,327,True
BenchmarkTest01018,src/main/java/org/owasp/benchmark/testcode/BenchmarkTest01018.java,crypto,327,True
BenchmarkTest01019,src/main/java/org/owasp/benchmark/testcode/BenchmarkTest01019.java,crypto,327,False
BenchmarkTest01020,src/main/java/org/owasp/benchmark/testcode/BenchmarkTest01020.java,crypto,327,True
BenchmarkTest01021,src/main/java/org/owasp/benchmark/testcode/BenchmarkTest01021.java,crypto,327,False
BenchmarkTest01022,src/main/java/org/owasp/benchmark/testcode/BenchmarkTest01022.java,crypto,327,False
BenchmarkTest01023,src/main/java/org/owasp/benchmark/testcode/BenchmarkTest01023.java,ldapi,90,True
BenchmarkTest01024,src/main/java/org/owasp/benchmark/testcode/BenchmarkTest01024.java,ldapi,90,False
BenchmarkTest01025,src/main/java/org/owasp/benchmark/testcode/BenchmarkTest01025.java,pathtraver,22,True
BenchmarkTest01026,src/main/java/org/owasp/benchmark/testcode/BenchmarkTest01026.java,pathtraver,22,False
BenchmarkTest01027,src/main/java/org/owasp/benchmark/testcode/BenchmarkTest01027.java,pathtraver,22,False
BenchmarkTest01028,src/main/java/org/owasp/benchmark/testcode/BenchmarkTest01028.java,pathtraver,22,False
BenchmarkTest01029,src/main/java/org/owasp/benchmark/testcode/BenchmarkTest01029.java,pathtraver,22,True
BenchmarkTest01030,src/main/java/org/owasp/benchmark/testcode/BenchmarkTest01030.java,pathtraver,22,False
BenchmarkTest01031,src/main/java/org/owasp/benchmark/testcode/BenchmarkTest01031.java,pathtraver,22,False
BenchmarkTest01032,src/main/java/org/owasp/benchmark/testcode/BenchmarkTest01032.java,pathtraver,22,True
BenchmarkTest01033,src/main/java/org/owasp/benchmark/testcode/BenchmarkTest01033.java,pathtraver,22,True
BenchmarkTest01034,src/main/java/org/owasp/benchmark/testcode/BenchmarkTest01034.java,pathtraver,22,True
BenchmarkTest01035,src/main/java/org/owasp/benchmark/testcode/BenchmarkTest01035.java,pathtraver,22,False
BenchmarkTest01036,src/main/java/org/owasp/benchmark/testcode/BenchmarkTest01036.java,pathtraver,22,False
BenchmarkTest01037,src/main/java/org/owasp/benchmark/testcode/BenchmarkTest01037.java,hash,328,False
BenchmarkTest01038,src/main/java/org/owasp/benchmark/testcode/BenchmarkTest01038.java,hash,328,True
BenchmarkTest01039,src/main/java/org/owasp/benchmark/testcode/BenchmarkTest01039.java,hash,328,False
BenchmarkTest01040,src/main/java/org/owasp/benchmark/testcode/BenchmarkTest01040.java,hash,328,False
BenchmarkTest01041,src/main/java/org/owasp/benchmark/testcode/BenchmarkTest01041.java,hash,328,True
BenchmarkTest01042,src/main/java/org/owasp/benchmark/testcode/BenchmarkTest01042.java,hash,328,True
BenchmarkTest01043,src/main/java/org/owasp/benchmark/testcode/BenchmarkTest01043.java,hash,328,True
BenchmarkTest01044,src/main/java/org/owasp/benchmark/testcode/BenchmarkTest01044.java,hash,328,True
BenchmarkTest01045,src/main/java/org/owasp/benchmark/testcode/BenchmarkTest01045.java,hash,328,False
BenchmarkTest01046,src/main/java/org/owasp/benchmark/testcode/BenchmarkTest01046.java,xss,79,True
BenchmarkTest01047,src/main/java/org/owasp/benchmark/testcode/BenchmarkTest01047.java,xss,79,True
BenchmarkTest01048,src/main/java/org/owasp/benchmark/testcode/BenchmarkTest01048.java,xss,79,False
BenchmarkTest01049,src/main/java/org/owasp/benchmark/testcode/BenchmarkTest01049.java,xss,79,True
BenchmarkTest01050,src/main/java/org/owasp/benchmark/testcode/BenchmarkTest01050.java,xss,79,True
BenchmarkTest01051,src/main/java/org/owasp/benchmark/testcode/BenchmarkTest01051.java,xss,79,False
BenchmarkTest01052,src/main/java/org/owasp/benchmark/testcode/BenchmarkTest01052.java,xss,79,False
BenchmarkTest01053,src/main/java/org/owasp/benchmark/testcode/BenchmarkTest01053.java,xss,79,False
BenchmarkTest01054,src/main/java/org/owasp/benchmark/testcode/BenchmarkTest01054.java,xss,79,False
BenchmarkTest01055,src/main/java/org/owasp/benchmark/testcode/BenchmarkTest01055.java,xss,79,True
BenchmarkTest01056,src/main/java/org/owasp/benchmark/testcode/BenchmarkTest01056.java,xss,79,True
BenchmarkTest01057,src/main/java/org/owasp/benchmark/testcode/BenchmarkTest01057.java,xss,79,True
BenchmarkTest01058,src/main/java/org/owasp/benchmark/testcode/BenchmarkTest01058.java,weakrand,330,True
BenchmarkTest01059,src/main/java/org/owasp/benchmark/testcode/BenchmarkTest01059.java,weakrand,330,True
BenchmarkTest01060,src/main/java/org/owasp/benchmark/testcode/BenchmarkTest01060.java,weakrand,330,True
BenchmarkTest01061,src/main/java/org/owasp/benchmark/testcode/BenchmarkTest01061.java,securecookie,614,True
BenchmarkTest01062,src/main/java/org/owasp/benchmark/testcode/BenchmarkTest01062.java,securecookie,614,False
BenchmarkTest01063,src/main/java/org/owasp/benchmark/testcode/BenchmarkTest01063.java,xss,79,True
BenchmarkTest01064,src/main/java/org/owasp/benchmark/testcode/BenchmarkTest01064.java,cmdi,78,True
BenchmarkTest01065,src/main/java/org/owasp/benchmark/testcode/BenchmarkTest01065.java,cmdi,78,False
BenchmarkTest01066,src/main/java/org/owasp/benchmark/testcode/BenchmarkTest01066.java,cmdi,78,True
BenchmarkTest01067,src/main/java/org/owasp/benchmark/testcode/BenchmarkTest01067.java,cmdi,78,False
BenchmarkTest01068,src/main/java/org/owasp/benchmark/testcode/BenchmarkTest01068.java,cmdi,78,False
BenchmarkTest01069,src/main/java/org/owasp/benchmark/testcode/BenchmarkTest01069.java,weakrand,330,False
BenchmarkTest01070,src/main/java/org/owasp/benchmark/testcode/BenchmarkTest01070.java,weakrand,330,False
BenchmarkTest01071,src/main/java/org/owasp/benchmark/testcode/BenchmarkTest01071.java,weakrand,330,False
BenchmarkTest01072,src/main/java/org/owasp/benchmark/testcode/BenchmarkTest01072.java,weakrand,330,False
BenchmarkTest01073,src/main/java/org/owasp/benchmark/testcode/BenchmarkTest01073.java,weakrand,330,False
BenchmarkTest01074,src/main/java/org/owasp/benchmark/testcode/BenchmarkTest01074.java,weakrand,330,False
BenchmarkTest01075,src/main/java/org/owasp/benchmark/testcode/BenchmarkTest01075.java,weakrand,330,False
BenchmarkTest01076,src/main/java/org/owasp/benchmark/testcode/BenchmarkTest01076.java,weakrand,330,False
BenchmarkTest01077,src/main/java/org/owasp/benchmark/testcode/BenchmarkTest01077.java,weakrand,330,False
BenchmarkTest01078,src/main/java/org/owasp/benchmark/testcode/BenchmarkTest01078.java,weakrand,330,False
BenchmarkTest01079,src/main/java/org/owasp/benchmark/testcode/BenchmarkTest01079.java,weakrand,330,False
BenchmarkTest01080,src/main/java/org/owasp/benchmark/testcode/BenchmarkTest01080.java,trustbound,501,False
BenchmarkTest01081,src/main/java/org/owasp/benchmark/testcode/BenchmarkTest01081.java,trustbound,501,True
BenchmarkTest01082,src/main/java/org/owasp/benchmark/testcode/BenchmarkTest01082.java,trustbound,501,True
BenchmarkTest01083,src/main/java/org/owasp/benchmark/testcode/BenchmarkTest01083.java,sqli,89,True
BenchmarkTest01084,src/main/java/org/owasp/benchmark/testcode/BenchmarkTest01084.java,sqli,89,True
BenchmarkTest01085,src/main/java/org/owasp/benchmark/testcode/BenchmarkTest01085.java,sqli,89,False
BenchmarkTest01086,src/main/java/org/owasp/benchmark/testcode/BenchmarkTest01086.java,sqli,89,False
BenchmarkTest01087,src/main/java/org/owasp/benchmark/testcode/BenchmarkTest01087.java,sqli,89,True
BenchmarkTest01088,src/main/java/org/owasp/benchmark/testcode/BenchmarkTest01088.java,sqli,89,True
BenchmarkTest01089,src/main/java/org/owasp/benchmark/testcode/BenchmarkTest01089.java,sqli,89,False
BenchmarkTest01090,src/main/java/org/owasp/benchmark/testcode/BenchmarkTest01090.java,sqli,89,True
BenchmarkTest01091,src/main/java/org/owasp/benchmark/testcode/BenchmarkTest01091.java,sqli,89,True
BenchmarkTest01092,src/main/java/org/owasp/benchmark/testcode/BenchmarkTest01092.java,sqli,89,False
BenchmarkTest01093,src/main/java/org/owasp/benchmark/testcode/BenchmarkTest01093.java,sqli,89,True
BenchmarkTest01094,src/main/java/org/owasp/benchmark/testcode/BenchmarkTest01094.java,sqli,89,True
BenchmarkTest01095,src/main/java/org/owasp/benchmark/testcode/BenchmarkTest01095.java,sqli,89,False
BenchmarkTest01096,src/main/java/org/owasp/benchmark/testcode/BenchmarkTest01096.java,sqli,89,False
BenchmarkTest01097,src/main/java/org/owasp/benchmark/testcode/BenchmarkTest01097.java,sqli,89,True
BenchmarkTest01098,src/main/java/org/owasp/benchmark/testcode/BenchmarkTest01098.java,sqli,89,False
BenchmarkTest01099,src/main/java/org/owasp/benchmark/testcode/BenchmarkTest01099.java,crypto,327,True
BenchmarkTest01100,src/main/java/org/owasp/benchmark/testcode/BenchmarkTest01100.java,crypto,327,False
BenchmarkTest01101,src/main/java/org/owasp/benchmark/testcode/BenchmarkTest01101.java,crypto,327,False
BenchmarkTest01102,src/main/java/org/owasp/benchmark/testcode/BenchmarkTest01102.java,crypto,327,True
BenchmarkTest01103,src/main/java/org/owasp/benchmark/testcode/BenchmarkTest01103.java,crypto,327,True
BenchmarkTest01104,src/main/java/org/owasp/benchmark/testcode/BenchmarkTest01104.java,crypto,327,False
BenchmarkTest01105,src/main/java/org/owasp/benchmark/testcode/BenchmarkTest01105.java,crypto,327,True
BenchmarkTest01106,src/main/java/org/owasp/benchmark/testcode/BenchmarkTest01106.java,crypto,327,True
BenchmarkTest01107,src/main/java/org/owasp/benchmark/testcode/BenchmarkTest01107.java,crypto,327,True
BenchmarkTest01108,src/main/java/org/owasp/benchmark/testcode/BenchmarkTest01108.java,crypto,327,False
BenchmarkTest01109,src/main/java/org/owasp/benchmark/testcode/BenchmarkTest01109.java,pathtraver,22,False
BenchmarkTest01110,src/main/java/org/owasp/benchmark/testcode/BenchmarkTest01110.java,pathtraver,22,False
BenchmarkTest01111,src/main/java/org/owasp/benchmark/testcode/BenchmarkTest01111.java,pathtraver,22,True
BenchmarkTest01112,src/main/java/org/owasp/benchmark/testcode/BenchmarkTest01112.java,pathtraver,22,True
BenchmarkTest01113,src/main/java/org/owasp/benchmark/testcode/BenchmarkTest01113.java,pathtraver,22,False
BenchmarkTest01114,src/main/java/org/owasp/benchmark/testcode/BenchmarkTest01114.java,pathtraver,22,False
BenchmarkTest01115,src/main/java/org/owasp/benchmark/testcode/BenchmarkTest01115.java,pathtraver,22,False
BenchmarkTest01116,src/main/java/org/owasp/benchmark/testcode/BenchmarkTest01116.java,pathtraver,22,True
BenchmarkTest01117,src/main/java/org/owasp/benchmark/testcode/BenchmarkTest01117.java,pathtraver,22,True
BenchmarkTest01118,src/main/java/org/owasp/benchmark/testcode/BenchmarkTest01118.java,pathtraver,22,False
BenchmarkTest01119,src/main/java/org/owasp/benchmark/testcode/BenchmarkTest01119.java,weakrand,330,True
BenchmarkTest01120,src/main/java/org/owasp/benchmark/testcode/BenchmarkTest01120.java,hash,328,False
BenchmarkTest01121,src/main/java/org/owasp/benchmark/testcode/BenchmarkTest01121.java,hash,328,False
BenchmarkTest01122,src/main/java/org/owasp/benchmark/testcode/BenchmarkTest01122.java,hash,328,False
BenchmarkTest01123,src/main/java/org/owasp/benchmark/testcode/BenchmarkTest01123.java,hash,328,True
BenchmarkTest01124,src/main/java/org/owasp/benchmark/testcode/BenchmarkTest01124.java,hash,328,True
BenchmarkTest01125,src/main/java/org/owasp/benchmark/testcode/BenchmarkTest01125.java,hash,328,False
BenchmarkTest01126,src/main/java/org/owasp/benchmark/testcode/BenchmarkTest01126.java,hash,328,False
BenchmarkTest01127,src/main/java/org/owasp/benchmark/testcode/BenchmarkTest01127.java,weakrand,330,True
BenchmarkTest01128,src/main/java/org/owasp/benchmark/testcode/BenchmarkTest01128.java,weakrand,330,True
BenchmarkTest01129,src/main/java/org/owasp/benchmark/testcode/BenchmarkTest01129.java,weakrand,330,True
BenchmarkTest01130,src/main/java/org/owasp/benchmark/testcode/BenchmarkTest01130.java,weakrand,330,True
BenchmarkTest01131,src/main/java/org/owasp/benchmark/testcode/BenchmarkTest01131.java,weakrand,330,True
BenchmarkTest01132,src/main/java/org/owasp/benchmark/testcode/BenchmarkTest01132.java,weakrand,330,True
BenchmarkTest01133,src/main/java/org/owasp/benchmark/testcode/BenchmarkTest01133.java,weakrand,330,True
BenchmarkTest01134,src/main/java/org/owasp/benchmark/testcode/BenchmarkTest01134.java,securecookie,614,True
BenchmarkTest01135,src/main/java/org/owasp/benchmark/testcode/BenchmarkTest01135.java,weakrand,330,False
BenchmarkTest01136,src/main/java/org/owasp/benchmark/testcode/BenchmarkTest01136.java,weakrand,330,False
BenchmarkTest01137,src/main/java/org/owasp/benchmark/testcode/BenchmarkTest01137.java,weakrand,330,False
BenchmarkTest01138,src/main/java/org/owasp/benchmark/testcode/BenchmarkTest01138.java,weakrand,330,False
BenchmarkTest01139,src/main/java/org/owasp/benchmark/testcode/BenchmarkTest01139.java,weakrand,330,False
BenchmarkTest01140,src/main/java/org/owasp/benchmark/testcode/BenchmarkTest01140.java,weakrand,330,False
BenchmarkTest01141,src/main/java/org/owasp/benchmark/testcode/BenchmarkTest01141.java,weakrand,330,False
BenchmarkTest01142,src/main/java/org/owasp/benchmark/testcode/BenchmarkTest01142.java,trustbound,501,False
BenchmarkTest01143,src/main/java/org/owasp/benchmark/testcode/BenchmarkTest01143.java,trustbound,501,True
BenchmarkTest01144,src/main/java/org/owasp/benchmark/testcode/BenchmarkTest01144.java,trustbound,501,False
BenchmarkTest01145,src/main/java/org/owasp/benchmark/testcode/BenchmarkTest01145.java,trustbound,501,False
BenchmarkTest01146,src/main/java/org/owasp/benchmark/testcode/BenchmarkTest01146.java,trustbound,501,False
BenchmarkTest01147,src/main/java/org/owasp/benchmark/testcode/BenchmarkTest01147.java,crypto,327,False
BenchmarkTest01148,src/main/java/org/owasp/benchmark/testcode/BenchmarkTest01148.java,crypto,327,True
BenchmarkTest01149,src/main/java/org/owasp/benchmark/testcode/BenchmarkTest01149.java,crypto,327,True
BenchmarkTest01150,src/main/java/org/owasp/benchmark/testcode/BenchmarkTest01150.java,crypto,327,True
BenchmarkTest01151,src/main/java/org/owasp/benchmark/testcode/BenchmarkTest01151.java,crypto,327,False
BenchmarkTest01152,src/main/java/org/owasp/benchmark/testcode/BenchmarkTest01152.java,crypto,327,False
BenchmarkTest01153,src/main/java/org/owasp/benchmark/testcode/BenchmarkTest01153.java,crypto,327,False
BenchmarkTest01154,src/main/java/org/owasp/benchmark/testcode/BenchmarkTest01154.java,ldapi,90,False
BenchmarkTest01155,src/main/java/org/owasp/benchmark/testcode/BenchmarkTest01155.java,pathtraver,22,True
BenchmarkTest01156,src/main/java/org/owasp/benchmark/testcode/BenchmarkTest01156.java,pathtraver,22,True
BenchmarkTest01157,src/main/java/org/owasp/benchmark/testcode/BenchmarkTest01157.java,pathtraver,22,True
BenchmarkTest01158,src/main/java/org/owasp/benchmark/testcode/BenchmarkTest01158.java,pathtraver,22,False
BenchmarkTest01159,src/main/java/org/owasp/benchmark/testcode/BenchmarkTest01159.java,pathtraver,22,False
BenchmarkTest01160,src/main/java/org/owasp/benchmark/testcode/BenchmarkTest01160.java,pathtraver,22,False
BenchmarkTest01161,src/main/java/org/owasp/benchmark/testcode/BenchmarkTest01161.java,pathtraver,22,True
BenchmarkTest01162,src/main/java/org/owasp/benchmark/testcode/BenchmarkTest01162.java,weakrand,330,True
BenchmarkTest01163,src/main/java/org/owasp/benchmark/testcode/BenchmarkTest01163.java,weakrand,330,True
BenchmarkTest01164,src/main/java/org/owasp/benchmark/testcode/BenchmarkTest01164.java,hash,328,False
BenchmarkTest01165,src/main/java/org/owasp/benchmark/testcode/BenchmarkTest01165.java,hash,328,True
BenchmarkTest01166,src/main/java/org/owasp/benchmark/testcode/BenchmarkTest01166.java,hash,328,True
BenchmarkTest01167,src/main/java/org/owasp/benchmark/testcode/BenchmarkTest01167.java,hash,328,True
BenchmarkTest01168,src/main/java/org/owasp/benchmark/testcode/BenchmarkTest01168.java,hash,328,True
BenchmarkTest01169,src/main/java/org/owasp/benchmark/testcode/BenchmarkTest01169.java,hash,328,False
BenchmarkTest01170,src/main/java/org/owasp/benchmark/testcode/BenchmarkTest01170.java,hash,328,False
BenchmarkTest01171,src/main/java/org/owasp/benchmark/testcode/BenchmarkTest01171.java,xss,79,True
BenchmarkTest01172,src/main/java/org/owasp/benchmark/testcode/BenchmarkTest01172.java,xss,79,True
BenchmarkTest01173,src/main/java/org/owasp/benchmark/testcode/BenchmarkTest01173.java,xss,79,True
BenchmarkTest01174,src/main/java/org/owasp/benchmark/testcode/BenchmarkTest01174.java,xss,79,True
BenchmarkTest01175,src/main/java/org/owasp/benchmark/testcode/BenchmarkTest01175.java,xss,79,False
BenchmarkTest01176,src/main/java/org/owasp/benchmark/testcode/BenchmarkTest01176.java,xss,79,False
BenchmarkTest01177,src/main/java/org/owasp/benchmark/testcode/BenchmarkTest01177.java,xss,79,True
BenchmarkTest01178,src/main/java/org/owasp/benchmark/testcode/BenchmarkTest01178.java,xss,79,True
BenchmarkTest01179,src/main/java/org/owasp/benchmark/testcode/BenchmarkTest01179.java,xss,79,True
BenchmarkTest01180,src/main/java/org/owasp/benchmark/testcode/BenchmarkTest01180.java,xss,79,False
BenchmarkTest01181,src/main/java/org/owasp/benchmark/testcode/BenchmarkTest01181.java,xss,79,True
BenchmarkTest01182,src/main/java/org/owasp/benchmark/testcode/BenchmarkTest01182.java,cmdi,78,False
BenchmarkTest01183,src/main/java/org/owasp/benchmark/testcode/BenchmarkTest01183.java,weakrand,330,True
BenchmarkTest01184,src/main/java/org/owasp/benchmark/testcode/BenchmarkTest01184.java,weakrand,330,True
BenchmarkTest01185,src/main/java/org/owasp/benchmark/testcode/BenchmarkTest01185.java,securecookie,614,True
BenchmarkTest01186,src/main/java/org/owasp/benchmark/testcode/BenchmarkTest01186.java,securecookie,614,True
BenchmarkTest01187,src/main/java/org/owasp/benchmark/testcode/BenchmarkTest01187.java,securecookie,614,True
BenchmarkTest01188,src/main/java/org/owasp/benchmark/testcode/BenchmarkTest01188.java,xss,79,False
BenchmarkTest01189,src/main/java/org/owasp/benchmark/testcode/BenchmarkTest01189.java,cmdi,78,False
BenchmarkTest01190,src/main/java/org/owasp/benchmark/testcode/BenchmarkTest01190.java,cmdi,78,True
BenchmarkTest01191,src/main/java/org/owasp/benchmark/testcode/BenchmarkTest01191.java,cmdi,78,True
BenchmarkTest01192,src/main/java/org/owasp/benchmark/testcode/BenchmarkTest01192.java,cmdi,78,True
BenchmarkTest01193,src/main/java/org/owasp/benchmark/testcode/BenchmarkTest01193.java,cmdi,78,False
BenchmarkTest01194,src/main/java/org/owasp/benchmark/testcode/BenchmarkTest01194.java,cmdi,78,True
BenchmarkTest01195,src/main/java/org/owasp/benchmark/testcode/BenchmarkTest01195.java,weakrand,330,False
BenchmarkTest01196,src/main/java/org/owasp/benchmark/testcode/BenchmarkTest01196.java,weakrand,330,False
BenchmarkTest01197,src/main/java/org/owasp/benchmark/testcode/BenchmarkTest01197.java,weakrand,330,False
BenchmarkTest01198,src/main/java/org/owasp/benchmark/testcode/BenchmarkTest01198.java,weakrand,330,False
BenchmarkTest01199,src/main/java/org/owasp/benchmark/testcode/BenchmarkTest01199.java,weakrand,330,False
BenchmarkTest01200,src/main/java/org/owasp/benchmark/testcode/BenchmarkTest01200.java,weakrand,330,False
BenchmarkTest01201,src/main/java/org/owasp/benchmark/testcode/BenchmarkTest01201.java,weakrand,330,False
BenchmarkTest01202,src/main/java/org/owasp/benchmark/testcode/BenchmarkTest01202.java,weakrand,330,False
BenchmarkTest01203,src/main/java/org/owasp/benchmark/testcode/BenchmarkTest01203.java,trustbound,501,True
BenchmarkTest01204,src/main/java/org/owasp/benchmark/testcode/BenchmarkTest01204.java,trustbound,501,True
BenchmarkTest01205,src/main/java/org/owasp/benchmark/testcode/BenchmarkTest01205.java,trustbound,501,False
BenchmarkTest01206,src/main/java/org/owasp/benchmark/testcode/BenchmarkTest01206.java,trustbound,501,True
BenchmarkTest01207,src/main/java/org/owasp/benchmark/testcode/BenchmarkTest01207.java,trustbound,501,False
BenchmarkTest01208,src/main/java/org/owasp/benchmark/testcode/BenchmarkTest01208.java,sqli,89,True
BenchmarkTest01209,src/main/java/org/owasp/benchmark/testcode/BenchmarkTest01209.java,sqli,89,True
BenchmarkTest01210,src/main/java/org/owasp/benchmark/testcode/BenchmarkTest01210.java,sqli,89,True
BenchmarkTest01211,src/main/java/org/owasp/benchmark/testcode/BenchmarkTest01211.java,sqli,89,True
BenchmarkTest01212,src/main/java/org/owasp/benchmark/testcode/BenchmarkTest01212.java,sqli,89,False
BenchmarkTest01213,src/main/java/org/owasp/benchmark/testcode/BenchmarkTest01213.java,sqli,89,False
BenchmarkTest01214,src/main/java/org/owasp/benchmark/testcode/BenchmarkTest01214.java,sqli,89,True
BenchmarkTest01215,src/main/java/org/owasp/benchmark/testcode/BenchmarkTest01215.java,sqli,89,False
BenchmarkTest01216,src/main/java/org/owasp/benchmark/testcode/BenchmarkTest01216.java,sqli,89,False
BenchmarkTest01217,src/main/java/org/owasp/benchmark/testcode/BenchmarkTest01217.java,sqli,89,False
BenchmarkTest01218,src/main/java/org/owasp/benchmark/testcode/BenchmarkTest01218.java,sqli,89,False
BenchmarkTest01219,src/main/java/org/owasp/benchmark/testcode/BenchmarkTest01219.java,sqli,89,False
BenchmarkTest01220,src/main/java/org/owasp/benchmark/testcode/BenchmarkTest01220.java,sqli,89,False
BenchmarkTest01221,src/main/java/org/owasp/benchmark/testcode/BenchmarkTest01221.java,sqli,89,True
BenchmarkTest01222,src/main/java/org/owasp/benchmark/testcode/BenchmarkTest01222.java,sqli,89,True
BenchmarkTest01223,src/main/java/org/owasp/benchmark/testcode/BenchmarkTest01223.java,xpathi,643,True
BenchmarkTest01224,src/main/java/org/owasp/benchmark/testcode/BenchmarkTest01224.java,xpathi,643,True
BenchmarkTest01225,src/main/java/org/owasp/benchmark/testcode/BenchmarkTest01225.java,xpathi,643,False
BenchmarkTest01226,src/main/java/org/owasp/benchmark/testcode/BenchmarkTest01226.java,crypto,327,False
BenchmarkTest01227,src/main/java/org/owasp/benchmark/testcode/BenchmarkTest01227.java,crypto,327,False
BenchmarkTest01228,src/main/java/org/owasp/benchmark/testcode/BenchmarkTest01228.java,crypto,327,True
BenchmarkTest01229,src/main/java/org/owasp/benchmark/testcode/BenchmarkTest01229.java,crypto,327,True
BenchmarkTest01230,src/main/java/org/owasp/benchmark/testcode/BenchmarkTest01230.java,crypto,327,True
BenchmarkTest01231,src/main/java/org/owasp/benchmark/testcode/BenchmarkTest01231.java,pathtraver,22,True
BenchmarkTest01232,src/main/java/org/owasp/benchmark/testcode/BenchmarkTest01232.java,pathtraver,22,True
BenchmarkTest01233,src/main/java/org/owasp/benchmark/testcode/BenchmarkTest01233.java,pathtraver,22,False
BenchmarkTest01234,src/main/java/org/owasp/benchmark/testcode/BenchmarkTest01234.java,pathtraver,22,True
BenchmarkTest01235,src/main/java/org/owasp/benchmark/testcode/BenchmarkTest01235.java,pathtraver,22,True
BenchmarkTest01236,src/main/java/org/owasp/benchmark/testcode/BenchmarkTest01236.java,pathtraver,22,True
BenchmarkTest01237,src/main/java/org/owasp/benchmark/testcode/BenchmarkTest01237.java,pathtraver,22,False
BenchmarkTest01238,src/main/java/org/owasp/benchmark/testcode/BenchmarkTest01238.java,pathtraver,22,True
BenchmarkTest01239,src/main/java/org/owasp/benchmark/testcode/BenchmarkTest01239.java,pathtraver,22,False
BenchmarkTest01240,src/main/java/org/owasp/benchmark/testcode/BenchmarkTest01240.java,pathtraver,22,False
BenchmarkTest01241,src/main/java/org/owasp/benchmark/testcode/BenchmarkTest01241.java,ldapi,90,True
BenchmarkTest01242,src/main/java/org/owasp/benchmark/testcode/BenchmarkTest01242.java,ldapi,90,True
BenchmarkTest01243,src/main/java/org/owasp/benchmark/testcode/BenchmarkTest01243.java,ldapi,90,True
BenchmarkTest01244,src/main/java/org/owasp/benchmark/testcode/BenchmarkTest01244.java,hash,328,True
BenchmarkTest01245,src/main/java/org/owasp/benchmark/testcode/BenchmarkTest01245.java,hash,328,False
BenchmarkTest01246,src/main/java/org/owasp/benchmark/testcode/BenchmarkTest01246.java,hash,328,True
BenchmarkTest01247,src/main/java/org/owasp/benchmark/testcode/BenchmarkTest01247.java,hash,328,True
BenchmarkTest01248,src/main/java/org/owasp/benchmark/testcode/BenchmarkTest01248.java,hash,328,True
BenchmarkTest01249,src/main/java/org/owasp/benchmark/testcode/BenchmarkTest01249.java,hash,328,False
BenchmarkTest01250,src/main/java/org/owasp/benchmark/testcode/BenchmarkTest01250.java,hash,328,False
BenchmarkTest01251,src/main/java/org/owasp/benchmark/testcode/BenchmarkTest01251.java,xss,79,False
BenchmarkTest01252,src/main/java/org/owasp/benchmark/testcode/BenchmarkTest01252.java,xss,79,False
BenchmarkTest01253,src/main/java/org/owasp/benchmark/testcode/BenchmarkTest01253.java,xss,79,True
BenchmarkTest01254,src/main/java/org/owasp/benchmark/testcode/BenchmarkTest01254.java,xss,79,True
BenchmarkTest01255,src/main/java/org/owasp/benchmark/testcode/BenchmarkTest01255.java,xss,79,False
BenchmarkTest01256,src/main/java/org/owasp/benchmark/testcode/BenchmarkTest01256.java,xss,79,False
BenchmarkTest01257,src/main/java/org/owasp/benchmark/testcode/BenchmarkTest01257.java,xss,79,True
BenchmarkTest01258,src/main/java/org/owasp/benchmark/testcode/BenchmarkTest01258.java,xss,79,True
BenchmarkTest01259,src/main/java/org/owasp/benchmark/testcode/BenchmarkTest01259.java,xss,79,True
BenchmarkTest01260,src/main/java/org/owasp/benchmark/testcode/BenchmarkTest01260.java,xss,79,True
BenchmarkTest01261,src/main/java/org/owasp/benchmark/testcode/BenchmarkTest01261.java,xss,79,True
BenchmarkTest01262,src/main/java/org/owasp/benchmark/testcode/BenchmarkTest01262.java,xss,79,True
BenchmarkTest01263,src/main/java/org/owasp/benchmark/testcode/BenchmarkTest01263.java,xss,79,True
BenchmarkTest01264,src/main/java/org/owasp/benchmark/testcode/BenchmarkTest01264.java,xss,79,False
BenchmarkTest01265,src/main/java/org/owasp/benchmark/testcode/BenchmarkTest01265.java,xss,79,False
BenchmarkTest01266,src/main/java/org/owasp/benchmark/testcode/BenchmarkTest01266.java,xss,79,True
BenchmarkTest01267,src/main/java/org/owasp/benchmark/testcode/BenchmarkTest01267.java,xss,79,True
BenchmarkTest01268,src/main/java/org/owasp/benchmark/testcode/BenchmarkTest01268.java,xss,79,True
BenchmarkTest01269,src/main/java/org/owasp/benchmark/testcode/BenchmarkTest01269.java,cmdi,78,False
BenchmarkTest01270,src/main/java/org/owasp/benchmark/testcode/BenchmarkTest01270.java,cmdi,78,True
BenchmarkTest01271,src/main/java/org/owasp/benchmark/testcode/BenchmarkTest01271.java,weakrand,330,True
BenchmarkTest01272,src/main/java/org/owasp/benchmark/testcode/BenchmarkTest01272.java,weakrand,330,True
BenchmarkTest01273,src/main/java/org/owasp/benchmark/testcode/BenchmarkTest01273.java,weakrand,330,True
BenchmarkTest01274,src/main/java/org/owasp/benchmark/testcode/BenchmarkTest01274.java,weakrand,330,True
BenchmarkTest01275,src/main/java/org/owasp/benchmark/testcode/BenchmarkTest01275.java,weakrand,330,True
BenchmarkTest01276,src/main/java/org/owasp/benchmark/testcode/BenchmarkTest01276.java,weakrand,330,True
BenchmarkTest01277,src/main/java/org/owasp/benchmark/testcode/BenchmarkTest01277.java,weakrand,330,True
BenchmarkTest01278,src/main/java/org/owasp/benchmark/testcode/BenchmarkTest01278.java,weakrand,330,True
BenchmarkTest01279,src/main/java/org/owasp/benchmark/testcode/BenchmarkTest01279.java,weakrand,330,True
BenchmarkTest01280,src/main/java/org/owasp/benchmark/testcode/BenchmarkTest01280.java,securecookie,614,True
BenchmarkTest01281,src/main/java/org/owasp/benchmark/testcode/BenchmarkTest01281.java,securecookie,614,True
BenchmarkTest01282,src/main/java/org/owasp/benchmark/testcode/BenchmarkTest01282.java,securecookie,614,True
BenchmarkTest01283,src/main/java/org/owasp/benchmark/testcode/BenchmarkTest01283.java,securecookie,614,True
BenchmarkTest01284,src/main/java/org/owasp/benchmark/testcode/BenchmarkTest01284.java,xss,79,True
BenchmarkTest01285,src/main/java/org/owasp/benchmark/testcode/BenchmarkTest01285.java,cmdi,78,True
BenchmarkTest01286,src/main/java/org/owasp/benchmark/testcode/BenchmarkTest01286.java,cmdi,78,True
BenchmarkTest01287,src/main/java/org/owasp/benchmark/testcode/BenchmarkTest01287.java,cmdi,78,True
BenchmarkTest01288,src/main/java/org/owasp/benchmark/testcode/BenchmarkTest01288.java,cmdi,78,True
BenchmarkTest01289,src/main/java/org/owasp/benchmark/testcode/BenchmarkTest01289.java,cmdi,78,False
BenchmarkTest01290,src/main/java/org/owasp/benchmark/testcode/BenchmarkTest01290.java,cmdi,78,False
BenchmarkTest01291,src/main/java/org/owasp/benchmark/testcode/BenchmarkTest01291.java,weakrand,330,False
BenchmarkTest01292,src/main/java/org/owasp/benchmark/testcode/BenchmarkTest01292.java,weakrand,330,False
BenchmarkTest01293,src/main/java/org/owasp/benchmark/testcode/BenchmarkTest01293.java,weakrand,330,False
BenchmarkTest01294,src/main/java/org/owasp/benchmark/testcode/BenchmarkTest01294.java,weakrand,330,False
BenchmarkTest01295,src/main/java/org/owasp/benchmark/testcode/BenchmarkTest01295.java,weakrand,330,False
BenchmarkTest01296,src/main/java/org/owasp/benchmark/testcode/BenchmarkTest01296.java,weakrand,330,False
BenchmarkTest01297,src/main/java/org/owasp/benchmark/testcode/BenchmarkTest01297.java,weakrand,330,False
BenchmarkTest01298,src/main/java/org/owasp/benchmark/testcode/BenchmarkTest01298.java,weakrand,330,False
BenchmarkTest01299,src/main/java/org/owasp/benchmark/testcode/BenchmarkTest01299.java,trustbound,501,True
BenchmarkTest01300,src/main/java/org/owasp/benchmark/testcode/BenchmarkTest01300.java,trustbound,501,False
BenchmarkTest01301,src/main/java/org/owasp/benchmark/testcode/BenchmarkTest01301.java,sqli,89,False
BenchmarkTest01302,src/main/java/org/owasp/benchmark/testcode/BenchmarkTest01302.java,sqli,89,True
BenchmarkTest01303,src/main/java/org/owasp/benchmark/testcode/BenchmarkTest01303.java,sqli,89,False
BenchmarkTest01304,src/main/java/org/owasp/benchmark/testcode/BenchmarkTest01304.java,sqli,89,True
BenchmarkTest01305,src/main/java/org/owasp/benchmark/testcode/BenchmarkTest01305.java,sqli,89,False
BenchmarkTest01306,src/main/java/org/owasp/benchmark/testcode/BenchmarkTest01306.java,sqli,89,True
BenchmarkTest01307,src/main/java/org/owasp/benchmark/testcode/BenchmarkTest01307.java,sqli,89,False
BenchmarkTest01308,src/main/java/org/owasp/benchmark/testcode/BenchmarkTest01308.java,sqli,89,True
BenchmarkTest01309,src/main/java/org/owasp/benchmark/testcode/BenchmarkTest01309.java,sqli,89,False
BenchmarkTest01310,src/main/java/org/owasp/benchmark/testcode/BenchmarkTest01310.java,sqli,89,False
BenchmarkTest01311,src/main/java/org/owasp/benchmark/testcode/BenchmarkTest01311.java,sqli,89,True
BenchmarkTest01312,src/main/java/org/owasp/benchmark/testcode/BenchmarkTest01312.java,sqli,89,True
BenchmarkTest01313,src/main/java/org/owasp/benchmark/testcode/BenchmarkTest01313.java,sqli,89,True
BenchmarkTest01314,src/main/java/org/owasp/benchmark/testcode/BenchmarkTest01314.java,sqli,89,True
BenchmarkTest01315,src/main/java/org/owasp/benchmark/testcode/BenchmarkTest01315.java,sqli,89,False
BenchmarkTest01316,src/main/java/org/owasp/benchmark/testcode/BenchmarkTest01316.java,xpathi,643,True
BenchmarkTest01317,src/main/java/org/owasp/benchmark/testcode/BenchmarkTest01317.java,crypto,327,True
BenchmarkTest01318,src/main/java/org/owasp/benchmark/testcode/BenchmarkTest01318.java,crypto,327,True
BenchmarkTest01319,src/main/java/org/owasp/benchmark/testcode/BenchmarkTest01319.java,crypto,327,False
BenchmarkTest01320,src/main/java/org/owasp/benchmark/testcode/BenchmarkTest01320.java,crypto,327,True
BenchmarkTest01321,src/main/java/org/owasp/benchmark/testcode/BenchmarkTest01321.java,crypto,327,False
BenchmarkTest01322,src/main/java/org/owasp/benchmark/testcode/BenchmarkTest01322.java,crypto,327,True
BenchmarkTest01323,src/main/java/org/owasp/benchmark/testcode/BenchmarkTest01323.java,crypto,327,True
BenchmarkTest01324,src/main/java/org/owasp/benchmark/testcode/BenchmarkTest01324.java,crypto,327,False
BenchmarkTest01325,src/main/java/org/owasp/benchmark/testcode/BenchmarkTest01325.java,crypto,327,True
BenchmarkTest01326,src/main/java/org/owasp/benchmark/testcode/BenchmarkTest01326.java,ldapi,90,True
BenchmarkTest01327,src/main/java/org/owasp/benchmark/testcode/BenchmarkTest01327.java,ldapi,90,False
BenchmarkTest01328,src/main/java/org/owasp/benchmark/testcode/BenchmarkTest01328.java,pathtraver,22,False
BenchmarkTest01329,src/main/java/org/owasp/benchmark/testcode/BenchmarkTest01329.java,pathtraver,22,True
BenchmarkTest01330,src/main/java/org/owasp/benchmark/testcode/BenchmarkTest01330.java,pathtraver,22,True
BenchmarkTest01331,src/main/java/org/owasp/benchmark/testcode/BenchmarkTest01331.java,pathtraver,22,False
BenchmarkTest01332,src/main/java/org/owasp/benchmark/testcode/BenchmarkTest01332.java,hash,328,False
BenchmarkTest01333,src/main/java/org/owasp/benchmark/testcode/BenchmarkTest01333.java,hash,328,True
BenchmarkTest01334,src/main/java/org/owasp/benchmark/testcode/BenchmarkTest01334.java,hash,328,True
BenchmarkTest01335,src/main/java/org/owasp/benchmark/testcode/BenchmarkTest01335.java,xss,79,True
BenchmarkTest01336,src/main/java/org/owasp/benchmark/testcode/BenchmarkTest01336.java,xss,79,False
BenchmarkTest01337,src/main/java/org/owasp/benchmark/testcode/BenchmarkTest01337.java,xss,79,True
BenchmarkTest01338,src/main/java/org/owasp/benchmark/testcode/BenchmarkTest01338.java,xss,79,False
BenchmarkTest01339,src/main/java/org/owasp/benchmark/testcode/BenchmarkTest01339.java,xss,79,False
BenchmarkTest01340,src/main/java/org/owasp/benchmark/testcode/BenchmarkTest01340.java,xss,79,False
BenchmarkTest01341,src/main/java/org/owasp/benchmark/testcode/BenchmarkTest01341.java,xss,79,False
BenchmarkTest01342,src/main/java/org/owasp/benchmark/testcode/BenchmarkTest01342.java,xss,79,False
BenchmarkTest01343,src/main/java/org/owasp/benchmark/testcode/BenchmarkTest01343.java,xss,79,False
BenchmarkTest01344,src/main/java/org/owasp/benchmark/testcode/BenchmarkTest01344.java,xss,79,False
BenchmarkTest01345,src/main/java/org/owasp/benchmark/testcode/BenchmarkTest01345.java,xss,79,False
BenchmarkTest01346,src/main/java/org/owasp/benchmark/testcode/BenchmarkTest01346.java,xss,79,True
BenchmarkTest01347,src/main/java/org/owasp/benchmark/testcode/BenchmarkTest01347.java,xss,79,True
BenchmarkTest01348,src/main/java/org/owasp/benchmark/testcode/BenchmarkTest01348.java,xss,79,False
BenchmarkTest01349,src/main/java/org/owasp/benchmark/testcode/BenchmarkTest01349.java,xss,79,True
BenchmarkTest01350,src/main/java/org/owasp/benchmark/testcode/BenchmarkTest01350.java,xss,79,True
BenchmarkTest01351,src/main/java/org/owasp/benchmark/testcode/BenchmarkTest01351.java,xss,79,False
BenchmarkTest01352,src/main/java/org/owasp/benchmark/testcode/BenchmarkTest01352.java,xss,79,False
BenchmarkTest01353,src/main/java/org/owasp/benchmark/testcode/BenchmarkTest01353.java,cmdi,78,False
BenchmarkTest01354,src/main/java/org/owasp/benchmark/testcode/BenchmarkTest01354.java,weakrand,330,True
BenchmarkTest01355,src/main/java/org/owasp/benchmark/testcode/BenchmarkTest01355.java,weakrand,330,True
BenchmarkTest01356,src/main/java/org/owasp/benchmark/testcode/BenchmarkTest01356.java,weakrand,330,True
BenchmarkTest01357,src/main/java/org/owasp/benchmark/testcode/BenchmarkTest01357.java,weakrand,330,True
BenchmarkTest01358,src/main/java/org/owasp/benchmark/testcode/BenchmarkTest01358.java,weakrand,330,True
BenchmarkTest01359,src/main/java/org/owasp/benchmark/testcode/BenchmarkTest01359.java,securecookie,614,False
BenchmarkTest01360,src/main/java/org/owasp/benchmark/testcode/BenchmarkTest01360.java,cmdi,78,True
BenchmarkTest01361,src/main/java/org/owasp/benchmark/testcode/BenchmarkTest01361.java,cmdi,78,True
BenchmarkTest01362,src/main/java/org/owasp/benchmark/testcode/BenchmarkTest01362.java,cmdi,78,True
BenchmarkTest01363,src/main/java/org/owasp/benchmark/testcode/BenchmarkTest01363.java,cmdi,78,True
BenchmarkTest01364,src/main/java/org/owasp/benchmark/testcode/BenchmarkTest01364.java,cmdi,78,False
BenchmarkTest01365,src/main/java/org/owasp/benchmark/testcode/BenchmarkTest01365.java,cmdi,78,False
BenchmarkTest01366,src/main/java/org/owasp/benchmark/testcode/BenchmarkTest01366.java,weakrand,330,False
BenchmarkTest01367,src/main/java/org/owasp/benchmark/testcode/BenchmarkTest01367.java,weakrand,330,False
BenchmarkTest01368,src/main/java/org/owasp/benchmark/testcode/BenchmarkTest01368.java,weakrand,330,False
BenchmarkTest01369,src/main/java/org/owasp/benchmark/testcode/BenchmarkTest01369.java,weakrand,330,False
BenchmarkTest01370,src/main/java/org/owasp/benchmark/testcode/BenchmarkTest01370.java,weakrand,330,False
BenchmarkTest01371,src/main/java/org/owasp/benchmark/testcode/BenchmarkTest01371.java,weakrand,330,False
BenchmarkTest01372,src/main/java/org/owasp/benchmark/testcode/BenchmarkTest01372.java,weakrand,330,False
BenchmarkTest01373,src/main/java/org/owasp/benchmark/testcode/BenchmarkTest01373.java,weakrand,330,False
BenchmarkTest01374,src/main/java/org/owasp/benchmark/testcode/BenchmarkTest01374.java,trustbound,501,True
BenchmarkTest01375,src/main/java/org/owasp/benchmark/testcode/BenchmarkTest01375.java,trustbound,501,True
BenchmarkTest01376,src/main/java/org/owasp/benchmark/testcode/BenchmarkTest01376.java,trustbound,501,True
BenchmarkTest01377,src/main/java/org/owasp/benchmark/testcode/BenchmarkTest01377.java,trustbound,501,False
BenchmarkTest01378,src/main/java/org/owasp/benchmark/testcode/BenchmarkTest01378.java,sqli,89,False
BenchmarkTest01379,src/main/java/org/owasp/benchmark/testcode/BenchmarkTest01379.java,sqli,89,True
BenchmarkTest01380,src/main/java/org/owasp/benchmark/testcode/BenchmarkTest01380.java,sqli,89,False
BenchmarkTest01381,src/main/java/org/owasp/benchmark/testcode/BenchmarkTest01381.java,sqli,89,True
BenchmarkTest01382,src/main/java/org/owasp/benchmark/testcode/BenchmarkTest01382.java,sqli,89,True
BenchmarkTest01383,src/main/java/org/owasp/benchmark/testcode/BenchmarkTest01383.java,sqli,89,True
BenchmarkTest01384,src/main/java/org/owasp/benchmark/testcode/BenchmarkTest01384.java,sqli,89,True
BenchmarkTest01385,src/main/java/org/owasp/benchmark/testcode/BenchmarkTest01385.java,sqli,89,False
BenchmarkTest01386,src/main/java/org/owasp/benchmark/testcode/BenchmarkTest01386.java,sqli,89,False
BenchmarkTest01387,src/main/java/org/owasp/benchmark/testcode/BenchmarkTest01387.java,sqli,89,False
BenchmarkTest01388,src/main/java/org/owasp/benchmark/testcode/BenchmarkTest01388.java,sqli,89,True
BenchmarkTest01389,src/main/java/org/owasp/benchmark/testcode/BenchmarkTest01389.java,sqli,89,False
BenchmarkTest01390,src/main/java/org/owasp/benchmark/testcode/BenchmarkTest01390.java,sqli,89,True
BenchmarkTest01391,src/main/java/org/owasp/benchmark/testcode/BenchmarkTest01391.java,sqli,89,True
BenchmarkTest01392,src/main/java/org/owasp/benchmark/testcode/BenchmarkTest01392.java,sqli,89,False
BenchmarkTest01393,src/main/java/org/owasp/benchmark/testcode/BenchmarkTest01393.java,sqli,89,False
BenchmarkTest01394,src/main/java/org/owasp/benchmark/testcode/BenchmarkTest01394.java,sqli,89,True
BenchmarkTest01395,src/main/java/org/owasp/benchmark/testcode/BenchmarkTest01395.java,sqli,89,True
BenchmarkTest01396,src/main/java/org/owasp/benchmark/testcode/BenchmarkTest01396.java,sqli,89,True
BenchmarkTest01397,src/main/java/org/owasp/benchmark/testcode/BenchmarkTest01397.java,xpathi,643,False
BenchmarkTest01398,src/main/java/org/owasp/benchmark/testcode/BenchmarkTest01398.java,crypto,327,True
BenchmarkTest01399,src/main/java/org/owasp/benchmark/testcode/BenchmarkTest01399.java,crypto,327,False
BenchmarkTest01400,src/main/java/org/owasp/benchmark/testcode/BenchmarkTest01400.java,crypto,327,False
BenchmarkTest01401,src/main/java/org/owasp/benchmark/testcode/BenchmarkTest01401.java,crypto,327,False
BenchmarkTest01402,src/main/java/org/owasp/benchmark/testcode/BenchmarkTest01402.java,ldapi,90,False
BenchmarkTest01403,src/main/java/org/owasp/benchmark/testcode/BenchmarkTest01403.java,pathtraver,22,True
BenchmarkTest01404,src/main/java/org/owasp/benchmark/testcode/BenchmarkTest01404.java,pathtraver,22,False
BenchmarkTest01405,src/main/java/org/owasp/benchmark/testcode/BenchmarkTest01405.java,pathtraver,22,True
BenchmarkTest01406,src/main/java/org/owasp/benchmark/testcode/BenchmarkTest01406.java,pathtraver,22,False
BenchmarkTest01407,src/main/java/org/owasp/benchmark/testcode/BenchmarkTest01407.java,pathtraver,22,False
BenchmarkTest01408,src/main/java/org/owasp/benchmark/testcode/BenchmarkTest01408.java,pathtraver,22,True
BenchmarkTest01409,src/main/java/org/owasp/benchmark/testcode/BenchmarkTest01409.java,pathtraver,22,False
BenchmarkTest01410,src/main/java/org/owasp/benchmark/testcode/BenchmarkTest01410.java,hash,328,False
BenchmarkTest01411,src/main/java/org/owasp/benchmark/testcode/BenchmarkTest01411.java,hash,328,True
BenchmarkTest01412,src/main/java/org/owasp/benchmark/testcode/BenchmarkTest01412.java,hash,328,False
BenchmarkTest01413,src/main/java/org/owasp/benchmark/testcode/BenchmarkTest01413.java,hash,328,False
BenchmarkTest01414,src/main/java/org/owasp/benchmark/testcode/BenchmarkTest01414.java,hash,328,True
BenchmarkTest01415,src/main/java/org/owasp/benchmark/testcode/BenchmarkTest01415.java,hash,328,True
BenchmarkTest01416,src/main/java/org/owasp/benchmark/testcode/BenchmarkTest01416.java,hash,328,True
BenchmarkTest01417,src/main/java/org/owasp/benchmark/testcode/BenchmarkTest01417.java,xss,79,True
BenchmarkTest01418,src/main/java/org/owasp/benchmark/testcode/BenchmarkTest01418.java,xss,79,True
BenchmarkTest01419,src/main/java/org/owasp/benchmark/testcode/BenchmarkTest01419.java,xss,79,False
BenchmarkTest01420,src/main/java/org/owasp/benchmark/testcode/BenchmarkTest01420.java,xss,79,False
BenchmarkTest01421,src/main/java/org/owasp/benchmark/testcode/BenchmarkTest01421.java,xss,79,False
BenchmarkTest01422,src/main/java/org/owasp/benchmark/testcode/BenchmarkTest01422.java,xss,79,False
BenchmarkTest01423,src/main/java/org/owasp/benchmark/testcode/BenchmarkTest01423.java,xss,79,True
BenchmarkTest01424,src/main/java/org/owasp/benchmark/testcode/BenchmarkTest01424.java,xss,79,True
BenchmarkTest01425,src/main/java/org/owasp/benchmark/testcode/BenchmarkTest01425.java,xss,79,False
BenchmarkTest01426,src/main/java/org/owasp/benchmark/testcode/BenchmarkTest01426.java,xss,79,True
BenchmarkTest01427,src/main/java/org/owasp/benchmark/testcode/BenchmarkTest01427.java,xss,79,True
BenchmarkTest01428,src/main/java/org/owasp/benchmark/testcode/BenchmarkTest01428.java,xss,79,True
BenchmarkTest01429,src/main/java/org/owasp/benchmark/testcode/BenchmarkTest01429.java,xss,79,True
BenchmarkTest01430,src/main/java/org/owasp/benchmark/testcode/BenchmarkTest01430.java,cmdi,78,True
BenchmarkTest01431,src/main/java/org/owasp/benchmark/testcode/BenchmarkTest01431.java,weakrand,330,True
BenchmarkTest01432,src/main/java/org/owasp/benchmark/testcode/BenchmarkTest01432.java,weakrand,330,True
BenchmarkTest01433,src/main/java/org/owasp/benchmark/testcode/BenchmarkTest01433.java,weakrand,330,True
BenchmarkTest01434,src/main/java/org/owasp/benchmark/testcode/BenchmarkTest01434.java,weakrand,330,True
BenchmarkTest01435,src/main/java/org/owasp/benchmark/testcode/BenchmarkTest01435.java,weakrand,330,True
BenchmarkTest01436,src/main/java/org/owasp/benchmark/testcode/BenchmarkTest01436.java,securecookie,614,False
BenchmarkTest01437,src/main/java/org/owasp/benchmark/testcode/BenchmarkTest01437.java,xss,79,True
BenchmarkTest01438,src/main/java/org/owasp/benchmark/testcode/BenchmarkTest01438.java,xss,79,True
BenchmarkTest01439,src/main/java/org/owasp/benchmark/testcode/BenchmarkTest01439.java,xss,79,False
BenchmarkTest01440,src/main/java/org/owasp/benchmark/testcode/BenchmarkTest01440.java,cmdi,78,False
BenchmarkTest01441,src/main/java/org/owasp/benchmark/testcode/BenchmarkTest01441.java,cmdi,78,True
BenchmarkTest01442,src/main/java/org/owasp/benchmark/testcode/BenchmarkTest01442.java,cmdi,78,True
BenchmarkTest01443,src/main/java/org/owasp/benchmark/testcode/BenchmarkTest01443.java,cmdi,78,False
BenchmarkTest01444,src/main/java/org/owasp/benchmark/testcode/BenchmarkTest01444.java,cmdi,78,False
BenchmarkTest01445,src/main/java/org/owasp/benchmark/testcode/BenchmarkTest01445.java,cmdi,78,False
BenchmarkTest01446,src/main/java/org/owasp/benchmark/testcode/BenchmarkTest01446.java,cmdi,78,True
BenchmarkTest01447,src/main/java/org/owasp/benchmark/testcode/BenchmarkTest01447.java,weakrand,330,False
BenchmarkTest01448,src/main/java/org/owasp/benchmark/testcode/BenchmarkTest01448.java,weakrand,330,False
BenchmarkTest01449,src/main/java/org/owasp/benchmark/testcode/BenchmarkTest01449.java,weakrand,330,False
BenchmarkTest01450,src/main/java/org/owasp/benchmark/testcode/BenchmarkTest01450.java,weakrand,330,False
BenchmarkTest01451,src/main/java/org/owasp/benchmark/testcode/BenchmarkTest01451.java,weakrand,330,False
BenchmarkTest01452,src/main/java/org/owasp/benchmark/testcode/BenchmarkTest01452.java,weakrand,330,False
BenchmarkTest01453,src/main/java/org/owasp/benchmark/testcode/BenchmarkTest01453.java,weakrand,330,False
BenchmarkTest01454,src/main/java/org/owasp/benchmark/testcode/BenchmarkTest01454.java,trustbound,501,False
BenchmarkTest01455,src/main/java/org/owasp/benchmark/testcode/BenchmarkTest01455.java,trustbound,501,True
BenchmarkTest01456,src/main/java/org/owasp/benchmark/testcode/BenchmarkTest01456.java,trustbound,501,True
BenchmarkTest01457,src/main/java/org/owasp/benchmark/testcode/BenchmarkTest01457.java,trustbound,501,True
BenchmarkTest01458,src/main/java/org/owasp/benchmark/testcode/BenchmarkTest01458.java,trustbound,501,True
BenchmarkTest01459,src/main/java/org/owasp/benchmark/testcode/BenchmarkTest01459.java,sqli,89,False
BenchmarkTest01460,src/main/java/org/owasp/benchmark/testcode/BenchmarkTest01460.java,sqli,89,True
BenchmarkTest01461,src/main/java/org/owasp/benchmark/testcode/BenchmarkTest01461.java,sqli,89,False
BenchmarkTest01462,src/main/java/org/owasp/benchmark/testcode/BenchmarkTest01462.java,sqli,89,True
BenchmarkTest01463,src/main/java/org/owasp/benchmark/testcode/BenchmarkTest01463.java,sqli,89,True
BenchmarkTest01464,src/main/java/org/owasp/benchmark/testcode/BenchmarkTest01464.java,sqli,89,True
BenchmarkTest01465,src/main/java/org/owasp/benchmark/testcode/BenchmarkTest01465.java,sqli,89,True
BenchmarkTest01466,src/main/java/org/owasp/benchmark/testcode/BenchmarkTest01466.java,sqli,89,True
BenchmarkTest01467,src/main/java/org/owasp/benchmark/testcode/BenchmarkTest01467.java,sqli,89,False
BenchmarkTest01468,src/main/java/org/owasp/benchmark/testcode/BenchmarkTest01468.java,sqli,89,False
BenchmarkTest01469,src/main/java/org/owasp/benchmark/testcode/BenchmarkTest01469.java,sqli,89,False
BenchmarkTest01470,src/main/java/org/owasp/benchmark/testcode/BenchmarkTest01470.java,sqli,89,True
BenchmarkTest01471,src/main/java/org/owasp/benchmark/testcode/BenchmarkTest01471.java,sqli,89,True
BenchmarkTest01472,src/main/java/org/owasp/benchmark/testcode/BenchmarkTest01472.java,sqli,89,False
BenchmarkTest01473,src/main/java/org/owasp/benchmark/testcode/BenchmarkTest01473.java,sqli,89,True
BenchmarkTest01474,src/main/java/org/owasp/benchmark/testcode/BenchmarkTest01474.java,sqli,89,True
BenchmarkTest01475,src/main/java/org/owasp/benchmark/testcode/BenchmarkTest01475.java,sqli,89,True
BenchmarkTest01476,src/main/java/org/owasp/benchmark/testcode/BenchmarkTest01476.java,sqli,89,True
BenchmarkTest01477,src/main/java/org/owasp/benchmark/testcode/BenchmarkTest01477.java,sqli,89,True
BenchmarkTest01478,src/main/java/org/owasp/benchmark/testcode/BenchmarkTest01478.java,xpathi,643,True
BenchmarkTest01479,src/main/java/org/owasp/benchmark/testcode/BenchmarkTest01479.java,xpathi,643,False
BenchmarkTest01480,src/main/java/org/owasp/benchmark/testcode/BenchmarkTest01480.java,crypto,327,True
BenchmarkTest01481,src/main/java/org/owasp/benchmark/testcode/BenchmarkTest01481.java,crypto,327,False
BenchmarkTest01482,src/main/java/org/owasp/benchmark/testcode/BenchmarkTest01482.java,crypto,327,False
BenchmarkTest01483,src/main/java/org/owasp/benchmark/testcode/BenchmarkTest01483.java,crypto,327,True
BenchmarkTest01484,src/main/java/org/owasp/benchmark/testcode/BenchmarkTest01484.java,crypto,327,True
BenchmarkTest01485,src/main/java/org/owasp/benchmark/testcode/BenchmarkTest01485.java,crypto,327,False
BenchmarkTest01486,src/main/java/org/owasp/benchmark/testcode/BenchmarkTest01486.java,crypto,327,True
BenchmarkTest01487,src/main/java/org/owasp/benchmark/testcode/BenchmarkTest01487.java,crypto,327,False
BenchmarkTest01488,src/main/java/org/owasp/benchmark/testcode/BenchmarkTest01488.java,crypto,327,False
BenchmarkTest01489,src/main/java/org/owasp/benchmark/testcode/BenchmarkTest01489.java,crypto,327,True
BenchmarkTest01490,src/main/java/org/owasp/benchmark/testcode/BenchmarkTest01490.java,ldapi,90,True
BenchmarkTest01491,src/main/java/org/owasp/benchmark/testcode/BenchmarkTest01491.java,ldapi,90,False
BenchmarkTest01492,src/main/java/org/owasp/benchmark/testcode/BenchmarkTest01492.java,ldapi,90,False
BenchmarkTest01493,src/main/java/org/owasp/benchmark/testcode/BenchmarkTest01493.java,pathtraver,22,False
BenchmarkTest01494,src/main/java/org/owasp/benchmark/testcode/BenchmarkTest01494.java,pathtraver,22,True
BenchmarkTest01495,src/main/java/org/owasp/benchmark/testcode/BenchmarkTest01495.java,pathtraver,22,True
BenchmarkTest01496,src/main/java/org/owasp/benchmark/testcode/BenchmarkTest01496.java,pathtraver,22,True
BenchmarkTest01497,src/main/java/org/owasp/benchmark/testcode/BenchmarkTest01497.java,pathtraver,22,True
BenchmarkTest01498,src/main/java/org/owasp/benchmark/testcode/BenchmarkTest01498.java,pathtraver,22,True
BenchmarkTest01499,src/main/java/org/owasp/benchmark/testcode/BenchmarkTest01499.java,pathtraver,22,False
BenchmarkTest01500,src/main/java/org/owasp/benchmark/testcode/BenchmarkTest01500.java,pathtraver,22,True
BenchmarkTest01501,src/main/java/org/owasp/benchmark/testcode/BenchmarkTest01501.java,ldapi,90,True
BenchmarkTest01502,src/main/java/org/owasp/benchmark/testcode/BenchmarkTest01502.java,weakrand,330,True
BenchmarkTest01503,src/main/java/org/owasp/benchmark/testcode/BenchmarkTest01503.java,hash,328,True
BenchmarkTest01504,src/main/java/org/owasp/benchmark/testcode/BenchmarkTest01504.java,hash,328,True
BenchmarkTest01505,src/main/java/org/owasp/benchmark/testcode/BenchmarkTest01505.java,xss,79,True
BenchmarkTest01506,src/main/java/org/owasp/benchmark/testcode/BenchmarkTest01506.java,xss,79,True
BenchmarkTest01507,src/main/java/org/owasp/benchmark/testcode/BenchmarkTest01507.java,xss,79,True
BenchmarkTest01508,src/main/java/org/owasp/benchmark/testcode/BenchmarkTest01508.java,xss,79,False
BenchmarkTest01509,src/main/java/org/owasp/benchmark/testcode/BenchmarkTest01509.java,xss,79,True
BenchmarkTest01510,src/main/java/org/owasp/benchmark/testcode/BenchmarkTest01510.java,xss,79,True
BenchmarkTest01511,src/main/java/org/owasp/benchmark/testcode/BenchmarkTest01511.java,xss,79,True
BenchmarkTest01512,src/main/java/org/owasp/benchmark/testcode/BenchmarkTest01512.java,xss,79,True
BenchmarkTest01513,src/main/java/org/owasp/benchmark/testcode/BenchmarkTest01513.java,xss,79,False
BenchmarkTest01514,src/main/java/org/owasp/benchmark/testcode/BenchmarkTest01514.java,xss,79,False
BenchmarkTest01515,src/main/java/org/owasp/benchmark/testcode/BenchmarkTest01515.java,xss,79,False
BenchmarkTest01516,src/main/java/org/owasp/benchmark/testcode/BenchmarkTest01516.java,cmdi,78,False
BenchmarkTest01517,src/main/java/org/owasp/benchmark/testcode/BenchmarkTest01517.java,cmdi,78,True
BenchmarkTest01518,src/main/java/org/owasp/benchmark/testcode/BenchmarkTest01518.java,weakrand,330,True
BenchmarkTest01519,src/main/java/org/owasp/benchmark/testcode/BenchmarkTest01519.java,weakrand,330,True
BenchmarkTest01520,src/main/java/org/owasp/benchmark/testcode/BenchmarkTest01520.java,weakrand,330,True
BenchmarkTest01521,src/main/java/org/owasp/benchmark/testcode/BenchmarkTest01521.java,securecookie,614,True
BenchmarkTest01522,src/main/java/org/owasp/benchmark/testcode/BenchmarkTest01522.java,securecookie,614,False
BenchmarkTest01523,src/main/java/org/owasp/benchmark/testcode/BenchmarkTest01523.java,securecookie,614,False
BenchmarkTest01524,src/main/java/org/owasp/benchmark/testcode/BenchmarkTest01524.java,securecookie,614,False
BenchmarkTest01525,src/main/java/org/owasp/benchmark/testcode/BenchmarkTest01525.java,xss,79,True
BenchmarkTest01526,src/main/java/org/owasp/benchmark/testcode/BenchmarkTest01526.java,cmdi,78,False
BenchmarkTest01527,src/main/java/org/owasp/benchmark/testcode/BenchmarkTest01527.java,cmdi,78,False
BenchmarkTest01528,src/main/java/org/owasp/benchmark/testcode/BenchmarkTest01528.java,cmdi,78,False
BenchmarkTest01529,src/main/java/org/owasp/benchmark/testcode/BenchmarkTest01529.java,cmdi,78,False
BenchmarkTest01530,src/main/java/org/owasp/benchmark/testcode/BenchmarkTest01530.java,cmdi,78,False
BenchmarkTest01531,src/main/java/org/owasp/benchmark/testcode/BenchmarkTest01531.java,cmdi,78,True
BenchmarkTest01532,src/main/java/org/owasp/benchmark/testcode/BenchmarkTest01532.java,cmdi,78,False
BenchmarkTest01533,src/main/java/org/owasp/benchmark/testcode/BenchmarkTest01533.java,cmdi,78,True
BenchmarkTest01534,src/main/java/org/owasp/benchmark/testcode/BenchmarkTest01534.java,weakrand,330,False
BenchmarkTest01535,src/main/java/org/owasp/benchmark/testcode/BenchmarkTest01535.java,weakrand,330,False
BenchmarkTest01536,src/main/java/org/owasp/benchmark/testcode/BenchmarkTest01536.java,weakrand,330,False
BenchmarkTest01537,src/main/java/org/owasp/benchmark/testcode/BenchmarkTest01537.java,weakrand,330,False
BenchmarkTest01538,src/main/java/org/owasp/benchmark/testcode/BenchmarkTest01538.java,weakrand,330,False
BenchmarkTest01539,src/main/java/org/owasp/benchmark/testcode/BenchmarkTest01539.java,weakrand,330,False
BenchmarkTest01540,src/main/java/org/owasp/benchmark/testcode/BenchmarkTest01540.java,weakrand,330,False
BenchmarkTest01541,src/main/java/org/owasp/benchmark/testcode/BenchmarkTest01541.java,weakrand,330,False
BenchmarkTest01542,src/main/java/org/owasp/benchmark/testcode/BenchmarkTest01542.java,weakrand,330,False
BenchmarkTest01543,src/main/java/org/owasp/benchmark/testcode/BenchmarkTest01543.java,weakrand,330,False
BenchmarkTest01544,src/main/java/org/owasp/benchmark/testcode/BenchmarkTest01544.java,weakrand,330,False
BenchmarkTest01545,src/main/java/org/owasp/benchmark/testcode/BenchmarkTest01545.java,weakrand,330,False
BenchmarkTest01546,src/main/java/org/owasp/benchmark/testcode/BenchmarkTest01546.java,trustbound,501,True
BenchmarkTest01547,src/main/java/org/owasp/benchmark/testcode/BenchmarkTest01547.java,trustbound,501,True
BenchmarkTest01548,src/main/java/org/owasp/benchmark/testcode/BenchmarkTest01548.java,trustbound,501,True
BenchmarkTest01549,src/main/java/org/owasp/benchmark/testcode/BenchmarkTest01549.java,trustbound,501,True
BenchmarkTest01550,src/main/java/org/owasp/benchmark/testcode/BenchmarkTest01550.java,trustbound,501,True
BenchmarkTest01551,src/main/java/org/owasp/benchmark/testcode/BenchmarkTest01551.java,trustbound,501,True
BenchmarkTest01552,src/main/java/org/owasp/benchmark/testcode/BenchmarkTest01552.java,sqli,89,True
BenchmarkTest01553,src/main/java/org/owasp/benchmark/testcode/BenchmarkTest01553.java,sqli,89,False
BenchmarkTest01554,src/main/java/org/owasp/benchmark/testcode/BenchmarkTest01554.java,sqli,89,True
BenchmarkTest01555,src/main/java/org/owasp/benchmark/testcode/BenchmarkTest01555.java,sqli,89,False
BenchmarkTest01556,src/main/java/org/owasp/benchmark/testcode/BenchmarkTest01556.java,sqli,89,False
BenchmarkTest01557,src/main/java/org/owasp/benchmark/testcode/BenchmarkTest01557.java,sqli,89,True
BenchmarkTest01558,src/main/java/org/owasp/benchmark/testcode/BenchmarkTest01558.java,sqli,89,True
BenchmarkTest01559,src/main/java/org/owasp/benchmark/testcode/BenchmarkTest01559.java,sqli,89,True
BenchmarkTest01560,src/main/java/org/owasp/benchmark/testcode/BenchmarkTest01560.java,sqli,89,True
BenchmarkTest01561,src/main/java/org/owasp/benchmark/testcode/BenchmarkTest01561.java,xpathi,643,True
BenchmarkTest01562,src/main/java/org/owasp/benchmark/testcode/BenchmarkTest01562.java,xpathi,643,False
BenchmarkTest01563,src/main/java/org/owasp/benchmark/testcode/BenchmarkTest01563.java,crypto,327,False
BenchmarkTest01564,src/main/java/org/owasp/benchmark/testcode/BenchmarkTest01564.java,crypto,327,False
BenchmarkTest01565,src/main/java/org/owasp/benchmark/testcode/BenchmarkTest01565.java,crypto,327,True
BenchmarkTest01566,src/main/java/org/owasp/benchmark/testcode/BenchmarkTest01566.java,crypto,327,True
BenchmarkTest01567,src/main/java/org/owasp/benchmark/testcode/BenchmarkTest01567.java,crypto,327,False
BenchmarkTest01568,src/main/java/org/owasp/benchmark/testcode/BenchmarkTest01568.java,ldapi,90,True
BenchmarkTest01569,src/main/java/org/owasp/benchmark/testcode/BenchmarkTest01569.java,ldapi,90,False
BenchmarkTest01570,src/main/java/org/owasp/benchmark/testcode/BenchmarkTest01570.java,pathtraver,22,False
BenchmarkTest01571,src/main/java/org/owasp/benchmark/testcode/BenchmarkTest01571.java,pathtraver,22,True
BenchmarkTest01572,src/main/java/org/owasp/benchmark/testcode/BenchmarkTest01572.java,pathtraver,22,True
BenchmarkTest01573,src/main/java/org/owasp/benchmark/testcode/BenchmarkTest01573.java,pathtraver,22,False
BenchmarkTest01574,src/main/java/org/owasp/benchmark/testcode/BenchmarkTest01574.java,pathtraver,22,False
BenchmarkTest01575,src/main/java/org/owasp/benchmark/testcode/BenchmarkTest01575.java,weakrand,330,True
BenchmarkTest01576,src/main/java/org/owasp/benchmark/testcode/BenchmarkTest01576.java,hash,328,False
BenchmarkTest01577,src/main/java/org/owasp/benchmark/testcode/BenchmarkTest01577.java,hash,328,True
BenchmarkTest01578,src/main/java/org/owasp/benchmark/testcode/BenchmarkTest01578.java,hash,328,False
BenchmarkTest01579,src/main/java/org/owasp/benchmark/testcode/BenchmarkTest01579.java,hash,328,True
BenchmarkTest01580,src/main/java/org/owasp/benchmark/testcode/BenchmarkTest01580.java,hash,328,True
BenchmarkTest01581,src/main/java/org/owasp/benchmark/testcode/BenchmarkTest01581.java,hash,328,False
BenchmarkTest01582,src/main/java/org/owasp/benchmark/testcode/BenchmarkTest01582.java,hash,328,False
BenchmarkTest01583,src/main/java/org/owasp/benchmark/testcode/BenchmarkTest01583.java,xss,79,True
BenchmarkTest01584,src/main/java/org/owasp/benchmark/testcode/BenchmarkTest01584.java,xss,79,True
BenchmarkTest01585,src/main/java/org/owasp/benchmark/testcode/BenchmarkTest01585.java,xss,79,False
BenchmarkTest01586,src/main/java/org/owasp/benchmark/testcode/BenchmarkTest01586.java,xss,79,False
BenchmarkTest01587,src/main/java/org/owasp/benchmark/testcode/BenchmarkTest01587.java,xss,79,True
BenchmarkTest01588,src/main/java/org/owasp/benchmark/testcode/BenchmarkTest01588.java,xss,79,False
BenchmarkTest01589,src/main/java/org/owasp/benchmark/testcode/BenchmarkTest01589.java,xss,79,True
BenchmarkTest01590,src/main/java/org/owasp/benchmark/testcode/BenchmarkTest01590.java,xss,79,True
BenchmarkTest01591,src/main/java/org/owasp/benchmark/testcode/BenchmarkTest01591.java,xss,79,False
BenchmarkTest01592,src/main/java/org/owasp/benchmark/testcode/BenchmarkTest01592.java,xss,79,True
BenchmarkTest01593,src/main/java/org/owasp/benchmark/testcode/BenchmarkTest01593.java,xss,79,False
BenchmarkTest01594,src/main/java/org/owasp/benchmark/testcode/BenchmarkTest01594.java,xss,79,True
BenchmarkTest01595,src/main/java/org/owasp/benchmark/testcode/BenchmarkTest01595.java,xss,79,False
BenchmarkTest01596,src/main/java/org/owasp/benchmark/testcode/BenchmarkTest01596.java,xss,79,True
BenchmarkTest01597,src/main/java/org/owasp/benchmark/testcode/BenchmarkTest01597.java,xss,79,True
BenchmarkTest01598,src/main/java/org/owasp/benchmark/testcode/BenchmarkTest01598.java,xss,79,True
BenchmarkTest01599,src/main/java/org/owasp/benchmark/testcode/BenchmarkTest01599.java,xss,79,False
BenchmarkTest01600,src/main/java/org/owasp/benchmark/testcode/BenchmarkTest01600.java,cmdi,78,False
BenchmarkTest01601,src/main/java/org/owasp/benchmark/testcode/BenchmarkTest01601.java,cmdi,78,True
BenchmarkTest01602,src/main/java/org/owasp/benchmark/testcode/BenchmarkTest01602.java,weakrand,330,True
BenchmarkTest01603,src/main/java/org/owasp/benchmark/testcode/BenchmarkTest01603.java,weakrand,330,True
BenchmarkTest01604,src/main/java/org/owasp/benchmark/testcode/BenchmarkTest01604.java,securecookie,614,False
BenchmarkTest01605,src/main/java/org/owasp/benchmark/testcode/BenchmarkTest01605.java,securecookie,614,False
BenchmarkTest01606,src/main/java/org/owasp/benchmark/testcode/BenchmarkTest01606.java,cmdi,78,False
BenchmarkTest01607,src/main/java/org/owasp/benchmark/testcode/BenchmarkTest01607.java,cmdi,78,False
BenchmarkTest01608,src/main/java/org/owasp/benchmark/testcode/BenchmarkTest01608.java,cmdi,78,False
BenchmarkTest01609,src/main/java/org/owasp/benchmark/testcode/BenchmarkTest01609.java,cmdi,78,True
BenchmarkTest01610,src/main/java/org/owasp/benchmark/testcode/BenchmarkTest01610.java,cmdi,78,True
BenchmarkTest01611,src/main/java/org/owasp/benchmark/testcode/BenchmarkTest01611.java,weakrand,330,False
BenchmarkTest01612,src/main/java/org/owasp/benchmark/testcode/BenchmarkTest01612.java,weakrand,330,False
BenchmarkTest01613,src/main/java/org/owasp/benchmark/testcode/BenchmarkTest01613.java,weakrand,330,False
BenchmarkTest01614,src/main/java/org/owasp/benchmark/testcode/BenchmarkTest01614.java,weakrand,330,False
BenchmarkTest01615,src/main/java/org/owasp/benchmark/testcode/BenchmarkTest01615.java,trustbound,501,True
BenchmarkTest01616,src/main/java/org/owasp/benchmark/testcode/BenchmarkTest01616.java,trustbound,501,True
BenchmarkTest01617,src/main/java/org/owasp/benchmark/testcode/BenchmarkTest01617.java,trustbound,501,True
BenchmarkTest01618,src/main/java/org/owasp/benchmark/testcode/BenchmarkTest01618.java,trustbound,501,True
BenchmarkTest01619,src/main/java/org/owasp/benchmark/testcode/BenchmarkTest01619.java,trustbound,501,True
BenchmarkTest01620,src/main/java/org/owasp/benchmark/testcode/BenchmarkTest01620.java,sqli,89,True
BenchmarkTest01621,src/main/java/org/owasp/benchmark/testcode/BenchmarkTest01621.java,sqli,89,True
BenchmarkTest01622,src/main/java/org/owasp/benchmark/testcode/BenchmarkTest01622.java,sqli,89,False
BenchmarkTest01623,src/main/java/org/owasp/benchmark/testcode/BenchmarkTest01623.java,sqli,89,True
BenchmarkTest01624,src/main/java/org/owasp/benchmark/testcode/BenchmarkTest01624.java,sqli,89,True
BenchmarkTest01625,src/main/java/org/owasp/benchmark/testcode/BenchmarkTest01625.java,sqli,89,True
BenchmarkTest01626,src/main/java/org/owasp/benchmark/testcode/BenchmarkTest01626.java,sqli,89,True
BenchmarkTest01627,src/main/java/org/owasp/benchmark/testcode/BenchmarkTest01627.java,sqli,89,True
BenchmarkTest01628,src/main/java/org/owasp/benchmark/testcode/BenchmarkTest01628.java,sqli,89,False
BenchmarkTest01629,src/main/java/org/owasp/benchmark/testcode/BenchmarkTest01629.java,sqli,89,False
BenchmarkTest01630,src/main/java/org/owasp/benchmark/testcode/BenchmarkTest01630.java,sqli,89,True
BenchmarkTest01631,src/main/java/org/owasp/benchmark/testcode/BenchmarkTest01631.java,sqli,89,True
BenchmarkTest01632,src/main/java/org/owasp/benchmark/testcode/BenchmarkTest01632.java,xpathi,643,False
BenchmarkTest01633,src/main/java/org/owasp/benchmark/testcode/BenchmarkTest01633.java,xpathi,643,False
BenchmarkTest01634,src/main/java/org/owasp/benchmark/testcode/BenchmarkTest01634.java,crypto,327,True
BenchmarkTest01635,src/main/java/org/owasp/benchmark/testcode/BenchmarkTest01635.java,crypto,327,False
BenchmarkTest01636,src/main/java/org/owasp/benchmark/testcode/BenchmarkTest01636.java,crypto,327,False
BenchmarkTest01637,src/main/java/org/owasp/benchmark/testcode/BenchmarkTest01637.java,crypto,327,True
BenchmarkTest01638,src/main/java/org/owasp/benchmark/testcode/BenchmarkTest01638.java,crypto,327,True
BenchmarkTest01639,src/main/java/org/owasp/benchmark/testcode/BenchmarkTest01639.java,crypto,327,True
BenchmarkTest01640,src/main/java/org/owasp/benchmark/testcode/BenchmarkTest01640.java,crypto,327,False
BenchmarkTest01641,src/main/java/org/owasp/benchmark/testcode/BenchmarkTest01641.java,crypto,327,True
BenchmarkTest01642,src/main/java/org/owasp/benchmark/testcode/BenchmarkTest01642.java,pathtraver,22,True
BenchmarkTest01643,src/main/java/org/owasp/benchmark/testcode/BenchmarkTest01643.java,pathtraver,22,True
BenchmarkTest01644,src/main/java/org/owasp/benchmark/testcode/BenchmarkTest01644.java,pathtraver,22,False
BenchmarkTest01645,src/main/java/org/owasp/benchmark/testcode/BenchmarkTest01645.java,pathtraver,22,True
BenchmarkTest01646,src/main/java/org/owasp/benchmark/testcode/BenchmarkTest01646.java,pathtraver,22,False
BenchmarkTest01647,src/main/java/org/owasp/benchmark/testcode/BenchmarkTest01647.java,pathtraver,22,True
BenchmarkTest01648,src/main/java/org/owasp/benchmark/testcode/BenchmarkTest01648.java,weakrand,330,True
BenchmarkTest01649,src/main/java/org/owasp/benchmark/testcode/BenchmarkTest01649.java,hash,328,True
BenchmarkTest01650,src/main/java/org/owasp/benchmark/testcode/BenchmarkTest01650.java,hash,328,True
BenchmarkTest01651,src/main/java/org/owasp/benchmark/testcode/BenchmarkTest01651.java,hash,328,True
BenchmarkTest01652,src/main/java/org/owasp/benchmark/testcode/BenchmarkTest01652.java,hash,328,False
BenchmarkTest01653,src/main/java/org/owasp/benchmark/testcode/BenchmarkTest01653.java,hash,328,True
BenchmarkTest01654,src/main/java/org/owasp/benchmark/testcode/BenchmarkTest01654.java,hash,328,True
BenchmarkTest01655,src/main/java/org/owasp/benchmark/testcode/BenchmarkTest01655.java,hash,328,False
BenchmarkTest01656,src/main/java/org/owasp/benchmark/testcode/BenchmarkTest01656.java,hash,328,False
BenchmarkTest01657,src/main/java/org/owasp/benchmark/testcode/BenchmarkTest01657.java,xss,79,True
BenchmarkTest01658,src/main/java/org/owasp/benchmark/testcode/BenchmarkTest01658.java,xss,79,True
BenchmarkTest01659,src/main/java/org/owasp/benchmark/testcode/BenchmarkTest01659.java,xss,79,False
BenchmarkTest01660,src/main/java/org/owasp/benchmark/testcode/BenchmarkTest01660.java,xss,79,True
BenchmarkTest01661,src/main/java/org/owasp/benchmark/testcode/BenchmarkTest01661.java,xss,79,False
BenchmarkTest01662,src/main/java/org/owasp/benchmark/testcode/BenchmarkTest01662.java,xss,79,True
BenchmarkTest01663,src/main/java/org/owasp/benchmark/testcode/BenchmarkTest01663.java,xss,79,False
BenchmarkTest01664,src/main/java/org/owasp/benchmark/testcode/BenchmarkTest01664.java,xss,79,False
BenchmarkTest01665,src/main/java/org/owasp/benchmark/testcode/BenchmarkTest01665.java,xss,79,True
BenchmarkTest01666,src/main/java/org/owasp/benchmark/testcode/BenchmarkTest01666.java,xss,79,True
BenchmarkTest01667,src/main/java/org/owasp/benchmark/testcode/BenchmarkTest01667.java,xss,79,True
BenchmarkTest01668,src/main/java/org/owasp/benchmark/testcode/BenchmarkTest01668.java,xss,79,False
BenchmarkTest01669,src/main/java/org/owasp/benchmark/testcode/BenchmarkTest01669.java,xss,79,False
BenchmarkTest01670,src/main/java/org/owasp/benchmark/testcode/BenchmarkTest01670.java,xss,79,True
BenchmarkTest01671,src/main/java/org/owasp/benchmark/testcode/BenchmarkTest01671.java,xss,79,False
BenchmarkTest01672,src/main/java/org/owasp/benchmark/testcode/BenchmarkTest01672.java,cmdi,78,False
BenchmarkTest01673,src/main/java/org/owasp/benchmark/testcode/BenchmarkTest01673.java,cmdi,78,True
BenchmarkTest01674,src/main/java/org/owasp/benchmark/testcode/BenchmarkTest01674.java,cmdi,78,True
BenchmarkTest01675,src/main/java/org/owasp/benchmark/testcode/BenchmarkTest01675.java,weakrand,330,True
BenchmarkTest01676,src/main/java/org/owasp/benchmark/testcode/BenchmarkTest01676.java,weakrand,330,True
BenchmarkTest01677,src/main/java/org/owasp/benchmark/testcode/BenchmarkTest01677.java,weakrand,330,True
BenchmarkTest01678,src/main/java/org/owasp/benchmark/testcode/BenchmarkTest01678.java,weakrand,330,True
BenchmarkTest01679,src/main/java/org/owasp/benchmark/testcode/BenchmarkTest01679.java,weakrand,330,True
BenchmarkTest01680,src/main/java/org/owasp/benchmark/testcode/BenchmarkTest01680.java,weakrand,330,True
BenchmarkTest01681,src/main/java/org/owasp/benchmark/testcode/BenchmarkTest01681.java,weakrand,330,True
BenchmarkTest01682,src/main/java/org/owasp/benchmark/testcode/BenchmarkTest01682.java,securecookie,614,True
BenchmarkTest01683,src/main/java/org/owasp/benchmark/testcode/BenchmarkTest01683.java,securecookie,614,True
BenchmarkTest01684,src/main/java/org/owasp/benchmark/testcode/BenchmarkTest01684.java,securecookie,614,False
BenchmarkTest01685,src/main/java/org/owasp/benchmark/testcode/BenchmarkTest01685.java,cmdi,78,True
BenchmarkTest01686,src/main/java/org/owasp/benchmark/testcode/BenchmarkTest01686.java,cmdi,78,False
BenchmarkTest01687,src/main/java/org/owasp/benchmark/testcode/BenchmarkTest01687.java,cmdi,78,False
BenchmarkTest01688,src/main/java/org/owasp/benchmark/testcode/BenchmarkTest01688.java,cmdi,78,False
BenchmarkTest01689,src/main/java/org/owasp/benchmark/testcode/BenchmarkTest01689.java,cmdi,78,True
BenchmarkTest01690,src/main/java/org/owasp/benchmark/testcode/BenchmarkTest01690.java,cmdi,78,True
BenchmarkTest01691,src/main/java/org/owasp/benchmark/testcode/BenchmarkTest01691.java,cmdi,78,True
BenchmarkTest01692,src/main/java/org/owasp/benchmark/testcode/BenchmarkTest01692.java,cmdi,78,False
BenchmarkTest01693,src/main/java/org/owasp/benchmark/testcode/BenchmarkTest01693.java,cmdi,78,False
BenchmarkTest01694,src/main/java/org/owasp/benchmark/testcode/BenchmarkTest01694.java,weakrand,330,False
BenchmarkTest01695,src/main/java/org/owasp/benchmark/testcode/BenchmarkTest01695.java,weakrand,330,False
BenchmarkTest01696,src/main/java/org/owasp/benchmark/testcode/BenchmarkTest01696.java,weakrand,330,False
BenchmarkTest01697,src/main/java/org/owasp/benchmark/testcode/BenchmarkTest01697.java,weakrand,330,False
BenchmarkTest01698,src/main/java/org/owasp/benchmark/testcode/BenchmarkTest01698.java,weakrand,330,False
BenchmarkTest01699,src/main/java/org/owasp/benchmark/testcode/BenchmarkTest01699.java,weakrand,330,False
BenchmarkTest01700,src/main/java/org/owasp/benchmark/testcode/BenchmarkTest01700.java,weakrand,330,False
BenchmarkTest01701,src/main/java/org/owasp/benchmark/testcode/BenchmarkTest01701.java,weakrand,330,False
BenchmarkTest01702,src/main/java/org/owasp/benchmark/testcode/BenchmarkTest01702.java,weakrand,330,False
BenchmarkTest01703,src/main/java/org/owasp/benchmark/testcode/BenchmarkTest01703.java,weakrand,330,False
BenchmarkTest01704,src/main/java/org/owasp/benchmark/testcode/BenchmarkTest01704.java,weakrand,330,False
BenchmarkTest01705,src/main/java/org/owasp/benchmark/testcode/BenchmarkTest01705.java,weakrand,330,False
BenchmarkTest01706,src/main/java/org/owasp/benchmark/testcode/BenchmarkTest01706.java,weakrand,330,False
BenchmarkTest01707,src/main/java/org/owasp/benchmark/testcode/BenchmarkTest01707.java,weakrand,330,False
BenchmarkTest01708,src/main/java/org/owasp/benchmark/testcode/BenchmarkTest01708.java,trustbound,501,True
BenchmarkTest01709,src/main/java/org/owasp/benchmark/testcode/BenchmarkTest01709.java,trustbound,501,True
BenchmarkTest01710,src/main/java/org/owasp/benchmark/testcode/BenchmarkTest01710.java,trustbound,501,True
BenchmarkTest01711,src/main/java/org/owasp/benchmark/testcode/BenchmarkTest01711.java,trustbound,501,True
BenchmarkTest01712,src/main/java/org/owasp/benchmark/testcode/BenchmarkTest01712.java,sqli,89,True
BenchmarkTest01713,src/main/java/org/owasp/benchmark/testcode/BenchmarkTest01713.java,sqli,89,False
BenchmarkTest01714,src/main/java/org/owasp/benchmark/testcode/BenchmarkTest01714.java,sqli,89,False
BenchmarkTest01715,src/main/java/org/owasp/benchmark/testcode/BenchmarkTest01715.java,sqli,89,True
BenchmarkTest01716,src/main/java/org/owasp/benchmark/testcode/BenchmarkTest01716.java,sqli,89,True
BenchmarkTest01717,src/main/java/org/owasp/benchmark/testcode/BenchmarkTest01717.java,sqli,89,False
BenchmarkTest01718,src/main/java/org/owasp/benchmark/testcode/BenchmarkTest01718.java,sqli,89,True
BenchmarkTest01719,src/main/java/org/owasp/benchmark/testcode/BenchmarkTest01719.java,sqli,89,False
BenchmarkTest01720,src/main/java/org/owasp/benchmark/testcode/BenchmarkTest01720.java,sqli,89,True
BenchmarkTest01721,src/main/java/org/owasp/benchmark/testcode/BenchmarkTest01721.java,sqli,89,True
BenchmarkTest01722,src/main/java/org/owasp/benchmark/testcode/BenchmarkTest01722.java,sqli,89,False
BenchmarkTest01723,src/main/java/org/owasp/benchmark/testcode/BenchmarkTest01723.java,sqli,89,True
BenchmarkTest01724,src/main/java/org/owasp/benchmark/testcode/BenchmarkTest01724.java,sqli,89,True
BenchmarkTest01725,src/main/java/org/owasp/benchmark/testcode/BenchmarkTest01725.java,sqli,89,True
BenchmarkTest01726,src/main/java/org/owasp/benchmark/testcode/BenchmarkTest01726.java,sqli,89,True
BenchmarkTest01727,src/main/java/org/owasp/benchmark/testcode/BenchmarkTest01727.java,sqli,89,True
BenchmarkTest01728,src/main/java/org/owasp/benchmark/testcode/BenchmarkTest01728.java,sqli,89,True
BenchmarkTest01729,src/main/java/org/owasp/benchmark/testcode/BenchmarkTest01729.java,sqli,89,False
BenchmarkTest01730,src/main/java/org/owasp/benchmark/testcode/BenchmarkTest01730.java,sqli,89,True
BenchmarkTest01731,src/main/java/org/owasp/benchmark/testcode/BenchmarkTest01731.java,sqli,89,True
BenchmarkTest01732,src/main/java/org/owasp/benchmark/testcode/BenchmarkTest01732.java,sqli,89,False
BenchmarkTest01733,src/main/java/org/owasp/benchmark/testcode/BenchmarkTest01733.java,sqli,89,True
BenchmarkTest01734,src/main/java/org/owasp/benchmark/testcode/BenchmarkTest01734.java,xpathi,643,True
BenchmarkTest01735,src/main/java/org/owasp/benchmark/testcode/BenchmarkTest01735.java,xpathi,643,False
BenchmarkTest01736,src/main/java/org/owasp/benchmark/testcode/BenchmarkTest01736.java,xpathi,643,True
BenchmarkTest01737,src/main/java/org/owasp/benchmark/testcode/BenchmarkTest01737.java,crypto,327,False
BenchmarkTest01738,src/main/java/org/owasp/benchmark/testcode/BenchmarkTest01738.java,crypto,327,False
BenchmarkTest01739,src/main/java/org/owasp/benchmark/testcode/BenchmarkTest01739.java,crypto,327,False
BenchmarkTest01740,src/main/java/org/owasp/benchmark/testcode/BenchmarkTest01740.java,crypto,327,True
BenchmarkTest01741,src/main/java/org/owasp/benchmark/testcode/BenchmarkTest01741.java,crypto,327,True
BenchmarkTest01742,src/main/java/org/owasp/benchmark/testcode/BenchmarkTest01742.java,crypto,327,True
BenchmarkTest01743,src/main/java/org/owasp/benchmark/testcode/BenchmarkTest01743.java,ldapi,90,False
BenchmarkTest01744,src/main/java/org/owasp/benchmark/testcode/BenchmarkTest01744.java,pathtraver,22,False
BenchmarkTest01745,src/main/java/org/owasp/benchmark/testcode/BenchmarkTest01745.java,pathtraver,22,False
BenchmarkTest01746,src/main/java/org/owasp/benchmark/testcode/BenchmarkTest01746.java,pathtraver,22,False
BenchmarkTest01747,src/main/java/org/owasp/benchmark/testcode/BenchmarkTest01747.java,pathtraver,22,False
BenchmarkTest01748,src/main/java/org/owasp/benchmark/testcode/BenchmarkTest01748.java,pathtraver,22,False
BenchmarkTest01749,src/main/java/org/owasp/benchmark/testcode/BenchmarkTest01749.java,pathtraver,22,False
BenchmarkTest01750,src/main/java/org/owasp/benchmark/testcode/BenchmarkTest01750.java,pathtraver,22,False
BenchmarkTest01751,src/main/java/org/owasp/benchmark/testcode/BenchmarkTest01751.java,pathtraver,22,False
BenchmarkTest01752,src/main/java/org/owasp/benchmark/testcode/BenchmarkTest01752.java,pathtraver,22,False
BenchmarkTest01753,src/main/java/org/owasp/benchmark/testcode/BenchmarkTest01753.java,ldapi,90,False
BenchmarkTest01754,src/main/java/org/owasp/benchmark/testcode/BenchmarkTest01754.java,ldapi,90,False
BenchmarkTest01755,src/main/java/org/owasp/benchmark/testcode/BenchmarkTest01755.java,ldapi,90,False
BenchmarkTest01756,src/main/java/org/owasp/benchmark/testcode/BenchmarkTest01756.java,ldapi,90,False
BenchmarkTest01757,src/main/java/org/owasp/benchmark/testcode/BenchmarkTest01757.java,hash,328,True
BenchmarkTest01758,src/main/java/org/owasp/benchmark/testcode/BenchmarkTest01758.java,hash,328,False
BenchmarkTest01759,src/main/java/org/owasp/benchmark/testcode/BenchmarkTest01759.java,hash,328,False
BenchmarkTest01760,src/main/java/org/owasp/benchmark/testcode/BenchmarkTest01760.java,hash,328,False
BenchmarkTest01761,src/main/java/org/owasp/benchmark/testcode/BenchmarkTest01761.java,hash,328,True
BenchmarkTest01762,src/main/java/org/owasp/benchmark/testcode/BenchmarkTest01762.java,hash,328,False
BenchmarkTest01763,src/main/java/org/owasp/benchmark/testcode/BenchmarkTest01763.java,hash,328,False
BenchmarkTest01764,src/main/java/org/owasp/benchmark/testcode/BenchmarkTest01764.java,hash,328,False
BenchmarkTest01765,src/main/java/org/owasp/benchmark/testcode/BenchmarkTest01765.java,hash,328,True
BenchmarkTest01766,src/main/java/org/owasp/benchmark/testcode/BenchmarkTest01766.java,hash,328,True
BenchmarkTest01767,src/main/java/org/owasp/benchmark/testcode/BenchmarkTest01767.java,xss,79,False
BenchmarkTest01768,src/main/java/org/owasp/benchmark/testcode/BenchmarkTest01768.java,xss,79,False
BenchmarkTest01769,src/main/java/org/owasp/benchmark/testcode/BenchmarkTest01769.java,xss,79,False
BenchmarkTest01770,src/main/java/org/owasp/benchmark/testcode/BenchmarkTest01770.java,xss,79,False
BenchmarkTest01771,src/main/java/org/owasp/benchmark/testcode/BenchmarkTest01771.java,xss,79,False
BenchmarkTest01772,src/main/java/org/owasp/benchmark/testcode/BenchmarkTest01772.java,xss,79,False
BenchmarkTest01773,src/main/java/org/owasp/benchmark/testcode/BenchmarkTest01773.java,xss,79,False
BenchmarkTest01774,src/main/java/org/owasp/benchmark/testcode/BenchmarkTest01774.java,xss,79,False
BenchmarkTest01775,src/main/java/org/owasp/benchmark/testcode/BenchmarkTest01775.java,xss,79,False
BenchmarkTest01776,src/main/java/org/owasp/benchmark/testcode/BenchmarkTest01776.java,xss,79,False
BenchmarkTest01777,src/main/java/org/owasp/benchmark/testcode/BenchmarkTest01777.java,xss,79,False
BenchmarkTest01778,src/main/java/org/owasp/benchmark/testcode/BenchmarkTest01778.java,cmdi,78,False
BenchmarkTest01779,src/main/java/org/owasp/benchmark/testcode/BenchmarkTest01779.java,cmdi,78,False
BenchmarkTest01780,src/main/java/org/owasp/benchmark/testcode/BenchmarkTest01780.java,cmdi,78,False
BenchmarkTest01781,src/main/java/org/owasp/benchmark/testcode/BenchmarkTest01781.java,weakrand,330,True
BenchmarkTest01782,src/main/java/org/owasp/benchmark/testcode/BenchmarkTest01782.java,weakrand,330,True
BenchmarkTest01783,src/main/java/org/owasp/benchmark/testcode/BenchmarkTest01783.java,weakrand,330,True
BenchmarkTest01784,src/main/java/org/owasp/benchmark/testcode/BenchmarkTest01784.java,weakrand,330,True
BenchmarkTest01785,src/main/java/org/owasp/benchmark/testcode/BenchmarkTest01785.java,weakrand,330,True
BenchmarkTest01786,src/main/java/org/owasp/benchmark/testcode/BenchmarkTest01786.java,weakrand,330,True
BenchmarkTest01787,src/main/java/org/owasp/benchmark/testcode/BenchmarkTest01787.java,weakrand,330,True
BenchmarkTest01788,src/main/java/org/owasp/benchmark/testcode/BenchmarkTest01788.java,weakrand,330,True
BenchmarkTest01789,src/main/java/org/owasp/benchmark/testcode/BenchmarkTest01789.java,securecookie,614,True
BenchmarkTest01790,src/main/java/org/owasp/benchmark/testcode/BenchmarkTest01790.java,xss,79,False
BenchmarkTest01791,src/main/java/org/owasp/benchmark/testcode/BenchmarkTest01791.java,cmdi,78,False
BenchmarkTest01792,src/main/java/org/owasp/benchmark/testcode/BenchmarkTest01792.java,cmdi,78,False
BenchmarkTest01793,src/main/java/org/owasp/benchmark/testcode/BenchmarkTest01793.java,cmdi,78,False
BenchmarkTest01794,src/main/java/org/owasp/benchmark/testcode/BenchmarkTest01794.java,cmdi,78,False
BenchmarkTest01795,src/main/java/org/owasp/benchmark/testcode/BenchmarkTest01795.java,cmdi,78,False
BenchmarkTest01796,src/main/java/org/owasp/benchmark/testcode/BenchmarkTest01796.java,cmdi,78,False
BenchmarkTest01797,src/main/java/org/owasp/benchmark/testcode/BenchmarkTest01797.java,weakrand,330,False
BenchmarkTest01798,src/main/java/org/owasp/benchmark/testcode/BenchmarkTest01798.java,weakrand,330,False
BenchmarkTest01799,src/main/java/org/owasp/benchmark/testcode/BenchmarkTest01799.java,weakrand,330,False
BenchmarkTest01800,src/main/java/org/owasp/benchmark/testcode/BenchmarkTest01800.java,weakrand,330,False
BenchmarkTest01801,src/main/java/org/owasp/benchmark/testcode/BenchmarkTest01801.java,weakrand,330,False
BenchmarkTest01802,src/main/java/org/owasp/benchmark/testcode/BenchmarkTest01802.java,trustbound,501,False
BenchmarkTest01803,src/main/java/org/owasp/benchmark/testcode/BenchmarkTest01803.java,sqli,89,False
BenchmarkTest01804,src/main/java/org/owasp/benchmark/testcode/BenchmarkTest01804.java,sqli,89,False
BenchmarkTest01805,src/main/java/org/owasp/benchmark/testcode/BenchmarkTest01805.java,sqli,89,False
BenchmarkTest01806,src/main/java/org/owasp/benchmark/testcode/BenchmarkTest01806.java,sqli,89,False
BenchmarkTest01807,src/main/java/org/owasp/benchmark/testcode/BenchmarkTest01807.java,sqli,89,False
BenchmarkTest01808,src/main/java/org/owasp/benchmark/testcode/BenchmarkTest01808.java,sqli,89,False
BenchmarkTest01809,src/main/java/org/owasp/benchmark/testcode/BenchmarkTest01809.java,sqli,89,False
BenchmarkTest01810,src/main/java/org/owasp/benchmark/testcode/BenchmarkTest01810.java,sqli,89,False
BenchmarkTest01811,src/main/java/org/owasp/benchmark/testcode/BenchmarkTest01811.java,sqli,89,False
BenchmarkTest01812,src/main/java/org/owasp/benchmark/testcode/BenchmarkTest01812.java,sqli,89,False
BenchmarkTest01813,src/main/java/org/owasp/benchmark/testcode/BenchmarkTest01813.java,sqli,89,False
BenchmarkTest01814,src/main/java/org/owasp/benchmark/testcode/BenchmarkTest01814.java,sqli,89,False
BenchmarkTest01815,src/main/java/org/owasp/benchmark/testcode/BenchmarkTest01815.java,sqli,89,False
BenchmarkTest01816,src/main/java/org/owasp/benchmark/testcode/BenchmarkTest01816.java,sqli,89,False
BenchmarkTest01817,src/main/java/org/owasp/benchmark/testcode/BenchmarkTest01817.java,sqli,89,False
BenchmarkTest01818,src/main/java/org/owasp/benchmark/testcode/BenchmarkTest01818.java,sqli,89,False
BenchmarkTest01819,src/main/java/org/owasp/benchmark/testcode/BenchmarkTest01819.java,sqli,89,False
BenchmarkTest01820,src/main/java/org/owasp/benchmark/testcode/BenchmarkTest01820.java,sqli,89,False
BenchmarkTest01821,src/main/java/org/owasp/benchmark/testcode/BenchmarkTest01821.java,xpathi,643,False
BenchmarkTest01822,src/main/java/org/owasp/benchmark/testcode/BenchmarkTest01822.java,crypto,327,True
BenchmarkTest01823,src/main/java/org/owasp/benchmark/testcode/BenchmarkTest01823.java,crypto,327,True
BenchmarkTest01824,src/main/java/org/owasp/benchmark/testcode/BenchmarkTest01824.java,crypto,327,False
BenchmarkTest01825,src/main/java/org/owasp/benchmark/testcode/BenchmarkTest01825.java,crypto,327,False
BenchmarkTest01826,src/main/java/org/owasp/benchmark/testcode/BenchmarkTest01826.java,crypto,327,False
BenchmarkTest01827,src/main/java/org/owasp/benchmark/testcode/BenchmarkTest01827.java,crypto,327,False
BenchmarkTest01828,src/main/java/org/owasp/benchmark/testcode/BenchmarkTest01828.java,crypto,327,False
BenchmarkTest01829,src/main/java/org/owasp/benchmark/testcode/BenchmarkTest01829.java,crypto,327,True
BenchmarkTest01830,src/main/java/org/owasp/benchmark/testcode/BenchmarkTest01830.java,crypto,327,True
BenchmarkTest01831,src/main/java/org/owasp/benchmark/testcode/BenchmarkTest01831.java,ldapi,90,True
BenchmarkTest01832,src/main/java/org/owasp/benchmark/testcode/BenchmarkTest01832.java,ldapi,90,True
BenchmarkTest01833,src/main/java/org/owasp/benchmark/testcode/BenchmarkTest01833.java,pathtraver,22,True
BenchmarkTest01834,src/main/java/org/owasp/benchmark/testcode/BenchmarkTest01834.java,pathtraver,22,False
BenchmarkTest01835,src/main/java/org/owasp/benchmark/testcode/BenchmarkTest01835.java,pathtraver,22,True
BenchmarkTest01836,src/main/java/org/owasp/benchmark/testcode/BenchmarkTest01836.java,pathtraver,22,True
BenchmarkTest01837,src/main/java/org/owasp/benchmark/testcode/BenchmarkTest01837.java,pathtraver,22,False
BenchmarkTest01838,src/main/java/org/owasp/benchmark/testcode/BenchmarkTest01838.java,pathtraver,22,False
BenchmarkTest01839,src/main/java/org/owasp/benchmark/testcode/BenchmarkTest01839.java,pathtraver,22,True
BenchmarkTest01840,src/main/java/org/owasp/benchmark/testcode/BenchmarkTest01840.java,pathtraver,22,True
BenchmarkTest01841,src/main/java/org/owasp/benchmark/testcode/BenchmarkTest01841.java,pathtraver,22,False
BenchmarkTest01842,src/main/java/org/owasp/benchmark/testcode/BenchmarkTest01842.java,weakrand,330,True
BenchmarkTest01843,src/main/java/org/owasp/benchmark/testcode/BenchmarkTest01843.java,weakrand,330,True
BenchmarkTest01844,src/main/java/org/owasp/benchmark/testcode/BenchmarkTest01844.java,hash,328,True
BenchmarkTest01845,src/main/java/org/owasp/benchmark/testcode/BenchmarkTest01845.java,hash,328,True
BenchmarkTest01846,src/main/java/org/owasp/benchmark/testcode/BenchmarkTest01846.java,hash,328,True
BenchmarkTest01847,src/main/java/org/owasp/benchmark/testcode/BenchmarkTest01847.java,hash,328,False
BenchmarkTest01848,src/main/java/org/owasp/benchmark/testcode/BenchmarkTest01848.java,hash,328,False
BenchmarkTest01849,src/main/java/org/owasp/benchmark/testcode/BenchmarkTest01849.java,hash,328,False
BenchmarkTest01850,src/main/java/org/owasp/benchmark/testcode/BenchmarkTest01850.java,cmdi,78,True
BenchmarkTest01851,src/main/java/org/owasp/benchmark/testcode/BenchmarkTest01851.java,cmdi,78,True
BenchmarkTest01852,src/main/java/org/owasp/benchmark/testcode/BenchmarkTest01852.java,cmdi,78,True
BenchmarkTest01853,src/main/java/org/owasp/benchmark/testcode/BenchmarkTest01853.java,weakrand,330,True
BenchmarkTest01854,src/main/java/org/owasp/benchmark/testcode/BenchmarkTest01854.java,weakrand,330,True
BenchmarkTest01855,src/main/java/org/owasp/benchmark/testcode/BenchmarkTest01855.java,weakrand,330,True
BenchmarkTest01856,src/main/java/org/owasp/benchmark/testcode/BenchmarkTest01856.java,weakrand,330,True
BenchmarkTest01857,src/main/java/org/owasp/benchmark/testcode/BenchmarkTest01857.java,weakrand,330,True
BenchmarkTest01858,src/main/java/org/owasp/benchmark/testcode/BenchmarkTest01858.java,weakrand,330,True
BenchmarkTest01859,src/main/java/org/owasp/benchmark/testcode/BenchmarkTest01859.java,weakrand,330,True
BenchmarkTest01860,src/main/java/org/owasp/benchmark/testcode/BenchmarkTest01860.java,weakrand,330,True
BenchmarkTest01861,src/main/java/org/owasp/benchmark/testcode/BenchmarkTest01861.java,securecookie,614,True
BenchmarkTest01862,src/main/java/org/owasp/benchmark/testcode/BenchmarkTest01862.java,securecookie,614,False
BenchmarkTest01863,src/main/java/org/owasp/benchmark/testcode/BenchmarkTest01863.java,securecookie,614,False
BenchmarkTest01864,src/main/java/org/owasp/benchmark/testcode/BenchmarkTest01864.java,cmdi,78,True
BenchmarkTest01865,src/main/java/org/owasp/benchmark/testcode/BenchmarkTest01865.java,cmdi,78,False
BenchmarkTest01866,src/main/java/org/owasp/benchmark/testcode/BenchmarkTest01866.java,weakrand,330,False
BenchmarkTest01867,src/main/java/org/owasp/benchmark/testcode/BenchmarkTest01867.java,weakrand,330,False
BenchmarkTest01868,src/main/java/org/owasp/benchmark/testcode/BenchmarkTest01868.java,weakrand,330,False
BenchmarkTest01869,src/main/java/org/owasp/benchmark/testcode/BenchmarkTest01869.java,weakrand,330,False
BenchmarkTest01870,src/main/java/org/owasp/benchmark/testcode/BenchmarkTest01870.java,weakrand,330,False
BenchmarkTest01871,src/main/java/org/owasp/benchmark/testcode/BenchmarkTest01871.java,weakrand,330,False
BenchmarkTest01872,src/main/java/org/owasp/benchmark/testcode/BenchmarkTest01872.java,trustbound,501,True
BenchmarkTest01873,src/main/java/org/owasp/benchmark/testcode/BenchmarkTest01873.java,trustbound,501,False
BenchmarkTest01874,src/main/java/org/owasp/benchmark/testcode/BenchmarkTest01874.java,trustbound,501,True
BenchmarkTest01875,src/main/java/org/owasp/benchmark/testcode/BenchmarkTest01875.java,trustbound,501,True
BenchmarkTest01876,src/main/java/org/owasp/benchmark/testcode/BenchmarkTest01876.java,trustbound,501,True
BenchmarkTest01877,src/main/java/org/owasp/benchmark/testcode/BenchmarkTest01877.java,sqli,89,False
BenchmarkTest01878,src/main/java/org/owasp/benchmark/testcode/BenchmarkTest01878.java,sqli,89,False
BenchmarkTest01879,src/main/java/org/owasp/benchmark/testcode/BenchmarkTest01879.java,sqli,89,False
BenchmarkTest01880,src/main/java/org/owasp/benchmark/testcode/BenchmarkTest01880.java,sqli,89,False
BenchmarkTest01881,src/main/java/org/owasp/benchmark/testcode/BenchmarkTest01881.java,sqli,89,True
BenchmarkTest01882,src/main/java/org/owasp/benchmark/testcode/BenchmarkTest01882.java,sqli,89,True
BenchmarkTest01883,src/main/java/org/owasp/benchmark/testcode/BenchmarkTest01883.java,sqli,89,True
BenchmarkTest01884,src/main/java/org/owasp/benchmark/testcode/BenchmarkTest01884.java,sqli,89,False
BenchmarkTest01885,src/main/java/org/owasp/benchmark/testcode/BenchmarkTest01885.java,sqli,89,False
BenchmarkTest01886,src/main/java/org/owasp/benchmark/testcode/BenchmarkTest01886.java,sqli,89,False
BenchmarkTest01887,src/main/java/org/owasp/benchmark/testcode/BenchmarkTest01887.java,sqli,89,True
BenchmarkTest01888,src/main/java/org/owasp/benchmark/testcode/BenchmarkTest01888.java,sqli,89,True
BenchmarkTest01889,src/main/java/org/owasp/benchmark/testcode/BenchmarkTest01889.java,sqli,89,True
BenchmarkTest01890,src/main/java/org/owasp/benchmark/testcode/BenchmarkTest01890.java,sqli,89,True
BenchmarkTest01891,src/main/java/org/owasp/benchmark/testcode/BenchmarkTest01891.java,sqli,89,True
BenchmarkTest01892,src/main/java/org/owasp/benchmark/testcode/BenchmarkTest01892.java,xpathi,643,True
BenchmarkTest01893,src/main/java/org/owasp/benchmark/testcode/BenchmarkTest01893.java,xpathi,643,False
BenchmarkTest01894,src/main/java/org/owasp/benchmark/testcode/BenchmarkTest01894.java,xpathi,643,True
BenchmarkTest01895,src/main/java/org/owasp/benchmark/testcode/BenchmarkTest01895.java,crypto,327,True
BenchmarkTest01896,src/main/java/org/owasp/benchmark/testcode/BenchmarkTest01896.java,crypto,327,False
BenchmarkTest01897,src/main/java/org/owasp/benchmark/testcode/BenchmarkTest01897.java,crypto,327,True
BenchmarkTest01898,src/main/java/org/owasp/benchmark/testcode/BenchmarkTest01898.java,crypto,327,True
BenchmarkTest01899,src/main/java/org/owasp/benchmark/testcode/BenchmarkTest01899.java,crypto,327,False
BenchmarkTest01900,src/main/java/org/owasp/benchmark/testcode/BenchmarkTest01900.java,crypto,327,True
BenchmarkTest01901,src/main/java/org/owasp/benchmark/testcode/BenchmarkTest01901.java,crypto,327,False
BenchmarkTest01902,src/main/java/org/owasp/benchmark/testcode/BenchmarkTest01902.java,ldapi,90,True
BenchmarkTest01903,src/main/java/org/owasp/benchmark/testcode/BenchmarkTest01903.java,ldapi,90,False
BenchmarkTest01904,src/main/java/org/owasp/benchmark/testcode/BenchmarkTest01904.java,pathtraver,22,True
BenchmarkTest01905,src/main/java/org/owasp/benchmark/testcode/BenchmarkTest01905.java,pathtraver,22,False
BenchmarkTest01906,src/main/java/org/owasp/benchmark/testcode/BenchmarkTest01906.java,pathtraver,22,True
BenchmarkTest01907,src/main/java/org/owasp/benchmark/testcode/BenchmarkTest01907.java,pathtraver,22,True
BenchmarkTest01908,src/main/java/org/owasp/benchmark/testcode/BenchmarkTest01908.java,pathtraver,22,True
BenchmarkTest01909,src/main/java/org/owasp/benchmark/testcode/BenchmarkTest01909.java,ldapi,90,False
BenchmarkTest01910,src/main/java/org/owasp/benchmark/testcode/BenchmarkTest01910.java,weakrand,330,True
BenchmarkTest01911,src/main/java/org/owasp/benchmark/testcode/BenchmarkTest01911.java,hash,328,True
BenchmarkTest01912,src/main/java/org/owasp/benchmark/testcode/BenchmarkTest01912.java,hash,328,False
BenchmarkTest01913,src/main/java/org/owasp/benchmark/testcode/BenchmarkTest01913.java,hash,328,False
BenchmarkTest01914,src/main/java/org/owasp/benchmark/testcode/BenchmarkTest01914.java,xss,79,False
BenchmarkTest01915,src/main/java/org/owasp/benchmark/testcode/BenchmarkTest01915.java,xss,79,False
BenchmarkTest01916,src/main/java/org/owasp/benchmark/testcode/BenchmarkTest01916.java,xss,79,True
BenchmarkTest01917,src/main/java/org/owasp/benchmark/testcode/BenchmarkTest01917.java,xss,79,False
BenchmarkTest01918,src/main/java/org/owasp/benchmark/testcode/BenchmarkTest01918.java,xss,79,False
BenchmarkTest01919,src/main/java/org/owasp/benchmark/testcode/BenchmarkTest01919.java,xss,79,True
BenchmarkTest01920,src/main/java/org/owasp/benchmark/testcode/BenchmarkTest01920.java,xss,79,True
BenchmarkTest01921,src/main/java/org/owasp/benchmark/testcode/BenchmarkTest01921.java,xss,79,True
BenchmarkTest01922,src/main/java/org/owasp/benchmark/testcode/BenchmarkTest01922.java,xss,79,True
BenchmarkTest01923,src/main/java/org/owasp/benchmark/testcode/BenchmarkTest01923.java,xss,79,True
BenchmarkTest01924,src/main/java/org/owasp/benchmark/testcode/BenchmarkTest01924.java,xss,79,False
BenchmarkTest01925,src/main/java/org/owasp/benchmark/testcode/BenchmarkTest01925.java,xss,79,True
BenchmarkTest01926,src/main/java/org/owasp/benchmark/testcode/BenchmarkTest01926.java,xss,79,True
BenchmarkTest01927,src/main/java/org/owasp/benchmark/testcode/BenchmarkTest01927.java,xss,79,True
BenchmarkTest01928,src/main/java/org/owasp/benchmark/testcode/BenchmarkTest01928.java,cmdi,78,True
BenchmarkTest01929,src/main/java/org/owasp/benchmark/testcode/BenchmarkTest01929.java,cmdi,78,True
BenchmarkTest01930,src/main/java/org/owasp/benchmark/testcode/BenchmarkTest01930.java,weakrand,330,True
BenchmarkTest01931,src/main/java/org/owasp/benchmark/testcode/BenchmarkTest01931.java,weakrand,330,True
BenchmarkTest01932,src/main/java/org/owasp/benchmark/testcode/BenchmarkTest01932.java,weakrand,330,True
BenchmarkTest01933,src/main/java/org/owasp/benchmark/testcode/BenchmarkTest01933.java,weakrand,330,True
BenchmarkTest01934,src/main/java/org/owasp/benchmark/testcode/BenchmarkTest01934.java,weakrand,330,True
BenchmarkTest01935,src/main/java/org/owasp/benchmark/testcode/BenchmarkTest01935.java,securecookie,614,False
BenchmarkTest01936,src/main/java/org/owasp/benchmark/testcode/BenchmarkTest01936.java,cmdi,78,True
BenchmarkTest01937,src/main/java/org/owasp/benchmark/testcode/BenchmarkTest01937.java,cmdi,78,False
BenchmarkTest01938,src/main/java/org/owasp/benchmark/testcode/BenchmarkTest01938.java,cmdi,78,True
BenchmarkTest01939,src/main/java/org/owasp/benchmark/testcode/BenchmarkTest01939.java,cmdi,78,False
BenchmarkTest01940,src/main/java/org/owasp/benchmark/testcode/BenchmarkTest01940.java,cmdi,78,True
BenchmarkTest01941,src/main/java/org/owasp/benchmark/testcode/BenchmarkTest01941.java,cmdi,78,False
BenchmarkTest01942,src/main/java/org/owasp/benchmark/testcode/BenchmarkTest01942.java,cmdi,78,True
BenchmarkTest01943,src/main/java/org/owasp/benchmark/testcode/BenchmarkTest01943.java,cmdi,78,False
BenchmarkTest01944,src/main/java/org/owasp/benchmark/testcode/BenchmarkTest01944.java,cmdi,78,True
BenchmarkTest01945,src/main/java/org/owasp/benchmark/testcode/BenchmarkTest01945.java,weakrand,330,False
BenchmarkTest01946,src/main/java/org/owasp/benchmark/testcode/BenchmarkTest01946.java,weakrand,330,False
BenchmarkTest01947,src/main/java/org/owasp/benchmark/testcode/BenchmarkTest01947.java,weakrand,330,False
BenchmarkTest01948,src/main/java/org/owasp/benchmark/testcode/BenchmarkTest01948.java,weakrand,330,False
BenchmarkTest01949,src/main/java/org/owasp/benchmark/testcode/BenchmarkTest01949.java,weakrand,330,False
BenchmarkTest01950,src/main/java/org/owasp/benchmark/testcode/BenchmarkTest01950.java,weakrand,330,False
BenchmarkTest01951,src/main/java/org/owasp/benchmark/testcode/BenchmarkTest01951.java,weakrand,330,False
BenchmarkTest01952,src/main/java/org/owasp/benchmark/testcode/BenchmarkTest01952.java,weakrand,330,False
BenchmarkTest01953,src/main/java/org/owasp/benchmark/testcode/BenchmarkTest01953.java,weakrand,330,False
BenchmarkTest01954,src/main/java/org/owasp/benchmark/testcode/BenchmarkTest01954.java,weakrand,330,False
BenchmarkTest01955,src/main/java/org/owasp/benchmark/testcode/BenchmarkTest01955.java,trustbound,501,True
BenchmarkTest01956,src/main/java/org/owasp/benchmark/testcode/BenchmarkTest01956.java,trustbound,501,False
BenchmarkTest01957,src/main/java/org/owasp/benchmark/testcode/BenchmarkTest01957.java,trustbound,501,False
BenchmarkTest01958,src/main/java/org/owasp/benchmark/testcode/BenchmarkTest01958.java,trustbound,501,True
BenchmarkTest01959,src/main/java/org/owasp/benchmark/testcode/BenchmarkTest01959.java,trustbound,501,False
BenchmarkTest01960,src/main/java/org/owasp/benchmark/testcode/BenchmarkTest01960.java,trustbound,501,True
BenchmarkTest01961,src/main/java/org/owasp/benchmark/testcode/BenchmarkTest01961.java,sqli,89,False
BenchmarkTest01962,src/main/java/org/owasp/benchmark/testcode/BenchmarkTest01962.java,sqli,89,True
BenchmarkTest01963,src/main/java/org/owasp/benchmark/testcode/BenchmarkTest01963.java,sqli,89,True
BenchmarkTest01964,src/main/java/org/owasp/benchmark/testcode/BenchmarkTest01964.java,sqli,89,True
BenchmarkTest01965,src/main/java/org/owasp/benchmark/testcode/BenchmarkTest01965.java,sqli,89,False
BenchmarkTest01966,src/main/java/org/owasp/benchmark/testcode/BenchmarkTest01966.java,sqli,89,False
BenchmarkTest01967,src/main/java/org/owasp/benchmark/testcode/BenchmarkTest01967.java,sqli,89,False
BenchmarkTest01968,src/main/java/org/owasp/benchmark/testcode/BenchmarkTest01968.java,sqli,89,False
BenchmarkTest01969,src/main/java/org/owasp/benchmark/testcode/BenchmarkTest01969.java,sqli,89,False
BenchmarkTest01970,src/main/java/org/owasp/benchmark/testcode/BenchmarkTest01970.java,sqli,89,True
BenchmarkTest01971,src/main/java/org/owasp/benchmark/testcode/BenchmarkTest01971.java,sqli,89,True
BenchmarkTest01972,src/main/java/org/owasp/benchmark/testcode/BenchmarkTest01972.java,sqli,89,True
BenchmarkTest01973,src/main/java/org/owasp/benchmark/testcode/BenchmarkTest01973.java,sqli,89,False
BenchmarkTest01974,src/main/java/org/owasp/benchmark/testcode/BenchmarkTest01974.java,xpathi,643,True
BenchmarkTest01975,src/main/java/org/owasp/benchmark/testcode/BenchmarkTest01975.java,crypto,327,False
BenchmarkTest01976,src/main/java/org/owasp/benchmark/testcode/BenchmarkTest01976.java,crypto,327,False
BenchmarkTest01977,src/main/java/org/owasp/benchmark/testcode/BenchmarkTest01977.java,crypto,327,False
BenchmarkTest01978,src/main/java/org/owasp/benchmark/testcode/BenchmarkTest01978.java,crypto,327,True
BenchmarkTest01979,src/main/java/org/owasp/benchmark/testcode/BenchmarkTest01979.java,crypto,327,False
BenchmarkTest01980,src/main/java/org/owasp/benchmark/testcode/BenchmarkTest01980.java,crypto,327,True
BenchmarkTest01981,src/main/java/org/owasp/benchmark/testcode/BenchmarkTest01981.java,crypto,327,True
BenchmarkTest01982,src/main/java/org/owasp/benchmark/testcode/BenchmarkTest01982.java,crypto,327,False
BenchmarkTest01983,src/main/java/org/owasp/benchmark/testcode/BenchmarkTest01983.java,pathtraver,22,True
BenchmarkTest01984,src/main/java/org/owasp/benchmark/testcode/BenchmarkTest01984.java,pathtraver,22,False
BenchmarkTest01985,src/main/java/org/owasp/benchmark/testcode/BenchmarkTest01985.java,pathtraver,22,True
BenchmarkTest01986,src/main/java/org/owasp/benchmark/testcode/BenchmarkTest01986.java,pathtraver,22,False
BenchmarkTest01987,src/main/java/org/owasp/benchmark/testcode/BenchmarkTest01987.java,pathtraver,22,True
BenchmarkTest01988,src/main/java/org/owasp/benchmark/testcode/BenchmarkTest01988.java,pathtraver,22,True
BenchmarkTest01989,src/main/java/org/owasp/benchmark/testcode/BenchmarkTest01989.java,pathtraver,22,True
BenchmarkTest01990,src/main/java/org/owasp/benchmark/testcode/BenchmarkTest01990.java,pathtraver,22,False
BenchmarkTest01991,src/main/java/org/owasp/benchmark/testcode/BenchmarkTest01991.java,pathtraver,22,False
BenchmarkTest01992,src/main/java/org/owasp/benchmark/testcode/BenchmarkTest01992.java,weakrand,330,True
BenchmarkTest01993,src/main/java/org/owasp/benchmark/testcode/BenchmarkTest01993.java,hash,328,False
BenchmarkTest01994,src/main/java/org/owasp/benchmark/testcode/BenchmarkTest01994.java,hash,328,False
BenchmarkTest01995,src/main/java/org/owasp/benchmark/testcode/BenchmarkTest01995.java,hash,328,False
BenchmarkTest01996,src/main/java/org/owasp/benchmark/testcode/BenchmarkTest01996.java,hash,328,True
BenchmarkTest01997,src/main/java/org/owasp/benchmark/testcode/BenchmarkTest01997.java,hash,328,True
BenchmarkTest01998,src/main/java/org/owasp/benchmark/testcode/BenchmarkTest01998.java,hash,328,False
BenchmarkTest01999,src/main/java/org/owasp/benchmark/testcode/BenchmarkTest01999.java,weakrand,330,True
BenchmarkTest02000,src/main/java/org/owasp/benchmark/testcode/BenchmarkTest02000.java,weakrand,330,True
BenchmarkTest02001,src/main/java/org/owasp/benchmark/testcode/BenchmarkTest02001.java,weakrand,330,True
BenchmarkTest02002,src/main/java/org/owasp/benchmark/testcode/BenchmarkTest02002.java,weakrand,330,True
BenchmarkTest02003,src/main/java/org/owasp/benchmark/testcode/BenchmarkTest02003.java,weakrand,330,True
BenchmarkTest02004,src/main/java/org/owasp/benchmark/testcode/BenchmarkTest02004.java,weakrand,330,True
BenchmarkTest02005,src/main/java/org/owasp/benchmark/testcode/BenchmarkTest02005.java,securecookie,614,True
BenchmarkTest02006,src/main/java/org/owasp/benchmark/testcode/BenchmarkTest02006.java,securecookie,614,False
BenchmarkTest02007,src/main/java/org/owasp/benchmark/testcode/BenchmarkTest02007.java,weakrand,330,False
BenchmarkTest02008,src/main/java/org/owasp/benchmark/testcode/BenchmarkTest02008.java,weakrand,330,False
BenchmarkTest02009,src/main/java/org/owasp/benchmark/testcode/BenchmarkTest02009.java,weakrand,330,False
BenchmarkTest02010,src/main/java/org/owasp/benchmark/testcode/BenchmarkTest02010.java,weakrand,330,False
BenchmarkTest02011,src/main/java/org/owasp/benchmark/testcode/BenchmarkTest02011.java,weakrand,330,False
BenchmarkTest02012,src/main/java/org/owasp/benchmark/testcode/BenchmarkTest02012.java,weakrand,330,False
BenchmarkTest02013,src/main/java/org/owasp/benchmark/testcode/BenchmarkTest02013.java,weakrand,330,False
BenchmarkTest02014,src/main/java/org/owasp/benchmark/testcode/BenchmarkTest02014.java,weakrand,330,False
BenchmarkTest02015,src/main/java/org/owasp/benchmark/testcode/BenchmarkTest02015.java,trustbound,501,True
BenchmarkTest02016,src/main/java/org/owasp/benchmark/testcode/BenchmarkTest02016.java,trustbound,501,True
BenchmarkTest02017,src/main/java/org/owasp/benchmark/testcode/BenchmarkTest02017.java,crypto,327,True
BenchmarkTest02018,src/main/java/org/owasp/benchmark/testcode/BenchmarkTest02018.java,crypto,327,True
BenchmarkTest02019,src/main/java/org/owasp/benchmark/testcode/BenchmarkTest02019.java,crypto,327,True
BenchmarkTest02020,src/main/java/org/owasp/benchmark/testcode/BenchmarkTest02020.java,crypto,327,True
BenchmarkTest02021,src/main/java/org/owasp/benchmark/testcode/BenchmarkTest02021.java,crypto,327,False
BenchmarkTest02022,src/main/java/org/owasp/benchmark/testcode/BenchmarkTest02022.java,crypto,327,True
BenchmarkTest02023,src/main/java/org/owasp/benchmark/testcode/BenchmarkTest02023.java,crypto,327,True
BenchmarkTest02024,src/main/java/org/owasp/benchmark/testcode/BenchmarkTest02024.java,crypto,327,False
BenchmarkTest02025,src/main/java/org/owasp/benchmark/testcode/BenchmarkTest02025.java,ldapi,90,False
BenchmarkTest02026,src/main/java/org/owasp/benchmark/testcode/BenchmarkTest02026.java,pathtraver,22,False
BenchmarkTest02027,src/main/java/org/owasp/benchmark/testcode/BenchmarkTest02027.java,pathtraver,22,True
BenchmarkTest02028,src/main/java/org/owasp/benchmark/testcode/BenchmarkTest02028.java,pathtraver,22,False
BenchmarkTest02029,src/main/java/org/owasp/benchmark/testcode/BenchmarkTest02029.java,pathtraver,22,False
BenchmarkTest02030,src/main/java/org/owasp/benchmark/testcode/BenchmarkTest02030.java,pathtraver,22,False
BenchmarkTest02031,src/main/java/org/owasp/benchmark/testcode/BenchmarkTest02031.java,pathtraver,22,False
BenchmarkTest02032,src/main/java/org/owasp/benchmark/testcode/BenchmarkTest02032.java,pathtraver,22,True
BenchmarkTest02033,src/main/java/org/owasp/benchmark/testcode/BenchmarkTest02033.java,pathtraver,22,False
BenchmarkTest02034,src/main/java/org/owasp/benchmark/testcode/BenchmarkTest02034.java,pathtraver,22,True
BenchmarkTest02035,src/main/java/org/owasp/benchmark/testcode/BenchmarkTest02035.java,pathtraver,22,False
BenchmarkTest02036,src/main/java/org/owasp/benchmark/testcode/BenchmarkTest02036.java,ldapi,90,True
BenchmarkTest02037,src/main/java/org/owasp/benchmark/testcode/BenchmarkTest02037.java,ldapi,90,True
BenchmarkTest02038,src/main/java/org/owasp/benchmark/testcode/BenchmarkTest02038.java,weakrand,330,True
BenchmarkTest02039,src/main/java/org/owasp/benchmark/testcode/BenchmarkTest02039.java,weakrand,330,True
BenchmarkTest02040,src/main/java/org/owasp/benchmark/testcode/BenchmarkTest02040.java,weakrand,330,True
BenchmarkTest02041,src/main/java/org/owasp/benchmark/testcode/BenchmarkTest02041.java,hash,328,False
BenchmarkTest02042,src/main/java/org/owasp/benchmark/testcode/BenchmarkTest02042.java,hash,328,True
BenchmarkTest02043,src/main/java/org/owasp/benchmark/testcode/BenchmarkTest02043.java,hash,328,False
BenchmarkTest02044,src/main/java/org/owasp/benchmark/testcode/BenchmarkTest02044.java,hash,328,False
BenchmarkTest02045,src/main/java/org/owasp/benchmark/testcode/BenchmarkTest02045.java,xss,79,False
BenchmarkTest02046,src/main/java/org/owasp/benchmark/testcode/BenchmarkTest02046.java,xss,79,True
BenchmarkTest02047,src/main/java/org/owasp/benchmark/testcode/BenchmarkTest02047.java,xss,79,True
BenchmarkTest02048,src/main/java/org/owasp/benchmark/testcode/BenchmarkTest02048.java,xss,79,False
BenchmarkTest02049,src/main/java/org/owasp/benchmark/testcode/BenchmarkTest02049.java,xss,79,False
BenchmarkTest02050,src/main/java/org/owasp/benchmark/testcode/BenchmarkTest02050.java,xss,79,True
BenchmarkTest02051,src/main/java/org/owasp/benchmark/testcode/BenchmarkTest02051.java,xss,79,True
BenchmarkTest02052,src/main/java/org/owasp/benchmark/testcode/BenchmarkTest02052.java,xss,79,False
BenchmarkTest02053,src/main/java/org/owasp/benchmark/testcode/BenchmarkTest02053.java,xss,79,False
BenchmarkTest02054,src/main/java/org/owasp/benchmark/testcode/BenchmarkTest02054.java,xss,79,True
BenchmarkTest02055,src/main/java/org/owasp/benchmark/testcode/BenchmarkTest02055.java,xss,79,True
BenchmarkTest02056,src/main/java/org/owasp/benchmark/testcode/BenchmarkTest02056.java,xss,79,True
BenchmarkTest02057,src/main/java/org/owasp/benchmark/testcode/BenchmarkTest02057.java,xss,79,True
BenchmarkTest02058,src/main/java/org/owasp/benchmark/testcode/BenchmarkTest02058.java,cmdi,78,False
BenchmarkTest02059,src/main/java/org/owasp/benchmark/testcode/BenchmarkTest02059.java,cmdi,78,True
BenchmarkTest02060,src/main/java/org/owasp/benchmark/testcode/BenchmarkTest02060.java,weakrand,330,True
BenchmarkTest02061,src/main/java/org/owasp/benchmark/testcode/BenchmarkTest02061.java,weakrand,330,True
BenchmarkTest02062,src/main/java/org/owasp/benchmark/testcode/BenchmarkTest02062.java,weakrand,330,True
BenchmarkTest02063,src/main/java/org/owasp/benchmark/testcode/BenchmarkTest02063.java,weakrand,330,True
BenchmarkTest02064,src/main/java/org/owasp/benchmark/testcode/BenchmarkTest02064.java,securecookie,614,False
BenchmarkTest02065,src/main/java/org/owasp/benchmark/testcode/BenchmarkTest02065.java,securecookie,614,False
BenchmarkTest02066,src/main/java/org/owasp/benchmark/testcode/BenchmarkTest02066.java,securecookie,614,False
BenchmarkTest02067,src/main/java/org/owasp/benchmark/testcode/BenchmarkTest02067.java,cmdi,78,False
BenchmarkTest02068,src/main/java/org/owasp/benchmark/testcode/BenchmarkTest02068.java,cmdi,78,False
BenchmarkTest02069,src/main/java/org/owasp/benchmark/testcode/BenchmarkTest02069.java,cmdi,78,False
BenchmarkTest02070,src/main/java/org/owasp/benchmark/testcode/BenchmarkTest02070.java,cmdi,78,True
BenchmarkTest02071,src/main/java/org/owasp/benchmark/testcode/BenchmarkTest02071.java,weakrand,330,False
BenchmarkTest02072,src/main/java/org/owasp/benchmark/testcode/BenchmarkTest02072.java,weakrand,330,False
BenchmarkTest02073,src/main/java/org/owasp/benchmark/testcode/BenchmarkTest02073.java,weakrand,330,False
BenchmarkTest02074,src/main/java/org/owasp/benchmark/testcode/BenchmarkTest02074.java,weakrand,330,False
BenchmarkTest02075,src/main/java/org/owasp/benchmark/testcode/BenchmarkTest02075.java,weakrand,330,False
BenchmarkTest02076,src/main/java/org/owasp/benchmark/testcode/BenchmarkTest02076.java,weakrand,330,False
BenchmarkTest02077,src/main/java/org/owasp/benchmark/testcode/BenchmarkTest02077.java,weakrand,330,False
BenchmarkTest02078,src/main/java/org/owasp/benchmark/testcode/BenchmarkTest02078.java,weakrand,330,False
BenchmarkTest02079,src/main/java/org/owasp/benchmark/testcode/BenchmarkTest02079.java,weakrand,330,False
BenchmarkTest02080,src/main/java/org/owasp/benchmark/testcode/BenchmarkTest02080.java,weakrand,330,False
BenchmarkTest02081,src/main/java/org/owasp/benchmark/testcode/BenchmarkTest02081.java,weakrand,330,False
BenchmarkTest02082,src/main/java/org/owasp/benchmark/testcode/BenchmarkTest02082.java,weakrand,330,False
BenchmarkTest02083,src/main/java/org/owasp/benchmark/testcode/BenchmarkTest02083.java,weakrand,330,False
BenchmarkTest02084,src/main/java/org/owasp/benchmark/testcode/BenchmarkTest02084.java,trustbound,501,True
BenchmarkTest02085,src/main/java/org/owasp/benchmark/testcode/BenchmarkTest02085.java,trustbound,501,False
BenchmarkTest02086,src/main/java/org/owasp/benchmark/testcode/BenchmarkTest02086.java,trustbound,501,False
BenchmarkTest02087,src/main/java/org/owasp/benchmark/testcode/BenchmarkTest02087.java,sqli,89,True
BenchmarkTest02088,src/main/java/org/owasp/benchmark/testcode/BenchmarkTest02088.java,sqli,89,True
BenchmarkTest02089,src/main/java/org/owasp/benchmark/testcode/BenchmarkTest02089.java,sqli,89,False
BenchmarkTest02090,src/main/java/org/owasp/benchmark/testcode/BenchmarkTest02090.java,sqli,89,True
BenchmarkTest02091,src/main/java/org/owasp/benchmark/testcode/BenchmarkTest02091.java,sqli,89,True
BenchmarkTest02092,src/main/java/org/owasp/benchmark/testcode/BenchmarkTest02092.java,sqli,89,True
BenchmarkTest02093,src/main/java/org/owasp/benchmark/testcode/BenchmarkTest02093.java,sqli,89,False
BenchmarkTest02094,src/main/java/org/owasp/benchmark/testcode/BenchmarkTest02094.java,sqli,89,True
BenchmarkTest02095,src/main/java/org/owasp/benchmark/testcode/BenchmarkTest02095.java,sqli,89,False
BenchmarkTest02096,src/main/java/org/owasp/benchmark/testcode/BenchmarkTest02096.java,sqli,89,True
BenchmarkTest02097,src/main/java/org/owasp/benchmark/testcode/BenchmarkTest02097.java,sqli,89,False
BenchmarkTest02098,src/main/java/org/owasp/benchmark/testcode/BenchmarkTest02098.java,sqli,89,False
BenchmarkTest02099,src/main/java/org/owasp/benchmark/testcode/BenchmarkTest02099.java,sqli,89,True
BenchmarkTest02100,src/main/java/org/owasp/benchmark/testcode/BenchmarkTest02100.java,xpathi,643,True
BenchmarkTest02101,src/main/java/org/owasp/benchmark/testcode/BenchmarkTest02101.java,crypto,327,True
BenchmarkTest02102,src/main/java/org/owasp/benchmark/testcode/BenchmarkTest02102.java,crypto,327,False
BenchmarkTest02103,src/main/java/org/owasp/benchmark/testcode/BenchmarkTest02103.java,crypto,327,False
BenchmarkTest02104,src/main/java/org/owasp/benchmark/testcode/BenchmarkTest02104.java,ldapi,90,False
BenchmarkTest02105,src/main/java/org/owasp/benchmark/testcode/BenchmarkTest02105.java,pathtraver,22,True
BenchmarkTest02106,src/main/java/org/owasp/benchmark/testcode/BenchmarkTest02106.java,pathtraver,22,True
BenchmarkTest02107,src/main/java/org/owasp/benchmark/testcode/BenchmarkTest02107.java,pathtraver,22,False
BenchmarkTest02108,src/main/java/org/owasp/benchmark/testcode/BenchmarkTest02108.java,pathtraver,22,False
BenchmarkTest02109,src/main/java/org/owasp/benchmark/testcode/BenchmarkTest02109.java,pathtraver,22,True
BenchmarkTest02110,src/main/java/org/owasp/benchmark/testcode/BenchmarkTest02110.java,pathtraver,22,False
BenchmarkTest02111,src/main/java/org/owasp/benchmark/testcode/BenchmarkTest02111.java,pathtraver,22,False
BenchmarkTest02112,src/main/java/org/owasp/benchmark/testcode/BenchmarkTest02112.java,pathtraver,22,True
BenchmarkTest02113,src/main/java/org/owasp/benchmark/testcode/BenchmarkTest02113.java,pathtraver,22,True
BenchmarkTest02114,src/main/java/org/owasp/benchmark/testcode/BenchmarkTest02114.java,ldapi,90,False
BenchmarkTest02115,src/main/java/org/owasp/benchmark/testcode/BenchmarkTest02115.java,ldapi,90,False
BenchmarkTest02116,src/main/java/org/owasp/benchmark/testcode/BenchmarkTest02116.java,ldapi,90,False
BenchmarkTest02117,src/main/java/org/owasp/benchmark/testcode/BenchmarkTest02117.java,weakrand,330,True
BenchmarkTest02118,src/main/java/org/owasp/benchmark/testcode/BenchmarkTest02118.java,hash,328,True
BenchmarkTest02119,src/main/java/org/owasp/benchmark/testcode/BenchmarkTest02119.java,hash,328,False
BenchmarkTest02120,src/main/java/org/owasp/benchmark/testcode/BenchmarkTest02120.java,hash,328,False
BenchmarkTest02121,src/main/java/org/owasp/benchmark/testcode/BenchmarkTest02121.java,hash,328,True
BenchmarkTest02122,src/main/java/org/owasp/benchmark/testcode/BenchmarkTest02122.java,xss,79,False
BenchmarkTest02123,src/main/java/org/owasp/benchmark/testcode/BenchmarkTest02123.java,xss,79,True
BenchmarkTest02124,src/main/java/org/owasp/benchmark/testcode/BenchmarkTest02124.java,xss,79,True
BenchmarkTest02125,src/main/java/org/owasp/benchmark/testcode/BenchmarkTest02125.java,xss,79,False
BenchmarkTest02126,src/main/java/org/owasp/benchmark/testcode/BenchmarkTest02126.java,xss,79,True
BenchmarkTest02127,src/main/java/org/owasp/benchmark/testcode/BenchmarkTest02127.java,xss,79,True
BenchmarkTest02128,src/main/java/org/owasp/benchmark/testcode/BenchmarkTest02128.java,xss,79,True
BenchmarkTest02129,src/main/java/org/owasp/benchmark/testcode/BenchmarkTest02129.java,xss,79,True
BenchmarkTest02130,src/main/java/org/owasp/benchmark/testcode/BenchmarkTest02130.java,xss,79,True
BenchmarkTest02131,src/main/java/org/owasp/benchmark/testcode/BenchmarkTest02131.java,xss,79,True
BenchmarkTest02132,src/main/java/org/owasp/benchmark/testcode/BenchmarkTest02132.java,xss,79,True
BenchmarkTest02133,src/main/java/org/owasp/benchmark/testcode/BenchmarkTest02133.java,xss,79,True
BenchmarkTest02134,src/main/java/org/owasp/benchmark/testcode/BenchmarkTest02134.java,xss,79,True
BenchmarkTest02135,src/main/java/org/owasp/benchmark/testcode/BenchmarkTest02135.java,xss,79,False
BenchmarkTest02136,src/main/java/org/owasp/benchmark/testcode/BenchmarkTest02136.java,xss,79,True
BenchmarkTest02137,src/main/java/org/owasp/benchmark/testcode/BenchmarkTest02137.java,cmdi,78,True
BenchmarkTest02138,src/main/java/org/owasp/benchmark/testcode/BenchmarkTest02138.java,weakrand,330,True
BenchmarkTest02139,src/main/java/org/owasp/benchmark/testcode/BenchmarkTest02139.java,weakrand,330,True
BenchmarkTest02140,src/main/java/org/owasp/benchmark/testcode/BenchmarkTest02140.java,weakrand,330,True
BenchmarkTest02141,src/main/java/org/owasp/benchmark/testcode/BenchmarkTest02141.java,weakrand,330,True
BenchmarkTest02142,src/main/java/org/owasp/benchmark/testcode/BenchmarkTest02142.java,securecookie,614,True
BenchmarkTest02143,src/main/java/org/owasp/benchmark/testcode/BenchmarkTest02143.java,securecookie,614,False
BenchmarkTest02144,src/main/java/org/owasp/benchmark/testcode/BenchmarkTest02144.java,securecookie,614,False
BenchmarkTest02145,src/main/java/org/owasp/benchmark/testcode/BenchmarkTest02145.java,xss,79,True
BenchmarkTest02146,src/main/java/org/owasp/benchmark/testcode/BenchmarkTest02146.java,cmdi,78,True
BenchmarkTest02147,src/main/java/org/owasp/benchmark/testcode/BenchmarkTest02147.java,cmdi,78,True
BenchmarkTest02148,src/main/java/org/owasp/benchmark/testcode/BenchmarkTest02148.java,cmdi,78,False
BenchmarkTest02149,src/main/java/org/owasp/benchmark/testcode/BenchmarkTest02149.java,cmdi,78,False
BenchmarkTest02150,src/main/java/org/owasp/benchmark/testcode/BenchmarkTest02150.java,cmdi,78,True
BenchmarkTest02151,src/main/java/org/owasp/benchmark/testcode/BenchmarkTest02151.java,cmdi,78,True
BenchmarkTest02152,src/main/java/org/owasp/benchmark/testcode/BenchmarkTest02152.java,cmdi,78,True
BenchmarkTest02153,src/main/java/org/owasp/benchmark/testcode/BenchmarkTest02153.java,cmdi,78,False
BenchmarkTest02154,src/main/java/org/owasp/benchmark/testcode/BenchmarkTest02154.java,cmdi,78,True
BenchmarkTest02155,src/main/java/org/owasp/benchmark/testcode/BenchmarkTest02155.java,cmdi,78,True
BenchmarkTest02156,src/main/java/org/owasp/benchmark/testcode/BenchmarkTest02156.java,cmdi,78,False
BenchmarkTest02157,src/main/java/org/owasp/benchmark/testcode/BenchmarkTest02157.java,weakrand,330,False
BenchmarkTest02158,src/main/java/org/owasp/benchmark/testcode/BenchmarkTest02158.java,weakrand,330,False
BenchmarkTest02159,src/main/java/org/owasp/benchmark/testcode/BenchmarkTest02159.java,weakrand,330,False
BenchmarkTest02160,src/main/java/org/owasp/benchmark/testcode/BenchmarkTest02160.java,weakrand,330,False
BenchmarkTest02161,src/main/java/org/owasp/benchmark/testcode/BenchmarkTest02161.java,weakrand,330,False
BenchmarkTest02162,src/main/java/org/owasp/benchmark/testcode/BenchmarkTest02162.java,weakrand,330,False
BenchmarkTest02163,src/main/java/org/owasp/benchmark/testcode/BenchmarkTest02163.java,weakrand,330,False
BenchmarkTest02164,src/main/java/org/owasp/benchmark/testcode/BenchmarkTest02164.java,weakrand,330,False
BenchmarkTest02165,src/main/java/org/owasp/benchmark/testcode/BenchmarkTest02165.java,trustbound,501,True
BenchmarkTest02166,src/main/java/org/owasp/benchmark/testcode/BenchmarkTest02166.java,trustbound,501,False
BenchmarkTest02167,src/main/java/org/owasp/benchmark/testcode/BenchmarkTest02167.java,trustbound,501,True
BenchmarkTest02168,src/main/java/org/owasp/benchmark/testcode/BenchmarkTest02168.java,trustbound,501,False
BenchmarkTest02169,src/main/java/org/owasp/benchmark/testcode/BenchmarkTest02169.java,sqli,89,True
BenchmarkTest02170,src/main/java/org/owasp/benchmark/testcode/BenchmarkTest02170.java,sqli,89,True
BenchmarkTest02171,src/main/java/org/owasp/benchmark/testcode/BenchmarkTest02171.java,sqli,89,True
BenchmarkTest02172,src/main/java/org/owasp/benchmark/testcode/BenchmarkTest02172.java,sqli,89,False
BenchmarkTest02173,src/main/java/org/owasp/benchmark/testcode/BenchmarkTest02173.java,sqli,89,False
BenchmarkTest02174,src/main/java/org/owasp/benchmark/testcode/BenchmarkTest02174.java,sqli,89,False
BenchmarkTest02175,src/main/java/org/owasp/benchmark/testcode/BenchmarkTest02175.java,sqli,89,False
BenchmarkTest02176,src/main/java/org/owasp/benchmark/testcode/BenchmarkTest02176.java,sqli,89,False
BenchmarkTest02177,src/main/java/org/owasp/benchmark/testcode/BenchmarkTest02177.java,sqli,89,True
BenchmarkTest02178,src/main/java/org/owasp/benchmark/testcode/BenchmarkTest02178.java,sqli,89,True
BenchmarkTest02179,src/main/java/org/owasp/benchmark/testcode/BenchmarkTest02179.java,sqli,89,True
BenchmarkTest02180,src/main/java/org/owasp/benchmark/testcode/BenchmarkTest02180.java,sqli,89,False
BenchmarkTest02181,src/main/java/org/owasp/benchmark/testcode/BenchmarkTest02181.java,sqli,89,True
BenchmarkTest02182,src/main/java/org/owasp/benchmark/testcode/BenchmarkTest02182.java,sqli,89,True
BenchmarkTest02183,src/main/java/org/owasp/benchmark/testcode/BenchmarkTest02183.java,sqli,89,False
BenchmarkTest02184,src/main/java/org/owasp/benchmark/testcode/BenchmarkTest02184.java,sqli,89,False
BenchmarkTest02185,src/main/java/org/owasp/benchmark/testcode/BenchmarkTest02185.java,sqli,89,False
BenchmarkTest02186,src/main/java/org/owasp/benchmark/testcode/BenchmarkTest02186.java,sqli,89,True
BenchmarkTest02187,src/main/java/org/owasp/benchmark/testcode/BenchmarkTest02187.java,sqli,89,True
BenchmarkTest02188,src/main/java/org/owasp/benchmark/testcode/BenchmarkTest02188.java,sqli,89,False
BenchmarkTest02189,src/main/java/org/owasp/benchmark/testcode/BenchmarkTest02189.java,xpathi,643,True
BenchmarkTest02190,src/main/java/org/owasp/benchmark/testcode/BenchmarkTest02190.java,crypto,327,False
BenchmarkTest02191,src/main/java/org/owasp/benchmark/testcode/BenchmarkTest02191.java,crypto,327,False
BenchmarkTest02192,src/main/java/org/owasp/benchmark/testcode/BenchmarkTest02192.java,crypto,327,True
BenchmarkTest02193,src/main/java/org/owasp/benchmark/testcode/BenchmarkTest02193.java,crypto,327,True
BenchmarkTest02194,src/main/java/org/owasp/benchmark/testcode/BenchmarkTest02194.java,crypto,327,True
BenchmarkTest02195,src/main/java/org/owasp/benchmark/testcode/BenchmarkTest02195.java,crypto,327,True
BenchmarkTest02196,src/main/java/org/owasp/benchmark/testcode/BenchmarkTest02196.java,ldapi,90,True
BenchmarkTest02197,src/main/java/org/owasp/benchmark/testcode/BenchmarkTest02197.java,pathtraver,22,True
BenchmarkTest02198,src/main/java/org/owasp/benchmark/testcode/BenchmarkTest02198.java,pathtraver,22,True
BenchmarkTest02199,src/main/java/org/owasp/benchmark/testcode/BenchmarkTest02199.java,pathtraver,22,True
BenchmarkTest02200,src/main/java/org/owasp/benchmark/testcode/BenchmarkTest02200.java,pathtraver,22,False
BenchmarkTest02201,src/main/java/org/owasp/benchmark/testcode/BenchmarkTest02201.java,pathtraver,22,False
BenchmarkTest02202,src/main/java/org/owasp/benchmark/testcode/BenchmarkTest02202.java,pathtraver,22,False
BenchmarkTest02203,src/main/java/org/owasp/benchmark/testcode/BenchmarkTest02203.java,pathtraver,22,False
BenchmarkTest02204,src/main/java/org/owasp/benchmark/testcode/BenchmarkTest02204.java,pathtraver,22,False
BenchmarkTest02205,src/main/java/org/owasp/benchmark/testcode/BenchmarkTest02205.java,pathtraver,22,True
BenchmarkTest02206,src/main/java/org/owasp/benchmark/testcode/BenchmarkTest02206.java,pathtraver,22,False
BenchmarkTest02207,src/main/java/org/owasp/benchmark/testcode/BenchmarkTest02207.java,pathtraver,22,False
BenchmarkTest02208,src/main/java/org/owasp/benchmark/testcode/BenchmarkTest02208.java,ldapi,90,True
BenchmarkTest02209,src/main/java/org/owasp/benchmark/testcode/BenchmarkTest02209.java,weakrand,330,True
BenchmarkTest02210,src/main/java/org/owasp/benchmark/testcode/BenchmarkTest02210.java,hash,328,False
BenchmarkTest02211,src/main/java/org/owasp/benchmark/testcode/BenchmarkTest02211.java,hash,328,True
BenchmarkTest02212,src/main/java/org/owasp/benchmark/testcode/BenchmarkTest02212.java,hash,328,True
BenchmarkTest02213,src/main/java/org/owasp/benchmark/testcode/BenchmarkTest02213.java,hash,328,True
BenchmarkTest02214,src/main/java/org/owasp/benchmark/testcode/BenchmarkTest02214.java,hash,328,False
BenchmarkTest02215,src/main/java/org/owasp/benchmark/testcode/BenchmarkTest02215.java,hash,328,False
BenchmarkTest02216,src/main/java/org/owasp/benchmark/testcode/BenchmarkTest02216.java,hash,328,False
BenchmarkTest02217,src/main/java/org/owasp/benchmark/testcode/BenchmarkTest02217.java,hash,328,True
BenchmarkTest02218,src/main/java/org/owasp/benchmark/testcode/BenchmarkTest02218.java,hash,328,False
BenchmarkTest02219,src/main/java/org/owasp/benchmark/testcode/BenchmarkTest02219.java,hash,328,True
BenchmarkTest02220,src/main/java/org/owasp/benchmark/testcode/BenchmarkTest02220.java,hash,328,False
BenchmarkTest02221,src/main/java/org/owasp/benchmark/testcode/BenchmarkTest02221.java,xss,79,True
BenchmarkTest02222,src/main/java/org/owasp/benchmark/testcode/BenchmarkTest02222.java,xss,79,False
BenchmarkTest02223,src/main/java/org/owasp/benchmark/testcode/BenchmarkTest02223.java,xss,79,True
BenchmarkTest02224,src/main/java/org/owasp/benchmark/testcode/BenchmarkTest02224.java,xss,79,True
BenchmarkTest02225,src/main/java/org/owasp/benchmark/testcode/BenchmarkTest02225.java,xss,79,True
BenchmarkTest02226,src/main/java/org/owasp/benchmark/testcode/BenchmarkTest02226.java,xss,79,False
BenchmarkTest02227,src/main/java/org/owasp/benchmark/testcode/BenchmarkTest02227.java,xss,79,True
BenchmarkTest02228,src/main/java/org/owasp/benchmark/testcode/BenchmarkTest02228.java,xss,79,True
BenchmarkTest02229,src/main/java/org/owasp/benchmark/testcode/BenchmarkTest02229.java,xss,79,False
BenchmarkTest02230,src/main/java/org/owasp/benchmark/testcode/BenchmarkTest02230.java,xss,79,True
BenchmarkTest02231,src/main/java/org/owasp/benchmark/testcode/BenchmarkTest02231.java,xss,79,False
BenchmarkTest02232,src/main/java/org/owasp/benchmark/testcode/BenchmarkTest02232.java,xss,79,True
BenchmarkTest02233,src/main/java/org/owasp/benchmark/testcode/BenchmarkTest02233.java,xss,79,False
BenchmarkTest02234,src/main/java/org/owasp/benchmark/testcode/BenchmarkTest02234.java,xss,79,True
BenchmarkTest02235,src/main/java/org/owasp/benchmark/testcode/BenchmarkTest02235.java,xss,79,False
BenchmarkTest02236,src/main/java/org/owasp/benchmark/testcode/BenchmarkTest02236.java,xss,79,False
BenchmarkTest02237,src/main/java/org/owasp/benchmark/testcode/BenchmarkTest02237.java,xss,79,False
BenchmarkTest02238,src/main/java/org/owasp/benchmark/testcode/BenchmarkTest02238.java,xss,79,False
BenchmarkTest02239,src/main/java/org/owasp/benchmark/testcode/BenchmarkTest02239.java,xss,79,False
BenchmarkTest02240,src/main/java/org/owasp/benchmark/testcode/BenchmarkTest02240.java,xss,79,False
BenchmarkTest02241,src/main/java/org/owasp/benchmark/testcode/BenchmarkTest02241.java,xss,79,True
BenchmarkTest02242,src/main/java/org/owasp/benchmark/testcode/BenchmarkTest02242.java,cmdi,78,False
BenchmarkTest02243,src/main/java/org/owasp/benchmark/testcode/BenchmarkTest02243.java,cmdi,78,True
BenchmarkTest02244,src/main/java/org/owasp/benchmark/testcode/BenchmarkTest02244.java,cmdi,78,True
BenchmarkTest02245,src/main/java/org/owasp/benchmark/testcode/BenchmarkTest02245.java,weakrand,330,True
BenchmarkTest02246,src/main/java/org/owasp/benchmark/testcode/BenchmarkTest02246.java,weakrand,330,True
BenchmarkTest02247,src/main/java/org/owasp/benchmark/testcode/BenchmarkTest02247.java,securecookie,614,False
BenchmarkTest02248,src/main/java/org/owasp/benchmark/testcode/BenchmarkTest02248.java,securecookie,614,False
BenchmarkTest02249,src/main/java/org/owasp/benchmark/testcode/BenchmarkTest02249.java,cmdi,78,True
BenchmarkTest02250,src/main/java/org/owasp/benchmark/testcode/BenchmarkTest02250.java,cmdi,78,True
BenchmarkTest02251,src/main/java/org/owasp/benchmark/testcode/BenchmarkTest02251.java,cmdi,78,True
BenchmarkTest02252,src/main/java/org/owasp/benchmark/testcode/BenchmarkTest02252.java,cmdi,78,False
BenchmarkTest02253,src/main/java/org/owasp/benchmark/testcode/BenchmarkTest02253.java,cmdi,78,False
BenchmarkTest02254,src/main/java/org/owasp/benchmark/testcode/BenchmarkTest02254.java,weakrand,330,False
BenchmarkTest02255,src/main/java/org/owasp/benchmark/testcode/BenchmarkTest02255.java,weakrand,330,False
BenchmarkTest02256,src/main/java/org/owasp/benchmark/testcode/BenchmarkTest02256.java,weakrand,330,False
BenchmarkTest02257,src/main/java/org/owasp/benchmark/testcode/BenchmarkTest02257.java,weakrand,330,False
BenchmarkTest02258,src/main/java/org/owasp/benchmark/testcode/BenchmarkTest02258.java,weakrand,330,False
BenchmarkTest02259,src/main/java/org/owasp/benchmark/testcode/BenchmarkTest02259.java,weakrand,330,False
BenchmarkTest02260,src/main/java/org/owasp/benchmark/testcode/BenchmarkTest02260.java,weakrand,330,False
BenchmarkTest02261,src/main/java/org/owasp/benchmark/testcode/BenchmarkTest02261.java,trustbound,501,True
BenchmarkTest02262,src/main/java/org/owasp/benchmark/testcode/BenchmarkTest02262.java,trustbound,501,True
BenchmarkTest02263,src/main/java/org/owasp/benchmark/testcode/BenchmarkTest02263.java,trustbound,501,True
BenchmarkTest02264,src/main/java/org/owasp/benchmark/testcode/BenchmarkTest02264.java,sqli,89,True
BenchmarkTest02265,src/main/java/org/owasp/benchmark/testcode/BenchmarkTest02265.java,sqli,89,False
BenchmarkTest02266,src/main/java/org/owasp/benchmark/testcode/BenchmarkTest02266.java,sqli,89,False
BenchmarkTest02267,src/main/java/org/owasp/benchmark/testcode/BenchmarkTest02267.java,sqli,89,False
BenchmarkTest02268,src/main/java/org/owasp/benchmark/testcode/BenchmarkTest02268.java,sqli,89,False
BenchmarkTest02269,src/main/java/org/owasp/benchmark/testcode/BenchmarkTest02269.java,sqli,89,True
BenchmarkTest02270,src/main/java/org/owasp/benchmark/testcode/BenchmarkTest02270.java,sqli,89,True
BenchmarkTest02271,src/main/java/org/owasp/benchmark/testcode/BenchmarkTest02271.java,sqli,89,False
BenchmarkTest02272,src/main/java/org/owasp/benchmark/testcode/BenchmarkTest02272.java,sqli,89,True
BenchmarkTest02273,src/main/java/org/owasp/benchmark/testcode/BenchmarkTest02273.java,sqli,89,True
BenchmarkTest02274,src/main/java/org/owasp/benchmark/testcode/BenchmarkTest02274.java,sqli,89,False
BenchmarkTest02275,src/main/java/org/owasp/benchmark/testcode/BenchmarkTest02275.java,sqli,89,True
BenchmarkTest02276,src/main/java/org/owasp/benchmark/testcode/BenchmarkTest02276.java,sqli,89,False
BenchmarkTest02277,src/main/java/org/owasp/benchmark/testcode/BenchmarkTest02277.java,sqli,89,True
BenchmarkTest02278,src/main/java/org/owasp/benchmark/testcode/BenchmarkTest02278.java,sqli,89,False
BenchmarkTest02279,src/main/java/org/owasp/benchmark/testcode/BenchmarkTest02279.java,sqli,89,False
BenchmarkTest02280,src/main/java/org/owasp/benchmark/testcode/BenchmarkTest02280.java,sqli,89,False
BenchmarkTest02281,src/main/java/org/owasp/benchmark/testcode/BenchmarkTest02281.java,sqli,89,True
BenchmarkTest02282,src/main/java/org/owasp/benchmark/testcode/BenchmarkTest02282.java,sqli,89,False
BenchmarkTest02283,src/main/java/org/owasp/benchmark/testcode/BenchmarkTest02283.java,sqli,89,False
BenchmarkTest02284,src/main/java/org/owasp/benchmark/testcode/BenchmarkTest02284.java,sqli,89,True
BenchmarkTest02285,src/main/java/org/owasp/benchmark/testcode/BenchmarkTest02285.java,sqli,89,False
BenchmarkTest02286,src/main/java/org/owasp/benchmark/testcode/BenchmarkTest02286.java,sqli,89,True
BenchmarkTest02287,src/main/java/org/owasp/benchmark/testcode/BenchmarkTest02287.java,sqli,89,True
BenchmarkTest02288,src/main/java/org/owasp/benchmark/testcode/BenchmarkTest02288.java,sqli,89,True
BenchmarkTest02289,src/main/java/org/owasp/benchmark/testcode/BenchmarkTest02289.java,crypto,327,False
BenchmarkTest02290,src/main/java/org/owasp/benchmark/testcode/BenchmarkTest02290.java,crypto,327,True
BenchmarkTest02291,src/main/java/org/owasp/benchmark/testcode/BenchmarkTest02291.java,crypto,327,True
BenchmarkTest02292,src/main/java/org/owasp/benchmark/testcode/BenchmarkTest02292.java,crypto,327,True
BenchmarkTest02293,src/main/java/org/owasp/benchmark/testcode/BenchmarkTest02293.java,crypto,327,True
BenchmarkTest02294,src/main/java/org/owasp/benchmark/testcode/BenchmarkTest02294.java,crypto,327,True
BenchmarkTest02295,src/main/java/org/owasp/benchmark/testcode/BenchmarkTest02295.java,crypto,327,True
BenchmarkTest02296,src/main/java/org/owasp/benchmark/testcode/BenchmarkTest02296.java,crypto,327,False
BenchmarkTest02297,src/main/java/org/owasp/benchmark/testcode/BenchmarkTest02297.java,crypto,327,False
BenchmarkTest02298,src/main/java/org/owasp/benchmark/testcode/BenchmarkTest02298.java,crypto,327,False
BenchmarkTest02299,src/main/java/org/owasp/benchmark/testcode/BenchmarkTest02299.java,ldapi,90,True
BenchmarkTest02300,src/main/java/org/owasp/benchmark/testcode/BenchmarkTest02300.java,pathtraver,22,False
BenchmarkTest02301,src/main/java/org/owasp/benchmark/testcode/BenchmarkTest02301.java,pathtraver,22,False
BenchmarkTest02302,src/main/java/org/owasp/benchmark/testcode/BenchmarkTest02302.java,pathtraver,22,True
BenchmarkTest02303,src/main/java/org/owasp/benchmark/testcode/BenchmarkTest02303.java,pathtraver,22,True
BenchmarkTest02304,src/main/java/org/owasp/benchmark/testcode/BenchmarkTest02304.java,pathtraver,22,True
BenchmarkTest02305,src/main/java/org/owasp/benchmark/testcode/BenchmarkTest02305.java,ldapi,90,True
BenchmarkTest02306,src/main/java/org/owasp/benchmark/testcode/BenchmarkTest02306.java,ldapi,90,True
BenchmarkTest02307,src/main/java/org/owasp/benchmark/testcode/BenchmarkTest02307.java,hash,328,True
BenchmarkTest02308,src/main/java/org/owasp/benchmark/testcode/BenchmarkTest02308.java,hash,328,True
BenchmarkTest02309,src/main/java/org/owasp/benchmark/testcode/BenchmarkTest02309.java,hash,328,False
BenchmarkTest02310,src/main/java/org/owasp/benchmark/testcode/BenchmarkTest02310.java,hash,328,False
BenchmarkTest02311,src/main/java/org/owasp/benchmark/testcode/BenchmarkTest02311.java,hash,328,True
BenchmarkTest02312,src/main/java/org/owasp/benchmark/testcode/BenchmarkTest02312.java,hash,328,False
BenchmarkTest02313,src/main/java/org/owasp/benchmark/testcode/BenchmarkTest02313.java,xss,79,False
BenchmarkTest02314,src/main/java/org/owasp/benchmark/testcode/BenchmarkTest02314.java,xss,79,True
BenchmarkTest02315,src/main/java/org/owasp/benchmark/testcode/BenchmarkTest02315.java,xss,79,True
BenchmarkTest02316,src/main/java/org/owasp/benchmark/testcode/BenchmarkTest02316.java,xss,79,True
BenchmarkTest02317,src/main/java/org/owasp/benchmark/testcode/BenchmarkTest02317.java,xss,79,True
BenchmarkTest02318,src/main/java/org/owasp/benchmark/testcode/BenchmarkTest02318.java,xss,79,False
BenchmarkTest02319,src/main/java/org/owasp/benchmark/testcode/BenchmarkTest02319.java,xss,79,False
BenchmarkTest02320,src/main/java/org/owasp/benchmark/testcode/BenchmarkTest02320.java,xss,79,False
BenchmarkTest02321,src/main/java/org/owasp/benchmark/testcode/BenchmarkTest02321.java,xss,79,True
BenchmarkTest02322,src/main/java/org/owasp/benchmark/testcode/BenchmarkTest02322.java,xss,79,True
BenchmarkTest02323,src/main/java/org/owasp/benchmark/testcode/BenchmarkTest02323.java,xss,79,True
BenchmarkTest02324,src/main/java/org/owasp/benchmark/testcode/BenchmarkTest02324.java,xss,79,True
BenchmarkTest02325,src/main/java/org/owasp/benchmark/testcode/BenchmarkTest02325.java,xss,79,False
BenchmarkTest02326,src/main/java/org/owasp/benchmark/testcode/BenchmarkTest02326.java,xss,79,True
BenchmarkTest02327,src/main/java/org/owasp/benchmark/testcode/BenchmarkTest02327.java,xss,79,True
BenchmarkTest02328,src/main/java/org/owasp/benchmark/testcode/BenchmarkTest02328.java,xss,79,True
BenchmarkTest02329,src/main/java/org/owasp/benchmark/testcode/BenchmarkTest02329.java,xss,79,False
BenchmarkTest02330,src/main/java/org/owasp/benchmark/testcode/BenchmarkTest02330.java,xss,79,False
BenchmarkTest02331,src/main/java/org/owasp/benchmark/testcode/BenchmarkTest02331.java,xss,79,False
BenchmarkTest02332,src/main/java/org/owasp/benchmark/testcode/BenchmarkTest02332.java,xss,79,True
BenchmarkTest02333,src/main/java/org/owasp/benchmark/testcode/BenchmarkTest02333.java,cmdi,78,True
BenchmarkTest02334,src/main/java/org/owasp/benchmark/testcode/BenchmarkTest02334.java,cmdi,78,True
BenchmarkTest02335,src/main/java/org/owasp/benchmark/testcode/BenchmarkTest02335.java,cmdi,78,False
BenchmarkTest02336,src/main/java/org/owasp/benchmark/testcode/BenchmarkTest02336.java,cmdi,78,False
BenchmarkTest02337,src/main/java/org/owasp/benchmark/testcode/BenchmarkTest02337.java,weakrand,330,True
BenchmarkTest02338,src/main/java/org/owasp/benchmark/testcode/BenchmarkTest02338.java,weakrand,330,True
BenchmarkTest02339,src/main/java/org/owasp/benchmark/testcode/BenchmarkTest02339.java,securecookie,614,True
BenchmarkTest02340,src/main/java/org/owasp/benchmark/testcode/BenchmarkTest02340.java,cmdi,78,False
BenchmarkTest02341,src/main/java/org/owasp/benchmark/testcode/BenchmarkTest02341.java,cmdi,78,False
BenchmarkTest02342,src/main/java/org/owasp/benchmark/testcode/BenchmarkTest02342.java,cmdi,78,True
BenchmarkTest02343,src/main/java/org/owasp/benchmark/testcode/BenchmarkTest02343.java,cmdi,78,True
BenchmarkTest02344,src/main/java/org/owasp/benchmark/testcode/BenchmarkTest02344.java,cmdi,78,True
BenchmarkTest02345,src/main/java/org/owasp/benchmark/testcode/BenchmarkTest02345.java,weakrand,330,False
BenchmarkTest02346,src/main/java/org/owasp/benchmark/testcode/BenchmarkTest02346.java,weakrand,330,False
BenchmarkTest02347,src/main/java/org/owasp/benchmark/testcode/BenchmarkTest02347.java,weakrand,330,False
BenchmarkTest02348,src/main/java/org/owasp/benchmark/testcode/BenchmarkTest02348.java,weakrand,330,False
BenchmarkTest02349,src/main/java/org/owasp/benchmark/testcode/BenchmarkTest02349.java,weakrand,330,False
BenchmarkTest02350,src/main/java/org/owasp/benchmark/testcode/BenchmarkTest02350.java,weakrand,330,False
BenchmarkTest02351,src/main/java/org/owasp/benchmark/testcode/BenchmarkTest02351.java,weakrand,330,False
BenchmarkTest02352,src/main/java/org/owasp/benchmark/testcode/BenchmarkTest02352.java,trustbound,501,True
BenchmarkTest02353,src/main/java/org/owasp/benchmark/testcode/BenchmarkTest02353.java,sqli,89,False
BenchmarkTest02354,src/main/java/org/owasp/benchmark/testcode/BenchmarkTest02354.java,sqli,89,True
BenchmarkTest02355,src/main/java/org/owasp/benchmark/testcode/BenchmarkTest02355.java,sqli,89,True
BenchmarkTest02356,src/main/java/org/owasp/benchmark/testcode/BenchmarkTest02356.java,sqli,89,True
BenchmarkTest02357,src/main/java/org/owasp/benchmark/testcode/BenchmarkTest02357.java,sqli,89,True
BenchmarkTest02358,src/main/java/org/owasp/benchmark/testcode/BenchmarkTest02358.java,sqli,89,True
BenchmarkTest02359,src/main/java/org/owasp/benchmark/testcode/BenchmarkTest02359.java,sqli,89,True
BenchmarkTest02360,src/main/java/org/owasp/benchmark/testcode/BenchmarkTest02360.java,sqli,89,True
BenchmarkTest02361,src/main/java/org/owasp/benchmark/testcode/BenchmarkTest02361.java,sqli,89,False
BenchmarkTest02362,src/main/java/org/owasp/benchmark/testcode/BenchmarkTest02362.java,sqli,89,True
BenchmarkTest02363,src/main/java/org/owasp/benchmark/testcode/BenchmarkTest02363.java,sqli,89,False
BenchmarkTest02364,src/main/java/org/owasp/benchmark/testcode/BenchmarkTest02364.java,sqli,89,True
BenchmarkTest02365,src/main/java/org/owasp/benchmark/testcode/BenchmarkTest02365.java,sqli,89,False
BenchmarkTest02366,src/main/java/org/owasp/benchmark/testcode/BenchmarkTest02366.java,sqli,89,False
BenchmarkTest02367,src/main/java/org/owasp/benchmark/testcode/BenchmarkTest02367.java,sqli,89,False
BenchmarkTest02368,src/main/java/org/owasp/benchmark/testcode/BenchmarkTest02368.java,sqli,89,False
BenchmarkTest02369,src/main/java/org/owasp/benchmark/testcode/BenchmarkTest02369.java,sqli,89,True
BenchmarkTest02370,src/main/java/org/owasp/benchmark/testcode/BenchmarkTest02370.java,xpathi,643,False
BenchmarkTest02371,src/main/java/org/owasp/benchmark/testcode/BenchmarkTest02371.java,crypto,327,False
BenchmarkTest02372,src/main/java/org/owasp/benchmark/testcode/BenchmarkTest02372.java,crypto,327,False
BenchmarkTest02373,src/main/java/org/owasp/benchmark/testcode/BenchmarkTest02373.java,crypto,327,True
BenchmarkTest02374,src/main/java/org/owasp/benchmark/testcode/BenchmarkTest02374.java,crypto,327,True
BenchmarkTest02375,src/main/java/org/owasp/benchmark/testcode/BenchmarkTest02375.java,crypto,327,True
BenchmarkTest02376,src/main/java/org/owasp/benchmark/testcode/BenchmarkTest02376.java,ldapi,90,False
BenchmarkTest02377,src/main/java/org/owasp/benchmark/testcode/BenchmarkTest02377.java,pathtraver,22,True
BenchmarkTest02378,src/main/java/org/owasp/benchmark/testcode/BenchmarkTest02378.java,pathtraver,22,True
BenchmarkTest02379,src/main/java/org/owasp/benchmark/testcode/BenchmarkTest02379.java,pathtraver,22,False
BenchmarkTest02380,src/main/java/org/owasp/benchmark/testcode/BenchmarkTest02380.java,pathtraver,22,False
BenchmarkTest02381,src/main/java/org/owasp/benchmark/testcode/BenchmarkTest02381.java,pathtraver,22,False
BenchmarkTest02382,src/main/java/org/owasp/benchmark/testcode/BenchmarkTest02382.java,pathtraver,22,False
BenchmarkTest02383,src/main/java/org/owasp/benchmark/testcode/BenchmarkTest02383.java,pathtraver,22,True
BenchmarkTest02384,src/main/java/org/owasp/benchmark/testcode/BenchmarkTest02384.java,ldapi,90,False
BenchmarkTest02385,src/main/java/org/owasp/benchmark/testcode/BenchmarkTest02385.java,hash,328,True
BenchmarkTest02386,src/main/java/org/owasp/benchmark/testcode/BenchmarkTest02386.java,hash,328,True
BenchmarkTest02387,src/main/java/org/owasp/benchmark/testcode/BenchmarkTest02387.java,hash,328,True
BenchmarkTest02388,src/main/java/org/owasp/benchmark/testcode/BenchmarkTest02388.java,hash,328,True
BenchmarkTest02389,src/main/java/org/owasp/benchmark/testcode/BenchmarkTest02389.java,hash,328,False
BenchmarkTest02390,src/main/java/org/owasp/benchmark/testcode/BenchmarkTest02390.java,hash,328,False
BenchmarkTest02391,src/main/java/org/owasp/benchmark/testcode/BenchmarkTest02391.java,hash,328,True
BenchmarkTest02392,src/main/java/org/owasp/benchmark/testcode/BenchmarkTest02392.java,hash,328,True
BenchmarkTest02393,src/main/java/org/owasp/benchmark/testcode/BenchmarkTest02393.java,hash,328,True
BenchmarkTest02394,src/main/java/org/owasp/benchmark/testcode/BenchmarkTest02394.java,xss,79,False
BenchmarkTest02395,src/main/java/org/owasp/benchmark/testcode/BenchmarkTest02395.java,xss,79,True
BenchmarkTest02396,src/main/java/org/owasp/benchmark/testcode/BenchmarkTest02396.java,xss,79,True
BenchmarkTest02397,src/main/java/org/owasp/benchmark/testcode/BenchmarkTest02397.java,xss,79,True
BenchmarkTest02398,src/main/java/org/owasp/benchmark/testcode/BenchmarkTest02398.java,xss,79,False
BenchmarkTest02399,src/main/java/org/owasp/benchmark/testcode/BenchmarkTest02399.java,xss,79,True
BenchmarkTest02400,src/main/java/org/owasp/benchmark/testcode/BenchmarkTest02400.java,xss,79,True
BenchmarkTest02401,src/main/java/org/owasp/benchmark/testcode/BenchmarkTest02401.java,xss,79,False
BenchmarkTest02402,src/main/java/org/owasp/benchmark/testcode/BenchmarkTest02402.java,xss,79,True
BenchmarkTest02403,src/main/java/org/owasp/benchmark/testcode/BenchmarkTest02403.java,xss,79,True
BenchmarkTest02404,src/main/java/org/owasp/benchmark/testcode/BenchmarkTest02404.java,xss,79,False
BenchmarkTest02405,src/main/java/org/owasp/benchmark/testcode/BenchmarkTest02405.java,xss,79,True
BenchmarkTest02406,src/main/java/org/owasp/benchmark/testcode/BenchmarkTest02406.java,xss,79,False
BenchmarkTest02407,src/main/java/org/owasp/benchmark/testcode/BenchmarkTest02407.java,xss,79,True
BenchmarkTest02408,src/main/java/org/owasp/benchmark/testcode/BenchmarkTest02408.java,xss,79,False
BenchmarkTest02409,src/main/java/org/owasp/benchmark/testcode/BenchmarkTest02409.java,xss,79,True
BenchmarkTest02410,src/main/java/org/owasp/benchmark/testcode/BenchmarkTest02410.java,xss,79,True
BenchmarkTest02411,src/main/java/org/owasp/benchmark/testcode/BenchmarkTest02411.java,cmdi,78,True
BenchmarkTest02412,src/main/java/org/owasp/benchmark/testcode/BenchmarkTest02412.java,cmdi,78,True
BenchmarkTest02413,src/main/java/org/owasp/benchmark/testcode/BenchmarkTest02413.java,cmdi,78,False
BenchmarkTest02414,src/main/java/org/owasp/benchmark/testcode/BenchmarkTest02414.java,cmdi,78,True
BenchmarkTest02415,src/main/java/org/owasp/benchmark/testcode/BenchmarkTest02415.java,weakrand,330,True
BenchmarkTest02416,src/main/java/org/owasp/benchmark/testcode/BenchmarkTest02416.java,weakrand,330,True
BenchmarkTest02417,src/main/java/org/owasp/benchmark/testcode/BenchmarkTest02417.java,weakrand,330,True
BenchmarkTest02418,src/main/java/org/owasp/benchmark/testcode/BenchmarkTest02418.java,weakrand,330,True
BenchmarkTest02419,src/main/java/org/owasp/benchmark/testcode/BenchmarkTest02419.java,weakrand,330,True
BenchmarkTest02420,src/main/java/org/owasp/benchmark/testcode/BenchmarkTest02420.java,weakrand,330,True
BenchmarkTest02421,src/main/java/org/owasp/benchmark/testcode/BenchmarkTest02421.java,weakrand,330,True
BenchmarkTest02422,src/main/java/org/owasp/benchmark/testcode/BenchmarkTest02422.java,weakrand,330,True
BenchmarkTest02423,src/main/java/org/owasp/benchmark/testcode/BenchmarkTest02423.java,weakrand,330,True
BenchmarkTest02424,src/main/java/org/owasp/benchmark/testcode/BenchmarkTest02424.java,weakrand,330,True
BenchmarkTest02425,src/main/java/org/owasp/benchmark/testcode/BenchmarkTest02425.java,weakrand,330,True
BenchmarkTest02426,src/main/java/org/owasp/benchmark/testcode/BenchmarkTest02426.java,weakrand,330,True
BenchmarkTest02427,src/main/java/org/owasp/benchmark/testcode/BenchmarkTest02427.java,securecookie,614,True
BenchmarkTest02428,src/main/java/org/owasp/benchmark/testcode/BenchmarkTest02428.java,cmdi,78,False
BenchmarkTest02429,src/main/java/org/owasp/benchmark/testcode/BenchmarkTest02429.java,cmdi,78,True
BenchmarkTest02430,src/main/java/org/owasp/benchmark/testcode/BenchmarkTest02430.java,cmdi,78,True
BenchmarkTest02431,src/main/java/org/owasp/benchmark/testcode/BenchmarkTest02431.java,cmdi,78,True
BenchmarkTest02432,src/main/java/org/owasp/benchmark/testcode/BenchmarkTest02432.java,cmdi,78,True
BenchmarkTest02433,src/main/java/org/owasp/benchmark/testcode/BenchmarkTest02433.java,cmdi,78,True
BenchmarkTest02434,src/main/java/org/owasp/benchmark/testcode/BenchmarkTest02434.java,weakrand,330,False
BenchmarkTest02435,src/main/java/org/owasp/benchmark/testcode/BenchmarkTest02435.java,weakrand,330,False
BenchmarkTest02436,src/main/java/org/owasp/benchmark/testcode/BenchmarkTest02436.java,weakrand,330,False
BenchmarkTest02437,src/main/java/org/owasp/benchmark/testcode/BenchmarkTest02437.java,weakrand,330,False
BenchmarkTest02438,src/main/java/org/owasp/benchmark/testcode/BenchmarkTest02438.java,weakrand,330,False
BenchmarkTest02439,src/main/java/org/owasp/benchmark/testcode/BenchmarkTest02439.java,weakrand,330,False
BenchmarkTest02440,src/main/java/org/owasp/benchmark/testcode/BenchmarkTest02440.java,weakrand,330,False
BenchmarkTest02441,src/main/java/org/owasp/benchmark/testcode/BenchmarkTest02441.java,weakrand,330,False
BenchmarkTest02442,src/main/java/org/owasp/benchmark/testcode/BenchmarkTest02442.java,weakrand,330,False
BenchmarkTest02443,src/main/java/org/owasp/benchmark/testcode/BenchmarkTest02443.java,weakrand,330,False
BenchmarkTest02444,src/main/java/org/owasp/benchmark/testcode/BenchmarkTest02444.java,weakrand,330,False
BenchmarkTest02445,src/main/java/org/owasp/benchmark/testcode/BenchmarkTest02445.java,weakrand,330,False
BenchmarkTest02446,src/main/java/org/owasp/benchmark/testcode/BenchmarkTest02446.java,trustbound,501,True
BenchmarkTest02447,src/main/java/org/owasp/benchmark/testcode/BenchmarkTest02447.java,trustbound,501,False
BenchmarkTest02448,src/main/java/org/owasp/benchmark/testcode/BenchmarkTest02448.java,trustbound,501,True
BenchmarkTest02449,src/main/java/org/owasp/benchmark/testcode/BenchmarkTest02449.java,sqli,89,True
BenchmarkTest02450,src/main/java/org/owasp/benchmark/testcode/BenchmarkTest02450.java,sqli,89,False
BenchmarkTest02451,src/main/java/org/owasp/benchmark/testcode/BenchmarkTest02451.java,sqli,89,True
BenchmarkTest02452,src/main/java/org/owasp/benchmark/testcode/BenchmarkTest02452.java,sqli,89,False
BenchmarkTest02453,src/main/java/org/owasp/benchmark/testcode/BenchmarkTest02453.java,sqli,89,True
BenchmarkTest02454,src/main/java/org/owasp/benchmark/testcode/BenchmarkTest02454.java,sqli,89,True
BenchmarkTest02455,src/main/java/org/owasp/benchmark/testcode/BenchmarkTest02455.java,sqli,89,True
BenchmarkTest02456,src/main/java/org/owasp/benchmark/testcode/BenchmarkTest02456.java,sqli,89,False
BenchmarkTest02457,src/main/java/org/owasp/benchmark/testcode/BenchmarkTest02457.java,xpathi,643,False
BenchmarkTest02458,src/main/java/org/owasp/benchmark/testcode/BenchmarkTest02458.java,crypto,327,True
BenchmarkTest02459,src/main/java/org/owasp/benchmark/testcode/BenchmarkTest02459.java,crypto,327,False
BenchmarkTest02460,src/main/java/org/owasp/benchmark/testcode/BenchmarkTest02460.java,crypto,327,False
BenchmarkTest02461,src/main/java/org/owasp/benchmark/testcode/BenchmarkTest02461.java,crypto,327,False
BenchmarkTest02462,src/main/java/org/owasp/benchmark/testcode/BenchmarkTest02462.java,pathtraver,22,False
BenchmarkTest02463,src/main/java/org/owasp/benchmark/testcode/BenchmarkTest02463.java,pathtraver,22,True
BenchmarkTest02464,src/main/java/org/owasp/benchmark/testcode/BenchmarkTest02464.java,pathtraver,22,False
BenchmarkTest02465,src/main/java/org/owasp/benchmark/testcode/BenchmarkTest02465.java,pathtraver,22,True
BenchmarkTest02466,src/main/java/org/owasp/benchmark/testcode/BenchmarkTest02466.java,pathtraver,22,True
BenchmarkTest02467,src/main/java/org/owasp/benchmark/testcode/BenchmarkTest02467.java,pathtraver,22,False
BenchmarkTest02468,src/main/java/org/owasp/benchmark/testcode/BenchmarkTest02468.java,pathtraver,22,False
BenchmarkTest02469,src/main/java/org/owasp/benchmark/testcode/BenchmarkTest02469.java,pathtraver,22,True
BenchmarkTest02470,src/main/java/org/owasp/benchmark/testcode/BenchmarkTest02470.java,pathtraver,22,False
BenchmarkTest02471,src/main/java/org/owasp/benchmark/testcode/BenchmarkTest02471.java,pathtraver,22,False
BenchmarkTest02472,src/main/java/org/owasp/benchmark/testcode/BenchmarkTest02472.java,ldapi,90,True
BenchmarkTest02473,src/main/java/org/owasp/benchmark/testcode/BenchmarkTest02473.java,weakrand,330,True
BenchmarkTest02474,src/main/java/org/owasp/benchmark/testcode/BenchmarkTest02474.java,hash,328,True
BenchmarkTest02475,src/main/java/org/owasp/benchmark/testcode/BenchmarkTest02475.java,hash,328,True
BenchmarkTest02476,src/main/java/org/owasp/benchmark/testcode/BenchmarkTest02476.java,hash,328,True
BenchmarkTest02477,src/main/java/org/owasp/benchmark/testcode/BenchmarkTest02477.java,hash,328,False
BenchmarkTest02478,src/main/java/org/owasp/benchmark/testcode/BenchmarkTest02478.java,hash,328,True
BenchmarkTest02479,src/main/java/org/owasp/benchmark/testcode/BenchmarkTest02479.java,hash,328,False
BenchmarkTest02480,src/main/java/org/owasp/benchmark/testcode/BenchmarkTest02480.java,xss,79,True
BenchmarkTest02481,src/main/java/org/owasp/benchmark/testcode/BenchmarkTest02481.java,xss,79,False
BenchmarkTest02482,src/main/java/org/owasp/benchmark/testcode/BenchmarkTest02482.java,xss,79,False
BenchmarkTest02483,src/main/java/org/owasp/benchmark/testcode/BenchmarkTest02483.java,xss,79,True
BenchmarkTest02484,src/main/java/org/owasp/benchmark/testcode/BenchmarkTest02484.java,xss,79,False
BenchmarkTest02485,src/main/java/org/owasp/benchmark/testcode/BenchmarkTest02485.java,xss,79,False
BenchmarkTest02486,src/main/java/org/owasp/benchmark/testcode/BenchmarkTest02486.java,xss,79,True
BenchmarkTest02487,src/main/java/org/owasp/benchmark/testcode/BenchmarkTest02487.java,xss,79,True
BenchmarkTest02488,src/main/java/org/owasp/benchmark/testcode/BenchmarkTest02488.java,xss,79,False
BenchmarkTest02489,src/main/java/org/owasp/benchmark/testcode/BenchmarkTest02489.java,xss,79,True
BenchmarkTest02490,src/main/java/org/owasp/benchmark/testcode/BenchmarkTest02490.java,xss,79,False
BenchmarkTest02491,src/main/java/org/owasp/benchmark/testcode/BenchmarkTest02491.java,xss,79,False
BenchmarkTest02492,src/main/java/org/owasp/benchmark/testcode/BenchmarkTest02492.java,xss,79,False
BenchmarkTest02493,src/main/java/org/owasp/benchmark/testcode/BenchmarkTest02493.java,xss,79,True
BenchmarkTest02494,src/main/java/org/owasp/benchmark/testcode/BenchmarkTest02494.java,xss,79,True
BenchmarkTest02495,src/main/java/org/owasp/benchmark/testcode/BenchmarkTest02495.java,xss,79,False
BenchmarkTest02496,src/main/java/org/owasp/benchmark/testcode/BenchmarkTest02496.java,cmdi,78,True
BenchmarkTest02497,src/main/java/org/owasp/benchmark/testcode/BenchmarkTest02497.java,weakrand,330,True
BenchmarkTest02498,src/main/java/org/owasp/benchmark/testcode/BenchmarkTest02498.java,weakrand,330,True
BenchmarkTest02499,src/main/java/org/owasp/benchmark/testcode/BenchmarkTest02499.java,weakrand,330,True
BenchmarkTest02500,src/main/java/org/owasp/benchmark/testcode/BenchmarkTest02500.java,weakrand,330,True
BenchmarkTest02501,src/main/java/org/owasp/benchmark/testcode/BenchmarkTest02501.java,weakrand,330,True
BenchmarkTest02502,src/main/java/org/owasp/benchmark/testcode/BenchmarkTest02502.java,weakrand,330,True
BenchmarkTest02503,src/main/java/org/owasp/benchmark/testcode/BenchmarkTest02503.java,weakrand,330,True
BenchmarkTest02504,src/main/java/org/owasp/benchmark/testcode/BenchmarkTest02504.java,weakrand,330,True
BenchmarkTest02505,src/main/java/org/owasp/benchmark/testcode/BenchmarkTest02505.java,weakrand,330,True
BenchmarkTest02506,src/main/java/org/owasp/benchmark/testcode/BenchmarkTest02506.java,weakrand,330,True
BenchmarkTest02507,src/main/java/org/owasp/benchmark/testcode/BenchmarkTest02507.java,securecookie,614,True
BenchmarkTest02508,src/main/java/org/owasp/benchmark/testcode/BenchmarkTest02508.java,securecookie,614,False
BenchmarkTest02509,src/main/java/org/owasp/benchmark/testcode/BenchmarkTest02509.java,xss,79,False
BenchmarkTest02510,src/main/java/org/owasp/benchmark/testcode/BenchmarkTest02510.java,cmdi,78,False
BenchmarkTest02511,src/main/java/org/owasp/benchmark/testcode/BenchmarkTest02511.java,cmdi,78,True
BenchmarkTest02512,src/main/java/org/owasp/benchmark/testcode/BenchmarkTest02512.java,cmdi,78,True
BenchmarkTest02513,src/main/java/org/owasp/benchmark/testcode/BenchmarkTest02513.java,cmdi,78,False
BenchmarkTest02514,src/main/java/org/owasp/benchmark/testcode/BenchmarkTest02514.java,cmdi,78,True
BenchmarkTest02515,src/main/java/org/owasp/benchmark/testcode/BenchmarkTest02515.java,cmdi,78,True
BenchmarkTest02516,src/main/java/org/owasp/benchmark/testcode/BenchmarkTest02516.java,cmdi,78,True
BenchmarkTest02517,src/main/java/org/owasp/benchmark/testcode/BenchmarkTest02517.java,cmdi,78,True
BenchmarkTest02518,src/main/java/org/owasp/benchmark/testcode/BenchmarkTest02518.java,cmdi,78,False
BenchmarkTest02519,src/main/java/org/owasp/benchmark/testcode/BenchmarkTest02519.java,weakrand,330,False
BenchmarkTest02520,src/main/java/org/owasp/benchmark/testcode/BenchmarkTest02520.java,weakrand,330,False
BenchmarkTest02521,src/main/java/org/owasp/benchmark/testcode/BenchmarkTest02521.java,weakrand,330,False
BenchmarkTest02522,src/main/java/org/owasp/benchmark/testcode/BenchmarkTest02522.java,weakrand,330,False
BenchmarkTest02523,src/main/java/org/owasp/benchmark/testcode/BenchmarkTest02523.java,trustbound,501,False
BenchmarkTest02524,src/main/java/org/owasp/benchmark/testcode/BenchmarkTest02524.java,trustbound,501,True
BenchmarkTest02525,src/main/java/org/owasp/benchmark/testcode/BenchmarkTest02525.java,trustbound,501,True
BenchmarkTest02526,src/main/java/org/owasp/benchmark/testcode/BenchmarkTest02526.java,trustbound,501,True
BenchmarkTest02527,src/main/java/org/owasp/benchmark/testcode/BenchmarkTest02527.java,trustbound,501,True
BenchmarkTest02528,src/main/java/org/owasp/benchmark/testcode/BenchmarkTest02528.java,sqli,89,True
BenchmarkTest02529,src/main/java/org/owasp/benchmark/testcode/BenchmarkTest02529.java,sqli,89,False
BenchmarkTest02530,src/main/java/org/owasp/benchmark/testcode/BenchmarkTest02530.java,sqli,89,True
BenchmarkTest02531,src/main/java/org/owasp/benchmark/testcode/BenchmarkTest02531.java,sqli,89,True
BenchmarkTest02532,src/main/java/org/owasp/benchmark/testcode/BenchmarkTest02532.java,sqli,89,True
BenchmarkTest02533,src/main/java/org/owasp/benchmark/testcode/BenchmarkTest02533.java,sqli,89,True
BenchmarkTest02534,src/main/java/org/owasp/benchmark/testcode/BenchmarkTest02534.java,sqli,89,True
BenchmarkTest02535,src/main/java/org/owasp/benchmark/testcode/BenchmarkTest02535.java,sqli,89,True
BenchmarkTest02536,src/main/java/org/owasp/benchmark/testcode/BenchmarkTest02536.java,sqli,89,False
BenchmarkTest02537,src/main/java/org/owasp/benchmark/testcode/BenchmarkTest02537.java,sqli,89,True
BenchmarkTest02538,src/main/java/org/owasp/benchmark/testcode/BenchmarkTest02538.java,sqli,89,False
BenchmarkTest02539,src/main/java/org/owasp/benchmark/testcode/BenchmarkTest02539.java,sqli,89,False
BenchmarkTest02540,src/main/java/org/owasp/benchmark/testcode/BenchmarkTest02540.java,sqli,89,False
BenchmarkTest02541,src/main/java/org/owasp/benchmark/testcode/BenchmarkTest02541.java,sqli,89,False
BenchmarkTest02542,src/main/java/org/owasp/benchmark/testcode/BenchmarkTest02542.java,sqli,89,True
BenchmarkTest02543,src/main/java/org/owasp/benchmark/testcode/BenchmarkTest02543.java,sqli,89,True
BenchmarkTest02544,src/main/java/org/owasp/benchmark/testcode/BenchmarkTest02544.java,sqli,89,False
BenchmarkTest02545,src/main/java/org/owasp/benchmark/testcode/BenchmarkTest02545.java,sqli,89,True
BenchmarkTest02546,src/main/java/org/owasp/benchmark/testcode/BenchmarkTest02546.java,sqli,89,False
BenchmarkTest02547,src/main/java/org/owasp/benchmark/testcode/BenchmarkTest02547.java,crypto,327,False
BenchmarkTest02548,src/main/java/org/owasp/benchmark/testcode/BenchmarkTest02548.java,crypto,327,True
BenchmarkTest02549,src/main/java/org/owasp/benchmark/testcode/BenchmarkTest02549.java,crypto,327,True
BenchmarkTest02550,src/main/java/org/owasp/benchmark/testcode/BenchmarkTest02550.java,crypto,327,True
BenchmarkTest02551,src/main/java/org/owasp/benchmark/testcode/BenchmarkTest02551.java,crypto,327,False
BenchmarkTest02552,src/main/java/org/owasp/benchmark/testcode/BenchmarkTest02552.java,crypto,327,False
BenchmarkTest02553,src/main/java/org/owasp/benchmark/testcode/BenchmarkTest02553.java,ldapi,90,False
BenchmarkTest02554,src/main/java/org/owasp/benchmark/testcode/BenchmarkTest02554.java,pathtraver,22,False
BenchmarkTest02555,src/main/java/org/owasp/benchmark/testcode/BenchmarkTest02555.java,pathtraver,22,True
BenchmarkTest02556,src/main/java/org/owasp/benchmark/testcode/BenchmarkTest02556.java,pathtraver,22,True
BenchmarkTest02557,src/main/java/org/owasp/benchmark/testcode/BenchmarkTest02557.java,pathtraver,22,False
BenchmarkTest02558,src/main/java/org/owasp/benchmark/testcode/BenchmarkTest02558.java,pathtraver,22,False
BenchmarkTest02559,src/main/java/org/owasp/benchmark/testcode/BenchmarkTest02559.java,pathtraver,22,True
BenchmarkTest02560,src/main/java/org/owasp/benchmark/testcode/BenchmarkTest02560.java,pathtraver,22,True
BenchmarkTest02561,src/main/java/org/owasp/benchmark/testcode/BenchmarkTest02561.java,pathtraver,22,True
BenchmarkTest02562,src/main/java/org/owasp/benchmark/testcode/BenchmarkTest02562.java,pathtraver,22,True
BenchmarkTest02563,src/main/java/org/owasp/benchmark/testcode/BenchmarkTest02563.java,pathtraver,22,False
BenchmarkTest02564,src/main/java/org/owasp/benchmark/testcode/BenchmarkTest02564.java,pathtraver,22,True
BenchmarkTest02565,src/main/java/org/owasp/benchmark/testcode/BenchmarkTest02565.java,pathtraver,22,True
BenchmarkTest02566,src/main/java/org/owasp/benchmark/testcode/BenchmarkTest02566.java,pathtraver,22,False
BenchmarkTest02567,src/main/java/org/owasp/benchmark/testcode/BenchmarkTest02567.java,pathtraver,22,True
BenchmarkTest02568,src/main/java/org/owasp/benchmark/testcode/BenchmarkTest02568.java,pathtraver,22,False
BenchmarkTest02569,src/main/java/org/owasp/benchmark/testcode/BenchmarkTest02569.java,pathtraver,22,True
BenchmarkTest02570,src/main/java/org/owasp/benchmark/testcode/BenchmarkTest02570.java,pathtraver,22,False
BenchmarkTest02571,src/main/java/org/owasp/benchmark/testcode/BenchmarkTest02571.java,ldapi,90,False
BenchmarkTest02572,src/main/java/org/owasp/benchmark/testcode/BenchmarkTest02572.java,ldapi,90,False
BenchmarkTest02573,src/main/java/org/owasp/benchmark/testcode/BenchmarkTest02573.java,hash,328,True
BenchmarkTest02574,src/main/java/org/owasp/benchmark/testcode/BenchmarkTest02574.java,hash,328,True
BenchmarkTest02575,src/main/java/org/owasp/benchmark/testcode/BenchmarkTest02575.java,hash,328,True
BenchmarkTest02576,src/main/java/org/owasp/benchmark/testcode/BenchmarkTest02576.java,hash,328,False
BenchmarkTest02577,src/main/java/org/owasp/benchmark/testcode/BenchmarkTest02577.java,hash,328,True
BenchmarkTest02578,src/main/java/org/owasp/benchmark/testcode/BenchmarkTest02578.java,xss,79,True
BenchmarkTest02579,src/main/java/org/owasp/benchmark/testcode/BenchmarkTest02579.java,xss,79,True
BenchmarkTest02580,src/main/java/org/owasp/benchmark/testcode/BenchmarkTest02580.java,xss,79,True
BenchmarkTest02581,src/main/java/org/owasp/benchmark/testcode/BenchmarkTest02581.java,xss,79,False
BenchmarkTest02582,src/main/java/org/owasp/benchmark/testcode/BenchmarkTest02582.java,xss,79,True
BenchmarkTest02583,src/main/java/org/owasp/benchmark/testcode/BenchmarkTest02583.java,xss,79,True
BenchmarkTest02584,src/main/java/org/owasp/benchmark/testcode/BenchmarkTest02584.java,xss,79,True
BenchmarkTest02585,src/main/java/org/owasp/benchmark/testcode/BenchmarkTest02585.java,xss,79,True
BenchmarkTest02586,src/main/java/org/owasp/benchmark/testcode/BenchmarkTest02586.java,xss,79,True
BenchmarkTest02587,src/main/java/org/owasp/benchmark/testcode/BenchmarkTest02587.java,xss,79,True
BenchmarkTest02588,src/main/java/org/owasp/benchmark/testcode/BenchmarkTest02588.java,xss,79,True
BenchmarkTest02589,src/main/java/org/owasp/benchmark/testcode/BenchmarkTest02589.java,xss,79,False
BenchmarkTest02590,src/main/java/org/owasp/benchmark/testcode/BenchmarkTest02590.java,xss,79,False
BenchmarkTest02591,src/main/java/org/owasp/benchmark/testcode/BenchmarkTest02591.java,xss,79,True
BenchmarkTest02592,src/main/java/org/owasp/benchmark/testcode/BenchmarkTest02592.java,xss,79,True
BenchmarkTest02593,src/main/java/org/owasp/benchmark/testcode/BenchmarkTest02593.java,xss,79,False
BenchmarkTest02594,src/main/java/org/owasp/benchmark/testcode/BenchmarkTest02594.java,xss,79,False
BenchmarkTest02595,src/main/java/org/owasp/benchmark/testcode/BenchmarkTest02595.java,xss,79,True
BenchmarkTest02596,src/main/java/org/owasp/benchmark/testcode/BenchmarkTest02596.java,xss,79,False
BenchmarkTest02597,src/main/java/org/owasp/benchmark/testcode/BenchmarkTest02597.java,xss,79,True
BenchmarkTest02598,src/main/java/org/owasp/benchmark/testcode/BenchmarkTest02598.java,xss,79,True
BenchmarkTest02599,src/main/java/org/owasp/benchmark/testcode/BenchmarkTest02599.java,xss,79,False
BenchmarkTest02600,src/main/java/org/owasp/benchmark/testcode/BenchmarkTest02600.java,xss,79,True
BenchmarkTest02601,src/main/java/org/owasp/benchmark/testcode/BenchmarkTest02601.java,xss,79,False
BenchmarkTest02602,src/main/java/org/owasp/benchmark/testcode/BenchmarkTest02602.java,weakrand,330,True
BenchmarkTest02603,src/main/java/org/owasp/benchmark/testcode/BenchmarkTest02603.java,weakrand,330,True
BenchmarkTest02604,src/main/java/org/owasp/benchmark/testcode/BenchmarkTest02604.java,weakrand,330,True
BenchmarkTest02605,src/main/java/org/owasp/benchmark/testcode/BenchmarkTest02605.java,weakrand,330,True
BenchmarkTest02606,src/main/java/org/owasp/benchmark/testcode/BenchmarkTest02606.java,weakrand,330,True
BenchmarkTest02607,src/main/java/org/owasp/benchmark/testcode/BenchmarkTest02607.java,securecookie,614,False
BenchmarkTest02608,src/main/java/org/owasp/benchmark/testcode/BenchmarkTest02608.java,xss,79,True
BenchmarkTest02609,src/main/java/org/owasp/benchmark/testcode/BenchmarkTest02609.java,xss,79,False
BenchmarkTest02610,src/main/java/org/owasp/benchmark/testcode/BenchmarkTest02610.java,cmdi,78,False
BenchmarkTest02611,src/main/java/org/owasp/benchmark/testcode/BenchmarkTest02611.java,cmdi,78,True
BenchmarkTest02612,src/main/java/org/owasp/benchmark/testcode/BenchmarkTest02612.java,cmdi,78,True
BenchmarkTest02613,src/main/java/org/owasp/benchmark/testcode/BenchmarkTest02613.java,cmdi,78,True
BenchmarkTest02614,src/main/java/org/owasp/benchmark/testcode/BenchmarkTest02614.java,weakrand,330,False
BenchmarkTest02615,src/main/java/org/owasp/benchmark/testcode/BenchmarkTest02615.java,weakrand,330,False
BenchmarkTest02616,src/main/java/org/owasp/benchmark/testcode/BenchmarkTest02616.java,weakrand,330,False
BenchmarkTest02617,src/main/java/org/owasp/benchmark/testcode/BenchmarkTest02617.java,weakrand,330,False
BenchmarkTest02618,src/main/java/org/owasp/benchmark/testcode/BenchmarkTest02618.java,weakrand,330,False
BenchmarkTest02619,src/main/java/org/owasp/benchmark/testcode/BenchmarkTest02619.java,weakrand,330,False
BenchmarkTest02620,src/main/java/org/owasp/benchmark/testcode/BenchmarkTest02620.java,weakrand,330,False
BenchmarkTest02621,src/main/java/org/owasp/benchmark/testcode/BenchmarkTest02621.java,weakrand,330,False
BenchmarkTest02622,src/main/java/org/owasp/benchmark/testcode/BenchmarkTest02622.java,trustbound,501,True
BenchmarkTest02623,src/main/java/org/owasp/benchmark/testcode/BenchmarkTest02623.java,trustbound,501,True
BenchmarkTest02624,src/main/java/org/owasp/benchmark/testcode/BenchmarkTest02624.java,trustbound,501,True
BenchmarkTest02625,src/main/java/org/owasp/benchmark/testcode/BenchmarkTest02625.java,sqli,89,True
BenchmarkTest02626,src/main/java/org/owasp/benchmark/testcode/BenchmarkTest02626.java,sqli,89,False
BenchmarkTest02627,src/main/java/org/owasp/benchmark/testcode/BenchmarkTest02627.java,sqli,89,True
BenchmarkTest02628,src/main/java/org/owasp/benchmark/testcode/BenchmarkTest02628.java,sqli,89,True
BenchmarkTest02629,src/main/java/org/owasp/benchmark/testcode/BenchmarkTest02629.java,sqli,89,False
BenchmarkTest02630,src/main/java/org/owasp/benchmark/testcode/BenchmarkTest02630.java,sqli,89,True
BenchmarkTest02631,src/main/java/org/owasp/benchmark/testcode/BenchmarkTest02631.java,sqli,89,False
BenchmarkTest02632,src/main/java/org/owasp/benchmark/testcode/BenchmarkTest02632.java,sqli,89,True
BenchmarkTest02633,src/main/java/org/owasp/benchmark/testcode/BenchmarkTest02633.java,sqli,89,False
BenchmarkTest02634,src/main/java/org/owasp/benchmark/testcode/BenchmarkTest02634.java,sqli,89,False
BenchmarkTest02635,src/main/java/org/owasp/benchmark/testcode/BenchmarkTest02635.java,sqli,89,True
BenchmarkTest02636,src/main/java/org/owasp/benchmark/testcode/BenchmarkTest02636.java,sqli,89,False
BenchmarkTest02637,src/main/java/org/owasp/benchmark/testcode/BenchmarkTest02637.java,sqli,89,False
BenchmarkTest02638,src/main/java/org/owasp/benchmark/testcode/BenchmarkTest02638.java,sqli,89,True
BenchmarkTest02639,src/main/java/org/owasp/benchmark/testcode/BenchmarkTest02639.java,sqli,89,False
BenchmarkTest02640,src/main/java/org/owasp/benchmark/testcode/BenchmarkTest02640.java,sqli,89,False
BenchmarkTest02641,src/main/java/org/owasp/benchmark/testcode/BenchmarkTest02641.java,sqli,89,True
BenchmarkTest02642,src/main/java/org/owasp/benchmark/testcode/BenchmarkTest02642.java,sqli,89,True
BenchmarkTest02643,src/main/java/org/owasp/benchmark/testcode/BenchmarkTest02643.java,sqli,89,True
BenchmarkTest02644,src/main/java/org/owasp/benchmark/testcode/BenchmarkTest02644.java,sqli,89,True
BenchmarkTest02645,src/main/java/org/owasp/benchmark/testcode/BenchmarkTest02645.java,sqli,89,True
BenchmarkTest02646,src/main/java/org/owasp/benchmark/testcode/BenchmarkTest02646.java,sqli,89,True
BenchmarkTest02647,src/main/java/org/owasp/benchmark/testcode/BenchmarkTest02647.java,sqli,89,True
BenchmarkTest02648,src/main/java/org/owasp/benchmark/testcode/BenchmarkTest02648.java,sqli,89,False
BenchmarkTest02649,src/main/java/org/owasp/benchmark/testcode/BenchmarkTest02649.java,sqli,89,True
BenchmarkTest02650,src/main/java/org/owasp/benchmark/testcode/BenchmarkTest02650.java,sqli,89,True
BenchmarkTest02651,src/main/java/org/owasp/benchmark/testcode/BenchmarkTest02651.java,sqli,89,True
BenchmarkTest02652,src/main/java/org/owasp/benchmark/testcode/BenchmarkTest02652.java,sqli,89,False
BenchmarkTest02653,src/main/java/org/owasp/benchmark/testcode/BenchmarkTest02653.java,sqli,89,True
BenchmarkTest02654,src/main/java/org/owasp/benchmark/testcode/BenchmarkTest02654.java,sqli,89,True
BenchmarkTest02655,src/main/java/org/owasp/benchmark/testcode/BenchmarkTest02655.java,sqli,89,True
BenchmarkTest02656,src/main/java/org/owasp/benchmark/testcode/BenchmarkTest02656.java,sqli,89,True
BenchmarkTest02657,src/main/java/org/owasp/benchmark/testcode/BenchmarkTest02657.java,sqli,89,False
BenchmarkTest02658,src/main/java/org/owasp/benchmark/testcode/BenchmarkTest02658.java,crypto,327,True
BenchmarkTest02659,src/main/java/org/owasp/benchmark/testcode/BenchmarkTest02659.java,crypto,327,False
BenchmarkTest02660,src/main/java/org/owasp/benchmark/testcode/BenchmarkTest02660.java,crypto,327,True
BenchmarkTest02661,src/main/java/org/owasp/benchmark/testcode/BenchmarkTest02661.java,crypto,327,True
BenchmarkTest02662,src/main/java/org/owasp/benchmark/testcode/BenchmarkTest02662.java,crypto,327,False
BenchmarkTest02663,src/main/java/org/owasp/benchmark/testcode/BenchmarkTest02663.java,crypto,327,True
BenchmarkTest02664,src/main/java/org/owasp/benchmark/testcode/BenchmarkTest02664.java,pathtraver,22,False
BenchmarkTest02665,src/main/java/org/owasp/benchmark/testcode/BenchmarkTest02665.java,pathtraver,22,False
BenchmarkTest02666,src/main/java/org/owasp/benchmark/testcode/BenchmarkTest02666.java,pathtraver,22,False
BenchmarkTest02667,src/main/java/org/owasp/benchmark/testcode/BenchmarkTest02667.java,pathtraver,22,False
BenchmarkTest02668,src/main/java/org/owasp/benchmark/testcode/BenchmarkTest02668.java,pathtraver,22,False
BenchmarkTest02669,src/main/java/org/owasp/benchmark/testcode/BenchmarkTest02669.java,pathtraver,22,False
BenchmarkTest02670,src/main/java/org/owasp/benchmark/testcode/BenchmarkTest02670.java,hash,328,True
BenchmarkTest02671,src/main/java/org/owasp/benchmark/testcode/BenchmarkTest02671.java,hash,328,True
BenchmarkTest02672,src/main/java/org/owasp/benchmark/testcode/BenchmarkTest02672.java,hash,328,False
BenchmarkTest02673,src/main/java/org/owasp/benchmark/testcode/BenchmarkTest02673.java,hash,328,False
BenchmarkTest02674,src/main/java/org/owasp/benchmark/testcode/BenchmarkTest02674.java,hash,328,True
BenchmarkTest02675,src/main/java/org/owasp/benchmark/testcode/BenchmarkTest02675.java,hash,328,True
BenchmarkTest02676,src/main/java/org/owasp/benchmark/testcode/BenchmarkTest02676.java,hash,328,False
BenchmarkTest02677,src/main/java/org/owasp/benchmark/testcode/BenchmarkTest02677.java,hash,328,True
BenchmarkTest02678,src/main/java/org/owasp/benchmark/testcode/BenchmarkTest02678.java,hash,328,False
BenchmarkTest02679,src/main/java/org/owasp/benchmark/testcode/BenchmarkTest02679.java,xss,79,False
BenchmarkTest02680,src/main/java/org/owasp/benchmark/testcode/BenchmarkTest02680.java,xss,79,False
BenchmarkTest02681,src/main/java/org/owasp/benchmark/testcode/BenchmarkTest02681.java,xss,79,False
BenchmarkTest02682,src/main/java/org/owasp/benchmark/testcode/BenchmarkTest02682.java,xss,79,False
BenchmarkTest02683,src/main/java/org/owasp/benchmark/testcode/BenchmarkTest02683.java,xss,79,False
BenchmarkTest02684,src/main/java/org/owasp/benchmark/testcode/BenchmarkTest02684.java,xss,79,False
BenchmarkTest02685,src/main/java/org/owasp/benchmark/testcode/BenchmarkTest02685.java,xss,79,False
BenchmarkTest02686,src/main/java/org/owasp/benchmark/testcode/BenchmarkTest02686.java,xss,79,False
BenchmarkTest02687,src/main/java/org/owasp/benchmark/testcode/BenchmarkTest02687.java,xss,79,False
BenchmarkTest02688,src/main/java/org/owasp/benchmark/testcode/BenchmarkTest02688.java,xss,79,False
BenchmarkTest02689,src/main/java/org/owasp/benchmark/testcode/BenchmarkTest02689.java,xss,79,False
BenchmarkTest02690,src/main/java/org/owasp/benchmark/testcode/BenchmarkTest02690.java,xss,79,False
BenchmarkTest02691,src/main/java/org/owasp/benchmark/testcode/BenchmarkTest02691.java,xss,79,False
BenchmarkTest02692,src/main/java/org/owasp/benchmark/testcode/BenchmarkTest02692.java,xss,79,False
BenchmarkTest02693,src/main/java/org/owasp/benchmark/testcode/BenchmarkTest02693.java,xss,79,False
BenchmarkTest02694,src/main/java/org/owasp/benchmark/testcode/BenchmarkTest02694.java,xss,79,False
BenchmarkTest02695,src/main/java/org/owasp/benchmark/testcode/BenchmarkTest02695.java,xss,79,False
BenchmarkTest02696,src/main/java/org/owasp/benchmark/testcode/BenchmarkTest02696.java,xss,79,False
BenchmarkTest02697,src/main/java/org/owasp/benchmark/testcode/BenchmarkTest02697.java,cmdi,78,False
BenchmarkTest02698,src/main/java/org/owasp/benchmark/testcode/BenchmarkTest02698.java,cmdi,78,False
BenchmarkTest02699,src/main/java/org/owasp/benchmark/testcode/BenchmarkTest02699.java,cmdi,78,False
BenchmarkTest02700,src/main/java/org/owasp/benchmark/testcode/BenchmarkTest02700.java,weakrand,330,True
BenchmarkTest02701,src/main/java/org/owasp/benchmark/testcode/BenchmarkTest02701.java,weakrand,330,True
BenchmarkTest02702,src/main/java/org/owasp/benchmark/testcode/BenchmarkTest02702.java,weakrand,330,True
BenchmarkTest02703,src/main/java/org/owasp/benchmark/testcode/BenchmarkTest02703.java,weakrand,330,True
BenchmarkTest02704,src/main/java/org/owasp/benchmark/testcode/BenchmarkTest02704.java,weakrand,330,True
BenchmarkTest02705,src/main/java/org/owasp/benchmark/testcode/BenchmarkTest02705.java,weakrand,330,True
BenchmarkTest02706,src/main/java/org/owasp/benchmark/testcode/BenchmarkTest02706.java,weakrand,330,True
BenchmarkTest02707,src/main/java/org/owasp/benchmark/testcode/BenchmarkTest02707.java,weakrand,330,True
BenchmarkTest02708,src/main/java/org/owasp/benchmark/testcode/BenchmarkTest02708.java,weakrand,330,True
BenchmarkTest02709,src/main/java/org/owasp/benchmark/testcode/BenchmarkTest02709.java,securecookie,614,True
BenchmarkTest02710,src/main/java/org/owasp/benchmark/testcode/BenchmarkTest02710.java,securecookie,614,True
BenchmarkTest02711,src/main/java/org/owasp/benchmark/testcode/BenchmarkTest02711.java,securecookie,614,False
BenchmarkTest02712,src/main/java/org/owasp/benchmark/testcode/BenchmarkTest02712.java,xss,79,False
BenchmarkTest02713,src/main/java/org/owasp/benchmark/testcode/BenchmarkTest02713.java,cmdi,78,False
BenchmarkTest02714,src/main/java/org/owasp/benchmark/testcode/BenchmarkTest02714.java,cmdi,78,False
BenchmarkTest02715,src/main/java/org/owasp/benchmark/testcode/BenchmarkTest02715.java,weakrand,330,False
BenchmarkTest02716,src/main/java/org/owasp/benchmark/testcode/BenchmarkTest02716.java,weakrand,330,False
BenchmarkTest02717,src/main/java/org/owasp/benchmark/testcode/BenchmarkTest02717.java,weakrand,330,False
BenchmarkTest02718,src/main/java/org/owasp/benchmark/testcode/BenchmarkTest02718.java,weakrand,330,False
BenchmarkTest02719,src/main/java/org/owasp/benchmark/testcode/BenchmarkTest02719.java,weakrand,330,False
BenchmarkTest02720,src/main/java/org/owasp/benchmark/testcode/BenchmarkTest02720.java,weakrand,330,False
BenchmarkTest02721,src/main/java/org/owasp/benchmark/testcode/BenchmarkTest02721.java,weakrand,330,False
BenchmarkTest02722,src/main/java/org/owasp/benchmark/testcode/BenchmarkTest02722.java,trustbound,501,False
BenchmarkTest02723,src/main/java/org/owasp/benchmark/testcode/BenchmarkTest02723.java,trustbound,501,False
BenchmarkTest02724,src/main/java/org/owasp/benchmark/testcode/BenchmarkTest02724.java,trustbound,501,False
BenchmarkTest02725,src/main/java/org/owasp/benchmark/testcode/BenchmarkTest02725.java,trustbound,501,False
BenchmarkTest02726,src/main/java/org/owasp/benchmark/testcode/BenchmarkTest02726.java,trustbound,501,False
BenchmarkTest02727,src/main/java/org/owasp/benchmark/testcode/BenchmarkTest02727.java,sqli,89,False
BenchmarkTest02728,src/main/java/org/owasp/benchmark/testcode/BenchmarkTest02728.java,sqli,89,False
BenchmarkTest02729,src/main/java/org/owasp/benchmark/testcode/BenchmarkTest02729.java,sqli,89,False
BenchmarkTest02730,src/main/java/org/owasp/benchmark/testcode/BenchmarkTest02730.java,sqli,89,False
BenchmarkTest02731,src/main/java/org/owasp/benchmark/testcode/BenchmarkTest02731.java,sqli,89,False
BenchmarkTest02732,src/main/java/org/owasp/benchmark/testcode/BenchmarkTest02732.java,sqli,89,False
BenchmarkTest02733,src/main/java/org/owasp/benchmark/testcode/BenchmarkTest02733.java,sqli,89,False
BenchmarkTest02734,src/main/java/org/owasp/benchmark/testcode/BenchmarkTest02734.java,sqli,89,False
BenchmarkTest02735,src/main/java/org/owasp/benchmark/testcode/BenchmarkTest02735.java,sqli,89,False
BenchmarkTest02736,src/main/java/org/owasp/benchmark/testcode/BenchmarkTest02736.java,sqli,89,False
BenchmarkTest02737,src/main/java/org/owasp/benchmark/testcode/BenchmarkTest02737.java,sqli,89,False
BenchmarkTest02738,src/main/java/org/owasp/benchmark/testcode/BenchmarkTest02738.java,sqli,89,False
BenchmarkTest02739,src/main/java/org/owasp/benchmark/testcode/BenchmarkTest02739.java,sqli,89,False
BenchmarkTest02740,src/main/java/org/owasp/benchmark/testcode/BenchmarkTest02740.java,sqli,89,False
